{
"type": "FeatureCollection",
"name": "grilles_avec_points_EHCVM_2018",
"crs": { "type": "name", "properties": { "name": "urn:ogc:def:crs:OGC:1.3:CRS84" } },
"features": [
{ "type": "Feature", "properties": { "id": 106, "nb_points": 12 }, "geometry": { "type": "Polygon", "coordinates": [ [ [ -8.419259040447379, 6.496314801855123 ], [ -8.399090312453504, 6.49653092859534 ], [ -8.399306342249576, 6.51670380358756 ], [ -8.41947586760889, 6.51648700015222 ], [ -8.419259040447379, 6.496314801855123 ] ] ] } },
{ "type": "Feature", "properties": { "id": 110, "nb_points": 12 }, "geometry": { "type": "Polygon", "coordinates": [ [ [ -8.420130469927196, 6.57700345501919 ], [ -8.39995853732448, 6.577222288849733 ], [ -8.400177304695013, 6.597395070459612 ], [ -8.420350044762849, 6.597175559726834 ], [ -8.420130469927196, 6.57700345501919 ] ] ] } },
{ "type": "Feature", "properties": { "id": 406, "nb_points": 3 }, "geometry": { "type": "Polygon", "coordinates": [ [ [ -8.398020421664079, 6.395666207579451 ], [ -8.377854959258379, 6.39587816765874 ], [ -8.378066785217257, 6.416051831711028 ], [ -8.398233032506614, 6.4158391976839 ], [ -8.398020421664079, 6.395666207579451 ] ] ] } },
{ "type": "Feature", "properties": { "id": 710, "nb_points": 4 }, "geometry": { "type": "Polygon", "coordinates": [ [ [ -8.377643814170897, 6.375704480849803 ], [ -8.357478453386825, 6.375914985440927 ], [ -8.357688815981362, 6.396089343654995 ], [ -8.377854959258379, 6.39587816765874 ], [ -8.377643814170897, 6.375704480849803 ] ] ] } },
{ "type": "Feature", "properties": { "id": 711, "nb_points": 5 }, "geometry": { "type": "Polygon", "coordinates": [ [ [ -8.377854959258379, 6.39587816765874 ], [ -8.357688815981362, 6.396089343654995 ], [ -8.357899856925112, 6.41626367916259 ], [ -8.378066785217257, 6.416051831711028 ], [ -8.377854959258379, 6.39587816765874 ] ] ] } },
{ "type": "Feature", "properties": { "id": 726, "nb_points": 9 }, "geometry": { "type": "Polygon", "coordinates": [ [ [ -8.38110391455024, 6.698480698873118 ], [ -8.360925730947674, 6.698701952059368 ], [ -8.361146963091198, 6.718875938392245 ], [ -8.381325969599661, 6.718654012978353 ], [ -8.38110391455024, 6.698480698873118 ] ] ] } },
{ "type": "Feature", "properties": { "id": 1031, "nb_points": 3 }, "geometry": { "type": "Polygon", "coordinates": [ [ [ -8.360925730947674, 6.698701952059368 ], [ -8.34074686698556, 6.698922383618873 ], [ -8.340967276085673, 6.719097039683648 ], [ -8.361146963091198, 6.718875938392245 ], [ -8.360925730947674, 6.698701952059368 ] ] ] } },
{ "type": "Feature", "properties": { "id": 1068, "nb_points": 2 }, "geometry": { "type": "Polygon", "coordinates": [ [ [ -8.369565632119778, 7.445123006999384 ], [ -8.349354626278286, 7.445368254956544 ], [ -8.349600215078494, 7.465541983037171 ], [ -8.369812137936098, 7.465296063291826 ], [ -8.369565632119778, 7.445123006999384 ] ] ] } },
{ "type": "Feature", "properties": { "id": 1373, "nb_points": 10 }, "geometry": { "type": "Polygon", "coordinates": [ [ [ -8.349354626278286, 7.445368254956544 ], [ -8.329142937246566, 7.445612588661442 ], [ -8.32938760887742, 7.465786986026639 ], [ -8.349600215078494, 7.465541983037171 ], [ -8.349354626278286, 7.445368254956544 ] ] ] } },
{ "type": "Feature", "properties": { "id": 1644, "nb_points": 5 }, "geometry": { "type": "Polygon", "coordinates": [ [ [ -8.32122810939736, 6.759667892010946 ], [ -8.301045414761189, 6.759888674284133 ], [ -8.301266196487321, 6.780064591032368 ], [ -8.321449722035824, 6.779843143862842 ], [ -8.32122810939736, 6.759667892010946 ] ] ] } },
{ "type": "Feature", "properties": { "id": 1645, "nb_points": 7 }, "geometry": { "type": "Polygon", "coordinates": [ [ [ -8.321449722035824, 6.779843143862842 ], [ -8.301266196487321, 6.780064591032368 ], [ -8.301487651528607, 6.800240483874847 ], [ -8.321672010522251, 6.800018371756261 ], [ -8.321449722035824, 6.779843143862842 ] ] ] } },
{ "type": "Feature", "properties": { "id": 1937, "nb_points": 1 }, "geometry": { "type": "Polygon", "coordinates": [ [ [ -8.298448503083153, 6.517775834491638 ], [ -8.278274910454371, 6.517987842493125 ], [ -8.278486822295191, 6.538164702355272 ], [ -8.298661215613686, 6.537952032572685 ], [ -8.298448503083153, 6.517775834491638 ] ] ] } },
{ "type": "Feature", "properties": { "id": 2242, "nb_points": 11 }, "geometry": { "type": "Polygon", "coordinates": [ [ [ -8.278274910454371, 6.517987842493125 ], [ -8.258100648788599, 6.518199050795483 ], [ -8.258311759808054, 6.538376569943013 ], [ -8.278486822295191, 6.538164702355272 ], [ -8.278274910454371, 6.517987842493125 ] ] ] } },
{ "type": "Feature", "properties": { "id": 2569, "nb_points": 12 }, "geometry": { "type": "Polygon", "coordinates": [ [ [ -8.26289929105601, 6.962099061081438 ], [ -8.242706157161983, 6.962323930764336 ], [ -8.242931108651542, 6.982501586555207 ], [ -8.263125099232372, 6.982276058941257 ], [ -8.26289929105601, 6.962099061081438 ] ] ] } },
{ "type": "Feature", "properties": { "id": 2845, "nb_points": 1 }, "geometry": { "type": "Polygon", "coordinates": [ [ [ -8.236472134381991, 6.377161592355419 ], [ -8.216302079047757, 6.377366622207709 ], [ -8.21650696056277, 6.397545610436827 ], [ -8.236677799293844, 6.39733992663752 ], [ -8.236472134381991, 6.377161592355419 ] ] ] } },
{ "type": "Feature", "properties": { "id": 2898, "nb_points": 1 }, "geometry": { "type": "Polygon", "coordinates": [ [ [ -8.248289400223072, 7.446580777948435 ], [ -8.228074333498306, 7.446820538139378 ], [ -8.228314417003347, 7.466998244358476 ], [ -8.24853040165528, 7.466757827407337 ], [ -8.248289400223072, 7.446580777948435 ] ] ] } },
{ "type": "Feature", "properties": { "id": 3150, "nb_points": 11 }, "geometry": { "type": "Polygon", "coordinates": [ [ [ -8.216302079047757, 6.377366622207709 ], [ -8.196131363158909, 6.37757086944525 ], [ -8.19633546114985, 6.39775050912572 ], [ -8.21650696056277, 6.397545610436827 ], [ -8.216302079047757, 6.377366622207709 ] ] ] } },
{ "type": "Feature", "properties": { "id": 3176, "nb_points": 21 }, "geometry": { "type": "Polygon", "coordinates": [ [ [ -8.221844058266237, 6.902012866160143 ], [ -8.201652148664413, 6.902234067382507 ], [ -8.20187340114593, 6.922413104151786 ], [ -8.222066160096968, 6.922191250159423 ], [ -8.221844058266237, 6.902012866160143 ] ] ] } },
{ "type": "Feature", "properties": { "id": 3203, "nb_points": 2 }, "geometry": { "type": "Polygon", "coordinates": [ [ [ -8.228074333498306, 7.446820538139378 ], [ -8.207858598889613, 7.447059383180875 ], [ -8.208097764317609, 7.467237743654044 ], [ -8.228314417003347, 7.466998244358476 ], [ -8.228074333498306, 7.446820538139378 ] ] ] } },
{ "type": "Feature", "properties": { "id": 3481, "nb_points": 3 }, "geometry": { "type": "Polygon", "coordinates": [ [ [ -8.201652148664413, 6.902234067382507 ], [ -8.181459577600473, 6.902454420905716 ], [ -8.181679980595028, 6.922634107944001 ], [ -8.20187340114593, 6.922413104151786 ], [ -8.201652148664413, 6.902234067382507 ] ] ] } },
{ "type": "Feature", "properties": { "id": 3501, "nb_points": 12 }, "geometry": { "type": "Polygon", "coordinates": [ [ [ -8.206203061865914, 7.305810136925267 ], [ -8.18599301805745, 7.306043506019719 ], [ -8.186226628910036, 7.326222698090913 ], [ -8.206437573085511, 7.325988677643484 ], [ -8.206203061865914, 7.305810136925267 ] ] ] } },
{ "type": "Feature", "properties": { "id": 3508, "nb_points": 9 }, "geometry": { "type": "Polygon", "coordinates": [ [ [ -8.207858598889613, 7.447059383180875 ], [ -8.187642198949574, 7.447297312925332 ], [ -8.187880446151205, 7.467476325146037 ], [ -8.208097764317609, 7.467237743654044 ], [ -8.207858598889613, 7.447059383180875 ] ] ] } },
{ "type": "Feature", "properties": { "id": 3549, "nb_points": 1 }, "geometry": { "type": "Polygon", "coordinates": [ [ [ -8.218211715904152, 8.274350071029076 ], [ -8.197955568588474, 8.27461477089674 ], [ -8.198221122748874, 8.294792660899459 ], [ -8.218478293466402, 8.294527306813917 ], [ -8.218211715904152, 8.274350071029076 ] ] ] } },
{ "type": "Feature", "properties": { "id": 3803, "nb_points": 12 }, "geometry": { "type": "Polygon", "coordinates": [ [ [ -8.185296155413647, 7.245505777607399 ], [ -8.165088136099302, 7.245736302590373 ], [ -8.165318869274266, 7.265916219372422 ], [ -8.185527781454368, 7.265685045708 ], [ -8.185296155413647, 7.245505777607399 ] ] ] } },
{ "type": "Feature", "properties": { "id": 4076, "nb_points": 12 }, "geometry": { "type": "Polygon", "coordinates": [ [ [ -8.158051737686147, 6.599966068275647 ], [ -8.137870293297498, 6.600175053172456 ], [ -8.138079203288545, 6.620356384562845 ], [ -8.158261459402103, 6.620146755165492 ], [ -8.158051737686147, 6.599966068275647 ] ] ] } },
{ "type": "Feature", "properties": { "id": 4088, "nb_points": 12 }, "geometry": { "type": "Polygon", "coordinates": [ [ [ -8.160611625266158, 6.842132778688335 ], [ -8.14042027294272, 6.842349500920514 ], [ -8.140637015422426, 6.862530552510351 ], [ -8.160829209890405, 6.862313185168277 ], [ -8.160611625266158, 6.842132778688335 ] ] ] } },
{ "type": "Feature", "properties": { "id": 4095, "nb_points": 12 }, "geometry": { "type": "Polygon", "coordinates": [ [ [ -8.162148500772661, 6.983395121351821 ], [ -8.14195120011567, 6.983616360446774 ], [ -8.142172520473464, 7.003797244185419 ], [ -8.162370681053766, 7.00357535961459 ], [ -8.162148500772661, 6.983395121351821 ] ] ] } },
{ "type": "Feature", "properties": { "id": 4102, "nb_points": 12 }, "geometry": { "type": "Polygon", "coordinates": [ [ [ -8.163717566139329, 7.124656276229767 ], [ -8.143514192620554, 7.12488203477267 ], [ -8.143740097612428, 7.145062747246238 ], [ -8.163944348859005, 7.144836342853705 ], [ -8.163717566139329, 7.124656276229767 ] ] ] } },
{ "type": "Feature", "properties": { "id": 4108, "nb_points": 12 }, "geometry": { "type": "Polygon", "coordinates": [ [ [ -8.165088136099302, 7.245736302590373 ], [ -8.14487945801849, 7.245965937044698 ], [ -8.145109298183774, 7.266146500002943 ], [ -8.165318869274266, 7.265916219372422 ], [ -8.165088136099302, 7.245736302590373 ] ] ] } },
{ "type": "Feature", "properties": { "id": 4109, "nb_points": 4 }, "geometry": { "type": "Polygon", "coordinates": [ [ [ -8.165318869274266, 7.265916219372422 ], [ -8.145109298183774, 7.266146500002943 ], [ -8.145339794710635, 7.286327037798197 ], [ -8.165550261359689, 7.286096110936493 ], [ -8.165318869274266, 7.265916219372422 ] ] ] } },
{ "type": "Feature", "properties": { "id": 4158, "nb_points": 11 }, "geometry": { "type": "Polygon", "coordinates": [ [ [ -8.177434888103091, 8.254699881943635 ], [ -8.157178426056193, 8.254961895704879 ], [ -8.157441268837157, 8.27514111523714 ], [ -8.177698752040206, 8.274878452353876 ], [ -8.177434888103091, 8.254699881943635 ] ] ] } },
{ "type": "Feature", "properties": { "id": 4402, "nb_points": 12 }, "geometry": { "type": "Polygon", "coordinates": [ [ [ -8.142394495361977, 7.023978103666624 ], [ -8.122194817647506, 7.024199770644403 ], [ -8.122416582058658, 7.044381248876957 ], [ -8.142617124919507, 7.044158938820718 ], [ -8.142394495361977, 7.023978103666624 ] ] ] } },
{ "type": "Feature", "properties": { "id": 4414, "nb_points": 8 }, "geometry": { "type": "Polygon", "coordinates": [ [ [ -8.145109298183774, 7.266146500002943 ], [ -8.124899070731772, 7.266375887457302 ], [ -8.12512867155627, 7.286557068977878 ], [ -8.145339794710635, 7.286327037798197 ], [ -8.145109298183774, 7.266146500002943 ] ] ] } },
{ "type": "Feature", "properties": { "id": 4773, "nb_points": 12 }, "geometry": { "type": "Polygon", "coordinates": [ [ [ -8.138237024025683, 8.356121937439763 ], [ -8.117974103509553, 8.356385139667033 ], [ -8.118238199723239, 8.376565506613046 ], [ -8.13850215462657, 8.376301659983344 ], [ -8.138237024025683, 8.356121937439763 ] ] ] } },
{ "type": "Feature", "properties": { "id": 5291, "nb_points": 12 }, "geometry": { "type": "Polygon", "coordinates": [ [ [ -8.076299350225344, 6.499880554954914 ], [ -8.056119336836108, 6.500083124928088 ], [ -8.056321791294289, 6.520267121965261 ], [ -8.076502604263103, 6.520063917734677 ], [ -8.076299350225344, 6.499880554954914 ] ] ] } },
{ "type": "Feature", "properties": { "id": 5352, "nb_points": 3 }, "geometry": { "type": "Polygon", "coordinates": [ [ [ -8.089880680160517, 7.731022130871208 ], [ -8.06964724149932, 7.731263484690263 ], [ -8.069889056014899, 7.751445989566466 ], [ -8.090123449624294, 7.751203998253104 ], [ -8.089880680160517, 7.731022130871208 ] ] ] } },
{ "type": "Feature", "properties": { "id": 5353, "nb_points": 9 }, "geometry": { "type": "Polygon", "coordinates": [ [ [ -8.090123449624294, 7.751203998253104 ], [ -8.069889056014899, 7.751445989566466 ], [ -8.070131520206868, 7.771628467841833 ], [ -8.090366871328634, 7.771385838976225 ], [ -8.090123449624294, 7.751203998253104 ] ] ] } },
{ "type": "Feature", "properties": { "id": 5904, "nb_points": 12 }, "geometry": { "type": "Polygon", "coordinates": [ [ [ -8.036545562790266, 6.560838715585525 ], [ -8.016361862665672, 6.561041576140341 ], [ -8.016564626415107, 6.581226767103674 ], [ -8.036749133968689, 6.581023277147327 ], [ -8.036545562790266, 6.560838715585525 ] ] ] } },
{ "type": "Feature", "properties": { "id": 6209, "nb_points": 12 }, "geometry": { "type": "Polygon", "coordinates": [ [ [ -8.016361862665672, 6.561041576140341 ], [ -7.996177526139737, 6.561243630339225 ], [ -7.996379482334075, 6.581429448202754 ], [ -8.016564626415107, 6.581226767103674 ], [ -8.016361862665672, 6.561041576140341 ] ] ] } },
{ "type": "Feature", "properties": { "id": 6241, "nb_points": 12 }, "geometry": { "type": "Polygon", "coordinates": [ [ [ -8.023166662561703, 7.206956185759997 ], [ -8.002955224843074, 7.207178325475573 ], [ -8.003177533359636, 7.227363390848473 ], [ -8.023389859978113, 7.227140622611334 ], [ -8.023166662561703, 7.206956185759997 ] ] ] } },
{ "type": "Feature", "properties": { "id": 6256, "nb_points": 12 }, "geometry": { "type": "Polygon", "coordinates": [ [ [ -8.026581969793954, 7.509720113768042 ], [ -8.006356930500832, 7.50995168696566 ], [ -8.00658882724897, 7.530136375439548 ], [ -8.02681479376087, 7.529904172905777 ], [ -8.026581969793954, 7.509720113768042 ] ] ] } },
{ "type": "Feature", "properties": { "id": 6526, "nb_points": 11 }, "geometry": { "type": "Polygon", "coordinates": [ [ [ -7.998642871964004, 6.803471947770982 ], [ -7.978448042013847, 6.803680691478676 ], [ -7.978656776408452, 6.823866860374826 ], [ -7.998852444486554, 6.823657491681448 ], [ -7.998642871964004, 6.803471947770982 ] ] ] } },
{ "type": "Feature", "properties": { "id": 6527, "nb_points": 1 }, "geometry": { "type": "Polygon", "coordinates": [ [ [ -7.998852444486554, 6.823657491681448 ], [ -7.978656776408452, 6.823866860374826 ], [ -7.978866143795107, 6.844053006045551 ], [ -7.999062652541713, 6.84384301231656 ], [ -7.998852444486554, 6.823657491681448 ] ] ] } },
{ "type": "Feature", "properties": { "id": 6540, "nb_points": 12 }, "geometry": { "type": "Polygon", "coordinates": [ [ [ -8.001634768811456, 7.086067419493913 ], [ -7.981427973690566, 7.086284917600808 ], [ -7.981645581989238, 7.106470755113686 ], [ -8.001853250853237, 7.106252631308092 ], [ -8.001634768811456, 7.086067419493913 ] ] ] } },
{ "type": "Feature", "properties": { "id": 6970, "nb_points": 5 }, "geometry": { "type": "Polygon", "coordinates": [ [ [ -8.013596418398711, 9.609305472002747 ], [ -7.993259818026326, 9.609600448778485 ], [ -7.993556773604158, 9.629783364863023 ], [ -8.013894571072424, 9.629487757201256 ], [ -8.013596418398711, 9.609305472002747 ] ] ] } },
{ "type": "Feature", "properties": { "id": 6971, "nb_points": 2 }, "geometry": { "type": "Polygon", "coordinates": [ [ [ -8.013894571072424, 9.629487757201256 ], [ -7.993556773604158, 9.629783364863023 ], [ -7.9938543816768, 9.649966248303894 ], [ -8.014193378869097, 9.64967000968454 ], [ -8.013894571072424, 9.629487757201256 ] ] ] } },
{ "type": "Feature", "properties": { "id": 7179, "nb_points": 5 }, "geometry": { "type": "Polygon", "coordinates": [ [ [ -7.967763063667172, 7.67189885766934 ], [ -7.947528618471544, 7.672132633571491 ], [ -7.947762798178887, 7.692318989003951 ], [ -7.967998191525087, 7.692084590856947 ], [ -7.967763063667172, 7.67189885766934 ] ] ] } },
{ "type": "Feature", "properties": { "id": 7180, "nb_points": 1 }, "geometry": { "type": "Polygon", "coordinates": [ [ [ -7.967998191525087, 7.692084590856947 ], [ -7.947762798178887, 7.692318989003951 ], [ -7.947997611726647, 7.712505318382612 ], [ -7.968233955788358, 7.712270297934618 ], [ -7.967998191525087, 7.692084590856947 ] ] ] } },
{ "type": "Feature", "properties": { "id": 7461, "nb_points": 6 }, "geometry": { "type": "Polygon", "coordinates": [ [ [ -7.942317093349169, 7.207839424283102 ], [ -7.922103118575218, 7.208058016651838 ], [ -7.922321870110593, 7.22824557102664 ], [ -7.942536734336024, 7.228026360170869 ], [ -7.942317093349169, 7.207839424283102 ] ] ] } },
{ "type": "Feature", "properties": { "id": 7462, "nb_points": 6 }, "geometry": { "type": "Polygon", "coordinates": [ [ [ -7.942536734336024, 7.228026360170869 ], [ -7.922321870110593, 7.22824557102664 ], [ -7.922541249667875, 7.248433100965411 ], [ -7.942757005897153, 7.248213271570218 ], [ -7.942536734336024, 7.228026360170869 ] ] ] } },
{ "type": "Feature", "properties": { "id": 7484, "nb_points": 2 }, "geometry": { "type": "Polygon", "coordinates": [ [ [ -7.947528618471544, 7.672132633571491 ], [ -7.927293539582098, 7.67236546466721 ], [ -7.927526770992336, 7.692552439830371 ], [ -7.947762798178887, 7.692318989003951 ], [ -7.947528618471544, 7.672132633571491 ] ] ] } },
{ "type": "Feature", "properties": { "id": 7485, "nb_points": 4 }, "geometry": { "type": "Polygon", "coordinates": [ [ [ -7.947762798178887, 7.692318989003951 ], [ -7.927526770992336, 7.692552439830371 ], [ -7.927760633677644, 7.712739388995653 ], [ -7.947997611726647, 7.712505318382612 ], [ -7.947762798178887, 7.692318989003951 ] ] ] } },
{ "type": "Feature", "properties": { "id": 7726, "nb_points": 2 }, "geometry": { "type": "Polygon", "coordinates": [ [ [ -7.913866512870602, 6.400536584317424 ], [ -7.893685406534787, 6.400729691461048 ], [ -7.893878356945076, 6.420918781556235 ], [ -7.914060251187764, 6.420725060398246 ], [ -7.913866512870602, 6.400536584317424 ] ] ] } },
{ "type": "Feature", "properties": { "id": 7738, "nb_points": 1 }, "geometry": { "type": "Polygon", "coordinates": [ [ [ -7.916232509205805, 6.642796849024901 ], [ -7.896041780753741, 6.642997327419028 ], [ -7.896242183308159, 6.66318615298882 ], [ -7.916433730085986, 6.662985060016763 ], [ -7.916232509205805, 6.642796849024901 ] ] ] } },
{ "type": "Feature", "properties": { "id": 7757, "nb_points": 9 }, "geometry": { "type": "Polygon", "coordinates": [ [ [ -7.920162593346593, 7.026368938867943 ], [ -7.899955882194116, 7.026581102586996 ], [ -7.900168120990793, 7.04676948934319 ], [ -7.920375698780656, 7.046556710109497 ], [ -7.920162593346593, 7.026368938867943 ] ] ] } },
{ "type": "Feature", "properties": { "id": 7758, "nb_points": 3 }, "geometry": { "type": "Polygon", "coordinates": [ [ [ -7.920375698780656, 7.046556710109497 ], [ -7.900168120990793, 7.04676948934319 ], [ -7.900380984047143, 7.066957852325699 ], [ -7.920589431022324, 7.066744457526553 ], [ -7.920375698780656, 7.046556710109497 ] ] ] } },
{ "type": "Feature", "properties": { "id": 7816, "nb_points": 4 }, "geometry": { "type": "Polygon", "coordinates": [ [ [ -7.933812800551307, 8.217404470326276 ], [ -7.913550580250226, 8.217653041306187 ], [ -7.913799890738995, 8.237839909483883 ], [ -7.934063128968582, 8.237590719730049 ], [ -7.933812800551307, 8.217404470326276 ] ] ] } },
{ "type": "Feature", "properties": { "id": 8034, "nb_points": 6 }, "geometry": { "type": "Polygon", "coordinates": [ [ [ -7.894266118914083, 6.4612968966673 ], [ -7.874082020676728, 6.461491051411432 ], [ -7.874276036850423, 6.481680687942043 ], [ -7.89446093071394, 6.481485921547415 ], [ -7.894266118914083, 6.4612968966673 ] ] ] } },
{ "type": "Feature", "properties": { "id": 8035, "nb_points": 4 }, "geometry": { "type": "Polygon", "coordinates": [ [ [ -7.89446093071394, 6.481485921547415 ], [ -7.874276036850423, 6.481680687942043 ], [ -7.874470671195034, 6.50187030264494 ], [ -7.894656363218786, 6.501674924553415 ], [ -7.89446093071394, 6.481485921547415 ] ] ] } },
{ "type": "Feature", "properties": { "id": 8043, "nb_points": 11 }, "geometry": { "type": "Polygon", "coordinates": [ [ [ -7.896041780753741, 6.642997327419028 ], [ -7.875850430613116, 6.643196988700679 ], [ -7.876050014717019, 6.663386426343979 ], [ -7.896242183308159, 6.66318615298882 ], [ -7.896041780753741, 6.642997327419028 ] ] ] } },
{ "type": "Feature", "properties": { "id": 8097, "nb_points": 12 }, "geometry": { "type": "Polygon", "coordinates": [ [ [ -7.907756564738856, 7.733160050056067 ], [ -7.887517372692133, 7.733392835377409 ], [ -7.887750585936292, 7.753580964595113 ], [ -7.907990734271699, 7.753347564405662 ], [ -7.907756564738856, 7.733160050056067 ] ] ] } },
{ "type": "Feature", "properties": { "id": 8112, "nb_points": 1 }, "geometry": { "type": "Polygon", "coordinates": [ [ [ -7.911335235705889, 8.035969989232361 ], [ -7.891081429425801, 8.036212003517715 ], [ -7.891324056929075, 8.056399734301522 ], [ -7.911578858079434, 8.056157104293009 ], [ -7.911335235705889, 8.035969989232361 ] ] ] } },
{ "type": "Feature", "properties": { "id": 8113, "nb_points": 4 }, "geometry": { "type": "Polygon", "coordinates": [ [ [ -7.911578858079434, 8.056157104293009 ], [ -7.891324056929075, 8.056399734301522 ], [ -7.89156731325158, 8.076587437982786 ], [ -7.911823111849153, 8.076344192192883 ], [ -7.911578858079434, 8.056157104293009 ] ] ] } },
{ "type": "Feature", "properties": { "id": 8119, "nb_points": 3 }, "geometry": { "type": "Polygon", "coordinates": [ [ [ -7.913053857016507, 8.177279221912208 ], [ -7.892793032507138, 8.177525547487928 ], [ -7.893040064963559, 8.197713087136147 ], [ -7.913301902394764, 8.197466145426409 ], [ -7.913053857016507, 8.177279221912208 ] ] ] } },
{ "type": "Feature", "properties": { "id": 8190, "nb_points": 5 }, "geometry": { "type": "Polygon", "coordinates": [ [ [ -7.932246113580899, 9.610478255894243 ], [ -7.911906919750614, 9.610768483255022 ], [ -7.912199085071798, 9.630953897501351 ], [ -7.932539476745729, 9.630663049408279 ], [ -7.932246113580899, 9.610478255894243 ] ] ] } },
{ "type": "Feature", "properties": { "id": 8423, "nb_points": 1 }, "geometry": { "type": "Polygon", "coordinates": [ [ [ -7.892546629791597, 8.157337980332096 ], [ -7.872286186037243, 8.157582684165765 ], [ -7.872531578256965, 8.177770864875644 ], [ -7.892793032507138, 8.177525547487928 ], [ -7.892546629791597, 8.157337980332096 ] ] ] } },
{ "type": "Feature", "properties": { "id": 8667, "nb_points": 12 }, "geometry": { "type": "Polygon", "coordinates": [ [ [ -7.85849734728611, 6.926054431674936 ], [ -7.838293068341774, 6.926260961616203 ], [ -7.838499625320442, 6.946451296967739 ], [ -7.858704758559957, 6.946244159286238 ], [ -7.85849734728611, 6.926054431674936 ] ] ] } },
{ "type": "Feature", "properties": { "id": 8703, "nb_points": 12 }, "geometry": { "type": "Polygon", "coordinates": [ [ [ -7.866354764187352, 7.652869442646958 ], [ -7.846118122485403, 7.6530978834662 ], [ -7.846346938387625, 7.673287338112047 ], [ -7.86658452640057, 7.673058287677476 ], [ -7.866354764187352, 7.652869442646958 ] ] ] } },
{ "type": "Feature", "properties": { "id": 8723, "nb_points": 2 }, "geometry": { "type": "Polygon", "coordinates": [ [ [ -7.871068626959557, 8.05664137124338 ], [ -7.850812570748235, 8.056882014968826 ], [ -7.851053831719193, 8.077070942653567 ], [ -7.871310885682271, 8.076829688186397 ], [ -7.871068626959557, 8.05664137124338 ] ] ] } },
{ "type": "Feature", "properties": { "id": 8728, "nb_points": 4 }, "geometry": { "type": "Polygon", "coordinates": [ [ [ -7.872286186037243, 8.157582684165765 ], [ -7.852025115277169, 8.15782638218054 ], [ -7.852269496847049, 8.178015173923262 ], [ -7.872531578256965, 8.177770864875644 ], [ -7.872286186037243, 8.157582684165765 ] ] ] } },
{ "type": "Feature", "properties": { "id": 8731, "nb_points": 10 }, "geometry": { "type": "Polygon", "coordinates": [ [ [ -7.873024244330266, 8.21814714388197 ], [ -7.852760133875606, 8.218392675171476 ], [ -7.853006389642304, 8.238581384542583 ], [ -7.873271518493116, 8.238335242043723 ], [ -7.873024244330266, 8.21814714388197 ] ] ] } },
{ "type": "Feature", "properties": { "id": 8732, "nb_points": 2 }, "geometry": { "type": "Polygon", "coordinates": [ [ [ -7.873271518493116, 8.238335242043723 ], [ -7.853006389642304, 8.238581384542583 ], [ -7.85325327044998, 8.2587700663221 ], [ -7.873519420280305, 8.258523312554747 ], [ -7.873271518493116, 8.238335242043723 ] ] ] } },
{ "type": "Feature", "properties": { "id": 9030, "nb_points": 5 }, "geometry": { "type": "Polygon", "coordinates": [ [ [ -7.851295716505605, 8.097259843284315 ], [ -7.831037038245254, 8.097500710144493 ], [ -7.831278543937576, 8.117690191990873 ], [ -7.851538225259226, 8.117448716793865 ], [ -7.851295716505605, 8.097259843284315 ] ] ] } },
{ "type": "Feature", "properties": { "id": 9284, "nb_points": 3 }, "geometry": { "type": "Polygon", "coordinates": [ [ [ -7.819540977713271, 7.067802732748567 ], [ -7.799329434268829, 7.068011777508025 ], [ -7.79953856106184, 7.088203157095043 ], [ -7.819750976900579, 7.087993509265807 ], [ -7.819540977713271, 7.067802732748567 ] ] ] } },
{ "type": "Feature", "properties": { "id": 9381, "nb_points": 12 }, "geometry": { "type": "Polygon", "coordinates": [ [ [ -7.842791966945351, 9.026187777744793 ], [ -7.822483839072575, 9.026455575652122 ], [ -7.822752976504956, 9.046644348777141 ], [ -7.843062226957678, 9.046375942239687 ], [ -7.842791966945351, 9.026187777744793 ] ] ] } },
{ "type": "Feature", "properties": { "id": 9392, "nb_points": 4 }, "geometry": { "type": "Polygon", "coordinates": [ [ [ -7.845799447984508, 9.24825591451086 ], [ -7.825478828028596, 9.248530410938798 ], [ -7.825754864688776, 9.26871884877785 ], [ -7.846076635980894, 9.268443742998533 ], [ -7.845799447984508, 9.24825591451086 ] ] ] } },
{ "type": "Feature", "properties": { "id": 9428, "nb_points": 6 }, "geometry": { "type": "Polygon", "coordinates": [ [ [ -7.856176936262045, 9.974997765905147 ], [ -7.835813213356428, 9.975294241989882 ], [ -7.83611197990515, 9.99548152610719 ], [ -7.856476948875197, 9.995184438178761 ], [ -7.856176936262045, 9.974997765905147 ] ] ] } },
{ "type": "Feature", "properties": { "id": 9591, "nb_points": 1 }, "geometry": { "type": "Polygon", "coordinates": [ [ [ -7.799748299629485, 7.108394513025292 ], [ -7.779534396939989, 7.108603888555469 ], [ -7.779743869785055, 7.128795821421143 ], [ -7.799958650102664, 7.128585845231723 ], [ -7.799748299629485, 7.108394513025292 ] ] ] } },
{ "type": "Feature", "properties": { "id": 9593, "nb_points": 1 }, "geometry": { "type": "Polygon", "coordinates": [ [ [ -7.800169612612666, 7.148777153647291 ], [ -7.779953952114484, 7.148987730546141 ], [ -7.780164644059417, 7.169179615863565 ], [ -7.800381187291181, 7.168968438204947 ], [ -7.800169612612666, 7.148777153647291 ] ] ] } },
{ "type": "Feature", "properties": { "id": 9697, "nb_points": 8 }, "geometry": { "type": "Polygon", "coordinates": [ [ [ -7.825478828028596, 9.248530410938798 ], [ -7.80515758000621, 9.248803764534401 ], [ -7.8054324651557, 9.268992809188781 ], [ -7.825754864688776, 9.26871884877785 ], [ -7.825478828028596, 9.248530410938798 ] ] ] } },
{ "type": "Feature", "properties": { "id": 9730, "nb_points": 12 }, "geometry": { "type": "Polygon", "coordinates": [ [ [ -7.834920720643065, 9.9147321906201 ], [ -7.814560086018369, 9.915025604936712 ], [ -7.814855710968274, 9.935213597579262 ], [ -7.835217583914547, 9.934919574179737 ], [ -7.834920720643065, 9.9147321906201 ] ] ] } },
{ "type": "Feature", "properties": { "id": 9733, "nb_points": 3 }, "geometry": { "type": "Polygon", "coordinates": [ [ [ -7.835813213356428, 9.975294241989882 ], [ -7.815448855835899, 9.975589483769516 ], [ -7.815746376130388, 9.99577737718432 ], [ -7.83611197990515, 9.99548152610719 ], [ -7.835813213356428, 9.975294241989882 ] ] ] } },
{ "type": "Feature", "properties": { "id": 9734, "nb_points": 3 }, "geometry": { "type": "Polygon", "coordinates": [ [ [ -7.83611197990515, 9.99548152610719 ], [ -7.815746376130388, 9.99577737718432 ], [ -7.816044528583892, 10.015965237390317 ], [ -7.836411381258658, 10.015668776943846 ], [ -7.83611197990515, 9.99548152610719 ] ] ] } },
{ "type": "Feature", "properties": { "id": 9744, "nb_points": 12 }, "geometry": { "type": "Polygon", "coordinates": [ [ [ -7.839134591187323, 10.19735252585747 ], [ -7.818756379223554, 10.197654473886939 ], [ -7.819060863758379, 10.217841998351362 ], [ -7.839440351123037, 10.217539440225456 ], [ -7.839134591187323, 10.19735252585747 ] ] ] } },
{ "type": "Feature", "properties": { "id": 9852, "nb_points": 8 }, "geometry": { "type": "Polygon", "coordinates": [ [ [ -7.77091906044174, 6.220136355196969 ], [ -7.75074065037069, 6.220318583920591 ], [ -7.750922663846526, 6.240512091199387 ], [ -7.771101839860934, 6.240329266381723 ], [ -7.77091906044174, 6.220136355196969 ] ] ] } },
{ "type": "Feature", "properties": { "id": 9853, "nb_points": 3 }, "geometry": { "type": "Polygon", "coordinates": [ [ [ -7.771101839860934, 6.240329266381723 ], [ -7.750922663846526, 6.240512091199387 ], [ -7.75110527889291, 6.260705577727268 ], [ -7.771285223381368, 6.260522156772026 ], [ -7.771101839860934, 6.240329266381723 ] ] ] } },
{ "type": "Feature", "properties": { "id": 9873, "nb_points": 12 }, "geometry": { "type": "Polygon", "coordinates": [ [ [ -7.774884443426053, 6.644183034124339 ], [ -7.754689416466292, 6.644377790159606 ], [ -7.754884087275424, 6.664570847629657 ], [ -7.77507993342368, 6.664375494555434 ], [ -7.774884443426053, 6.644183034124339 ] ] ] } },
{ "type": "Feature", "properties": { "id": 9886, "nb_points": 12 }, "geometry": { "type": "Polygon", "coordinates": [ [ [ -7.77747316155821, 6.906683268880993 ], [ -7.757267286814326, 6.906885790099686 ], [ -7.75746981968266, 6.927078554348385 ], [ -7.777676546686187, 6.926875435473454 ], [ -7.77747316155821, 6.906683268880993 ] ] ] } },
{ "type": "Feature", "properties": { "id": 9898, "nb_points": 7 }, "geometry": { "type": "Polygon", "coordinates": [ [ [ -7.779953952114484, 7.148987730546141 ], [ -7.759737682000858, 7.14919742687386 ], [ -7.759947491080672, 7.169389910439384 ], [ -7.780164644059417, 7.169179615863565 ], [ -7.779953952114484, 7.148987730546141 ] ] ] } },
{ "type": "Feature", "properties": { "id": 9903, "nb_points": 12 }, "geometry": { "type": "Polygon", "coordinates": [ [ [ -7.781013510630978, 7.249946917719708 ], [ -7.760792800646916, 7.250159605792203 ], [ -7.76100564701014, 7.270351969569389 ], [ -7.781227252634465, 7.270138682995915 ], [ -7.781013510630978, 7.249946917719708 ] ] ] } },
{ "type": "Feature", "properties": { "id": 9908, "nb_points": 12 }, "geometry": { "type": "Polygon", "coordinates": [ [ [ -7.782088326096288, 7.350905501343059 ], [ -7.761863112338649, 7.351121182432125 ], [ -7.762078999309439, 7.371313424752686 ], [ -7.782305121496236, 7.371097144906058 ], [ -7.782088326096288, 7.350905501343059 ] ] ] } },
{ "type": "Feature", "properties": { "id": 9983, "nb_points": 12 }, "geometry": { "type": "Polygon", "coordinates": [ [ [ -7.800053401763359, 8.865206149860215 ], [ -7.779752913571522, 8.865466891481807 ], [ -7.780014842388308, 8.885657112019082 ], [ -7.800316432631859, 8.885395767342594 ], [ -7.800053401763359, 8.865206149860215 ] ] ] } },
{ "type": "Feature", "properties": { "id": 10225, "nb_points": 5 }, "geometry": { "type": "Polygon", "coordinates": [ [ [ -7.764493948590319, 7.593426459165007 ], [ -7.744257054600327, 7.593648392779067 ], [ -7.744479313567551, 7.613840933671053 ], [ -7.764717146877037, 7.613618403185247 ], [ -7.764493948590319, 7.593426459165007 ] ] ] } },
{ "type": "Feature", "properties": { "id": 10461, "nb_points": 1 }, "geometry": { "type": "Polygon", "coordinates": [ [ [ -7.73038099034977, 6.200305925774187 ], [ -7.710202143532801, 6.200486032622456 ], [ -7.710382028387141, 6.220680745177169 ], [ -7.730561638842293, 6.220500047284655 ], [ -7.73038099034977, 6.200305925774187 ] ] ] } },
{ "type": "Feature", "properties": { "id": 10529, "nb_points": 6 }, "geometry": { "type": "Polygon", "coordinates": [ [ [ -7.744035403102181, 7.573455826715082 ], [ -7.723798838535296, 7.573676229875509 ], [ -7.724019553141321, 7.593869390241176 ], [ -7.744257054600327, 7.593648392779067 ], [ -7.744035403102181, 7.573455826715082 ] ] ] } },
{ "type": "Feature", "properties": { "id": 10530, "nb_points": 1 }, "geometry": { "type": "Polygon", "coordinates": [ [ [ -7.744257054600327, 7.593648392779067 ], [ -7.724019553141321, 7.593869390241176 ], [ -7.724240872649942, 7.614062525487797 ], [ -7.744479313567551, 7.613840933671053 ], [ -7.744257054600327, 7.593648392779067 ] ] ] } },
{ "type": "Feature", "properties": { "id": 10561, "nb_points": 4 }, "geometry": { "type": "Polygon", "coordinates": [ [ [ -7.751430259977005, 8.219605125563509 ], [ -7.73116243895992, 8.219844573377998 ], [ -7.731402581124522, 8.240036897023399 ], [ -7.751671421456097, 8.239796853139136 ], [ -7.751430259977005, 8.219605125563509 ] ] ] } },
{ "type": "Feature", "properties": { "id": 10563, "nb_points": 2 }, "geometry": { "type": "Polygon", "coordinates": [ [ [ -7.751913195053243, 8.259988553415303 ], [ -7.731643332821379, 8.260229193427051 ], [ -7.731884694201746, 8.28042146252267 ], [ -7.752155580920328, 8.280180226325585 ], [ -7.751913195053243, 8.259988553415303 ] ] ] } },
{ "type": "Feature", "properties": { "id": 10765, "nb_points": 3 }, "geometry": { "type": "Polygon", "coordinates": [ [ [ -7.710022854962471, 6.180291299536543 ], [ -7.689844173080655, 6.180470054807718 ], [ -7.690022700431885, 6.200665376391407 ], [ -7.710202143532801, 6.200486032622456 ], [ -7.710022854962471, 6.180291299536543 ] ] ] } },
{ "type": "Feature", "properties": { "id": 10766, "nb_points": 5 }, "geometry": { "type": "Polygon", "coordinates": [ [ [ -7.710202143532801, 6.200486032622456 ], [ -7.690022700431885, 6.200665376391407 ], [ -7.690201821536225, 6.220860677486606 ], [ -7.710382028387141, 6.220680745177169 ], [ -7.710202143532801, 6.200486032622456 ] ] ] } },
{ "type": "Feature", "properties": { "id": 10788, "nb_points": 12 }, "geometry": { "type": "Polygon", "coordinates": [ [ [ -7.714297553345102, 6.644764848215265 ], [ -7.694100722265598, 6.644957149996546 ], [ -7.694292934783807, 6.665151983539506 ], [ -7.714490585414025, 6.664959092241623 ], [ -7.714297553345102, 6.644764848215265 ] ] ] } },
{ "type": "Feature", "properties": { "id": 10867, "nb_points": 5 }, "geometry": { "type": "Polygon", "coordinates": [ [ [ -7.731402581124522, 8.240036897023399 ], [ -7.711133131260758, 8.24027592394704 ], [ -7.711372860906072, 8.26046881395334 ], [ -7.731643332821379, 8.260229193427051 ], [ -7.731402581124522, 8.240036897023399 ] ] ] } },
{ "type": "Feature", "properties": { "id": 10869, "nb_points": 1 }, "geometry": { "type": "Polygon", "coordinates": [ [ [ -7.731884694201746, 8.28042146252267 ], [ -7.711613197648065, 8.280661676709222 ], [ -7.711854141637757, 8.300854512148568 ], [ -7.732126665417282, 8.300613704243984 ], [ -7.731884694201746, 8.28042146252267 ] ] ] } },
{ "type": "Feature", "properties": { "id": 10967, "nb_points": 12 }, "geometry": { "type": "Polygon", "coordinates": [ [ [ -7.758521800124122, 10.25912065924911 ], [ -7.738137231312167, 10.259419355984745 ], [ -7.738438483821126, 10.279609194190765 ], [ -7.758824336775142, 10.279309897342863 ], [ -7.758521800124122, 10.25912065924911 ] ] ] } },
{ "type": "Feature", "properties": { "id": 11070, "nb_points": 3 }, "geometry": { "type": "Polygon", "coordinates": [ [ [ -7.689844173080655, 6.180470054807718 ], [ -7.669664897556765, 6.180648049392828 ], [ -7.669842663577919, 6.200843956970341 ], [ -7.690022700431885, 6.200665376391407 ], [ -7.689844173080655, 6.180470054807718 ] ] ] } },
{ "type": "Feature", "properties": { "id": 11110, "nb_points": 12 }, "geometry": { "type": "Polygon", "coordinates": [ [ [ -7.697449529496733, 6.988266280920112 ], [ -7.677237821612898, 6.988467749853324 ], [ -7.677439326745636, 7.008662787905997 ], [ -7.697651897590726, 7.00846073116552 ], [ -7.697449529496733, 6.988266280920112 ] ] ] } },
{ "type": "Feature", "properties": { "id": 11459, "nb_points": 12 }, "geometry": { "type": "Polygon", "coordinates": [ [ [ -7.6866695425214, 7.877026699483356 ], [ -7.666416841918552, 7.877253107710917 ], [ -7.666643717574686, 7.897447654531348 ], [ -7.686897394058766, 7.897220658755242 ], [ -7.6866695425214, 7.877026699483356 ] ] ] } },
{ "type": "Feature", "properties": { "id": 11462, "nb_points": 12 }, "geometry": { "type": "Polygon", "coordinates": [ [ [ -7.687354902887489, 7.937608499218539 ], [ -7.667099266910797, 7.937836670255348 ], [ -7.667327940876482, 7.958031139027129 ], [ -7.687584560465763, 7.957802380277869 ], [ -7.687354902887489, 7.937608499218539 ] ] ] } },
{ "type": "Feature", "properties": { "id": 11478, "nb_points": 7 }, "geometry": { "type": "Polygon", "coordinates": [ [ [ -7.691101781894154, 8.260707414845484 ], [ -7.670830098372854, 8.260944995955429 ], [ -7.671068385385657, 8.281139038455104 ], [ -7.691341093846747, 8.280900868736177 ], [ -7.691101781894154, 8.260707414845484 ] ] ] } },
{ "type": "Feature", "properties": { "id": 11479, "nb_points": 17 }, "geometry": { "type": "Polygon", "coordinates": [ [ [ -7.691341093846747, 8.280900868736177 ], [ -7.671068385385657, 8.281139038455104 ], [ -7.671307274470034, 8.301333053753053 ], [ -7.691581010459176, 8.301094295367859 ], [ -7.691341093846747, 8.280900868736177 ] ] ] } },
{ "type": "Feature", "properties": { "id": 11508, "nb_points": 3 }, "geometry": { "type": "Polygon", "coordinates": [ [ [ -7.698544790656923, 8.866498906129721 ], [ -7.678241230423186, 8.866754171030191 ], [ -7.678497646517449, 8.886947368857362 ], [ -7.698802309621938, 8.886691513564795 ], [ -7.698544790656923, 8.866498906129721 ] ] ] } },
{ "type": "Feature", "properties": { "id": 11796, "nb_points": 1 }, "geometry": { "type": "Polygon", "coordinates": [ [ [ -7.673974834350095, 8.523465407892227 ], [ -7.653689020644601, 8.5237095926403 ], [ -7.653934087621362, 8.543903863219811 ], [ -7.67422096011901, 8.543659091635874 ], [ -7.673974834350095, 8.523465407892227 ] ] ] } },
{ "type": "Feature", "properties": { "id": 11856, "nb_points": 5 }, "geometry": { "type": "Polygon", "coordinates": [ [ [ -7.689817068823976, 9.735034521989688 ], [ -7.669463107496188, 9.735314026348069 ], [ -7.669744549441718, 9.755506500989656 ], [ -7.690099726606014, 9.755226405993552 ], [ -7.689817068823976, 9.735034521989688 ] ] ] } },
{ "type": "Feature", "properties": { "id": 11857, "nb_points": 7 }, "geometry": { "type": "Polygon", "coordinates": [ [ [ -7.690099726606014, 9.755226405993552 ], [ -7.669744549441718, 9.755506500989656 ], [ -7.670026602838433, 9.775698943701677 ], [ -7.690382998478743, 9.775418257999901 ], [ -7.690099726606014, 9.755226405993552 ] ] ] } },
{ "type": "Feature", "properties": { "id": 11872, "nb_points": 12 }, "geometry": { "type": "Polygon", "coordinates": [ [ [ -7.69441338564824, 10.058100789645549 ], [ -7.674039653767179, 10.058389752447367 ], [ -7.674330900645175, 10.078581708369807 ], [ -7.694705890686986, 10.0782921538247 ], [ -7.69441338564824, 10.058100789645549 ] ] ] } },
{ "type": "Feature", "properties": { "id": 12020, "nb_points": 12 }, "geometry": { "type": "Polygon", "coordinates": [ [ [ -7.635822585145059, 6.887886730910187 ], [ -7.61561337584914, 6.888082715489869 ], [ -7.615809351712158, 6.908279615665458 ], [ -7.636019411591126, 6.908083051051615 ], [ -7.635822585145059, 6.887886730910187 ] ] ] } },
{ "type": "Feature", "properties": { "id": 12102, "nb_points": 5 }, "geometry": { "type": "Polygon", "coordinates": [ [ [ -7.653934087621362, 8.543903863219811 ], [ -7.633646613666238, 8.544147579333082 ], [ -7.633891220556665, 8.564342406279163 ], [ -7.654179756055662, 8.564098105801074 ], [ -7.653934087621362, 8.543903863219811 ] ] ] } },
{ "type": "Feature", "properties": { "id": 12103, "nb_points": 1 }, "geometry": { "type": "Polygon", "coordinates": [ [ [ -7.654179756055662, 8.564098105801074 ], [ -7.633891220556665, 8.564342406279163 ], [ -7.6341364264612, 8.58453720522022 ], [ -7.654426026102175, 8.584292320318449 ], [ -7.654179756055662, 8.564098105801074 ] ] ] } },
{ "type": "Feature", "properties": { "id": 12104, "nb_points": 5 }, "geometry": { "type": "Polygon", "coordinates": [ [ [ -7.654426026102175, 8.584292320318449 ], [ -7.6341364264612, 8.58453720522022 ], [ -7.634382231534254, 8.604731976090765 ], [ -7.654672897915971, 8.604486506706305 ], [ -7.654426026102175, 8.584292320318449 ] ] ] } },
{ "type": "Feature", "properties": { "id": 12172, "nb_points": 10 }, "geometry": { "type": "Polygon", "coordinates": [ [ [ -7.672592628385653, 9.957429480489333 ], [ -7.652224534297778, 9.957714252417045 ], [ -7.652511467024008, 9.977906961081525 ], [ -7.672880806208174, 9.97762160030921 ], [ -7.672592628385653, 9.957429480489333 ] ] ] } },
{ "type": "Feature", "properties": { "id": 12351, "nb_points": 8 }, "geometry": { "type": "Polygon", "coordinates": [ [ [ -7.620900069053075, 7.413194596541192 ], [ -7.600667323691988, 7.413404763346588 ], [ -7.600877702916912, 7.433601632735297 ], [ -7.621111365460377, 7.433390887145309 ], [ -7.620900069053075, 7.413194596541192 ] ] ] } },
{ "type": "Feature", "properties": { "id": 12362, "nb_points": 8 }, "geometry": { "type": "Polygon", "coordinates": [ [ [ -7.623256856150051, 7.635352444079141 ], [ -7.603013880655202, 7.635568980315488 ], [ -7.603230739919747, 7.6557655790013 ], [ -7.623474660835114, 7.655548463417105 ], [ -7.623256856150051, 7.635352444079141 ] ] ] } },
{ "type": "Feature", "properties": { "id": 12366, "nb_points": 3 }, "geometry": { "type": "Polygon", "coordinates": [ [ [ -7.624131630272141, 7.716136370841297 ], [ -7.603884857669494, 7.716355224782021 ], [ -7.604104077360114, 7.736551723065035 ], [ -7.624351805669051, 7.736332289567325 ], [ -7.624131630272141, 7.716136370841297 ] ] ] } },
{ "type": "Feature", "properties": { "id": 12367, "nb_points": 9 }, "geometry": { "type": "Polygon", "coordinates": [ [ [ -7.624351805669051, 7.736332289567325 ], [ -7.604104077360114, 7.736551723065035 ], [ -7.604323887499715, 7.756748196083613 ], [ -7.624572574087855, 7.756528182976274 ], [ -7.624351805669051, 7.736332289567325 ] ] ] } },
{ "type": "Feature", "properties": { "id": 12422, "nb_points": 2 }, "geometry": { "type": "Polygon", "coordinates": [ [ [ -7.637378684303608, 8.847067013207283 ], [ -7.617074412875222, 8.847318407436211 ], [ -7.617326920625944, 8.867513390162024 ], [ -7.63763229279973, 8.867261413204043 ], [ -7.637378684303608, 8.847067013207283 ] ] ] } },
{ "type": "Feature", "properties": { "id": 12427, "nb_points": 4 }, "geometry": { "type": "Polygon", "coordinates": [ [ [ -7.638652742110601, 8.948038722668171 ], [ -7.618342940862668, 8.948293031152048 ], [ -7.618598444031816, 8.968487868594883 ], [ -7.638909359074855, 8.968232977076374 ], [ -7.638652742110601, 8.948038722668171 ] ] ] } },
{ "type": "Feature", "properties": { "id": 12445, "nb_points": 8 }, "geometry": { "type": "Polygon", "coordinates": [ [ [ -7.643364114443669, 9.311530763620736 ], [ -7.623033864675358, 9.311795576267473 ], [ -7.623300185099291, 9.331989877185837 ], [ -7.643631595786355, 9.33172448037371 ], [ -7.643364114443669, 9.311530763620736 ] ] ] } },
{ "type": "Feature", "properties": { "id": 12602, "nb_points": 4 }, "geometry": { "type": "Polygon", "coordinates": [ [ [ -7.590177153646129, 6.322739576094401 ], [ -7.569989561523307, 6.322917780770223 ], [ -7.570167571456911, 6.343116437715856 ], [ -7.590355943199619, 6.342937659276957 ], [ -7.590177153646129, 6.322739576094401 ] ] ] } },
{ "type": "Feature", "properties": { "id": 12617, "nb_points": 10 }, "geometry": { "type": "Polygon", "coordinates": [ [ [ -7.592920143950654, 6.625708616481016 ], [ -7.572720590981247, 6.625895432142595 ], [ -7.572907302664729, 6.646093771778633 ], [ -7.593107673351928, 6.645906381699834 ], [ -7.592920143950654, 6.625708616481016 ] ] ] } },
{ "type": "Feature", "properties": { "id": 12618, "nb_points": 2 }, "geometry": { "type": "Polygon", "coordinates": [ [ [ -7.593107673351928, 6.645906381699834 ], [ -7.572907302664729, 6.646093771778633 ], [ -7.573094595381747, 6.666292089736338 ], [ -7.593295786330545, 6.666104125195585 ], [ -7.593107673351928, 6.645906381699834 ] ] ] } },
{ "type": "Feature", "properties": { "id": 12630, "nb_points": 12 }, "geometry": { "type": "Polygon", "coordinates": [ [ [ -7.595403578994865, 6.888277851147633 ], [ -7.575193197131809, 6.888472137762805 ], [ -7.575387471462474, 6.90867019047035 ], [ -7.595598704152574, 6.908475328845382 ], [ -7.595403578994865, 6.888277851147633 ] ] ] } },
{ "type": "Feature", "properties": { "id": 12655, "nb_points": 4 }, "geometry": { "type": "Polygon", "coordinates": [ [ [ -7.600457532764246, 7.393207869741716 ], [ -7.580225113855971, 7.393416545899928 ], [ -7.580433990033788, 7.413614015721516 ], [ -7.600667323691988, 7.413404763346588 ], [ -7.600457532764246, 7.393207869741716 ] ] ] } },
{ "type": "Feature", "properties": { "id": 12729, "nb_points": 3 }, "geometry": { "type": "Polygon", "coordinates": [ [ [ -7.617580027140145, 8.887708343961791 ], [ -7.597272952689272, 8.887959804879715 ], [ -7.597525552003336, 8.908155310003918 ], [ -7.617833732577534, 8.90790326877023 ], [ -7.617580027140145, 8.887708343961791 ] ] ] } },
{ "type": "Feature", "properties": { "id": 12753, "nb_points": 3 }, "geometry": { "type": "Polygon", "coordinates": [ [ [ -7.623834633729976, 9.372378387678053 ], [ -7.603500290454254, 9.372643793268784 ], [ -7.603767250034354, 9.392838584529301 ], [ -7.624102762275005, 9.392572597121532 ], [ -7.623834633729976, 9.372378387678053 ] ] ] } },
{ "type": "Feature", "properties": { "id": 12907, "nb_points": 2 }, "geometry": { "type": "Polygon", "coordinates": [ [ [ -7.569989561523307, 6.322917780770223 ], [ -7.5498013901839, 6.323095206561088 ], [ -7.54997862038685, 6.343294434762409 ], [ -7.570167571456911, 6.343116437715856 ], [ -7.569989561523307, 6.322917780770223 ] ] ] } },
{ "type": "Feature", "properties": { "id": 12910, "nb_points": 5 }, "geometry": { "type": "Polygon", "coordinates": [ [ [ -7.570525329417504, 6.383513689456398 ], [ -7.550334811275166, 6.3836928291418 ], [ -7.550513772182222, 6.403891995189002 ], [ -7.570705077667143, 6.403712284120163 ], [ -7.570525329417504, 6.383513689456398 ] ] ] } },
{ "type": "Feature", "properties": { "id": 12959, "nb_points": 12 }, "geometry": { "type": "Polygon", "coordinates": [ [ [ -7.580016823280605, 7.373219051977705 ], [ -7.559784731086655, 7.373426242444716 ], [ -7.559992109345314, 7.393624310015985 ], [ -7.580225113855971, 7.393416545899928 ], [ -7.580016823280605, 7.373219051977705 ] ] ] } },
{ "type": "Feature", "properties": { "id": 12960, "nb_points": 12 }, "geometry": { "type": "Polygon", "coordinates": [ [ [ -7.580225113855971, 7.393416545899928 ], [ -7.559992109345314, 7.393624310015985 ], [ -7.560200070642536, 7.413822353536393 ], [ -7.580433990033788, 7.413614015721516 ], [ -7.580225113855971, 7.393416545899928 ] ] ] } },
{ "type": "Feature", "properties": { "id": 12961, "nb_points": 10 }, "geometry": { "type": "Polygon", "coordinates": [ [ [ -7.580433990033788, 7.413614015721516 ], [ -7.560200070642536, 7.413822353536393 ], [ -7.560408615108428, 7.434020372940674 ], [ -7.580643451944718, 7.433811461377068 ], [ -7.580433990033788, 7.413614015721516 ] ] ] } },
{ "type": "Feature", "properties": { "id": 12971, "nb_points": 4 }, "geometry": { "type": "Polygon", "coordinates": [ [ [ -7.582554988881847, 7.615587374015462 ], [ -7.562311779546372, 7.615801451587265 ], [ -7.562526162938116, 7.635999226241719 ], [ -7.582770315394432, 7.635784574414215 ], [ -7.582554988881847, 7.615587374015462 ] ] ] } },
{ "type": "Feature", "properties": { "id": 13058, "nb_points": 1 }, "geometry": { "type": "Polygon", "coordinates": [ [ [ -7.603500290454254, 9.372643793268784 ], [ -7.583165346928967, 9.372908038949161 ], [ -7.583431137375119, 9.39310340948483 ], [ -7.603767250034354, 9.392838584529301 ], [ -7.603500290454254, 9.372643793268784 ] ] ] } },
{ "type": "Feature", "properties": { "id": 13060, "nb_points": 8 }, "geometry": { "type": "Polygon", "coordinates": [ [ [ -7.604034810033104, 9.413033345232227 ], [ -7.583697525612183, 9.413298749527044 ], [ -7.58396451180885, 9.433494059010924 ], [ -7.604302970619926, 9.433228075312543 ], [ -7.604034810033104, 9.413033345232227 ] ] ] } },
{ "type": "Feature", "properties": { "id": 13103, "nb_points": 6 }, "geometry": { "type": "Polygon", "coordinates": [ [ [ -7.616110350580485, 10.281378225883673 ], [ -7.595720183948088, 10.28166860454736 ], [ -7.596013047732874, 10.301862538708669 ], [ -7.616404502494929, 10.301571577736311 ], [ -7.616110350580485, 10.281378225883673 ] ] ] } },
{ "type": "Feature", "properties": { "id": 13105, "nb_points": 6 }, "geometry": { "type": "Polygon", "coordinates": [ [ [ -7.616699262855454, 10.321764896109347 ], [ -7.596306517301412, 10.322056439461239 ], [ -7.596600592840757, 10.342250306740386 ], [ -7.616994631849914, 10.341958180937937 ], [ -7.616699262855454, 10.321764896109347 ] ] ] } },
{ "type": "Feature", "properties": { "id": 13115, "nb_points": 4 }, "geometry": { "type": "Polygon", "coordinates": [ [ [ -7.535335624801624, 4.363682184055961 ], [ -7.515210531025004, 4.363803841503464 ], [ -7.515331745435263, 4.384005326846307 ], [ -7.535457374974973, 4.383883104095144 ], [ -7.535335624801624, 4.363682184055961 ] ] ] } },
{ "type": "Feature", "properties": { "id": 13213, "nb_points": 5 }, "geometry": { "type": "Polygon", "coordinates": [ [ [ -7.54997862038685, 6.343294434762409 ], [ -7.529789092526262, 6.343471650306666 ], [ -7.529966117141651, 6.363671426645589 ], [ -7.550156427380382, 6.363493642311124 ], [ -7.54997862038685, 6.343294434762409 ] ] ] } },
{ "type": "Feature", "properties": { "id": 13215, "nb_points": 2 }, "geometry": { "type": "Polygon", "coordinates": [ [ [ -7.550334811275166, 6.3836928291418 ], [ -7.530143716120612, 6.383871182308872 ], [ -7.530321889573686, 6.404070917231221 ], [ -7.550513772182222, 6.403891995189002 ], [ -7.550334811275166, 6.3836928291418 ] ] ] } },
{ "type": "Feature", "properties": { "id": 13216, "nb_points": 5 }, "geometry": { "type": "Polygon", "coordinates": [ [ [ -7.550513772182222, 6.403891995189002 ], [ -7.530321889573686, 6.404070917231221 ], [ -7.530500637611795, 6.424270631347349 ], [ -7.550693310212953, 6.424091140387307 ], [ -7.550513772182222, 6.403891995189002 ] ] ] } },
{ "type": "Feature", "properties": { "id": 13250, "nb_points": 3 }, "geometry": { "type": "Polygon", "coordinates": [ [ [ -7.55694258255692, 7.090650807660793 ], [ -7.536722412768479, 7.090849097765317 ], [ -7.53692076533135, 7.111048065646345 ], [ -7.557141811724814, 7.110849205089781 ], [ -7.55694258255692, 7.090650807660793 ] ] ] } },
{ "type": "Feature", "properties": { "id": 13251, "nb_points": 9 }, "geometry": { "type": "Polygon", "coordinates": [ [ [ -7.557141811724814, 7.110849205089781 ], [ -7.53692076533135, 7.111048065646345 ], [ -7.53711969659447, 7.131247010438114 ], [ -7.557341622149499, 7.131047579381927 ], [ -7.557141811724814, 7.110849205089781 ] ] ] } },
{ "type": "Feature", "properties": { "id": 13265, "nb_points": 24 }, "geometry": { "type": "Polygon", "coordinates": [ [ [ -7.559992109345314, 7.393624310015985 ], [ -7.539758521796151, 7.393831161961219 ], [ -7.539965568082677, 7.414029776662184 ], [ -7.560200070642536, 7.413822353536393 ], [ -7.559992109345314, 7.393624310015985 ] ] ] } },
{ "type": "Feature", "properties": { "id": 13266, "nb_points": 26 }, "geometry": { "type": "Polygon", "coordinates": [ [ [ -7.560200070642536, 7.413822353536393 ], [ -7.539965568082677, 7.414029776662184 ], [ -7.540173194973047, 7.434228367296725 ], [ -7.560408615108428, 7.434020372940674 ], [ -7.560200070642536, 7.413822353536393 ] ] ] } },
{ "type": "Feature", "properties": { "id": 13356, "nb_points": 4 }, "geometry": { "type": "Polygon", "coordinates": [ [ [ -7.581321537865635, 9.23153959683332 ], [ -7.560994108306516, 9.231798647083933 ], [ -7.56125456798038, 9.251994805546918 ], [ -7.581583148465057, 9.251735179006253 ], [ -7.581321537865635, 9.23153959683332 ] ] ] } },
{ "type": "Feature", "properties": { "id": 13369, "nb_points": 23 }, "geometry": { "type": "Polygon", "coordinates": [ [ [ -7.584769059849418, 9.494079803463846 ], [ -7.564426463451423, 9.494346350427426 ], [ -7.564694658099393, 9.514542114147522 ], [ -7.585038439579453, 9.514274990065699 ], [ -7.584769059849418, 9.494079803463846 ] ] ] } },
{ "type": "Feature", "properties": { "id": 13439, "nb_points": 12 }, "geometry": { "type": "Polygon", "coordinates": [ [ [ -7.517610343584486, 4.747629560516789 ], [ -7.497474076097295, 4.747761379829964 ], [ -7.497605460846352, 4.767963146347553 ], [ -7.517742311701384, 4.767830763653128 ], [ -7.517610343584486, 4.747629560516789 ] ] ] } },
{ "type": "Feature", "properties": { "id": 13518, "nb_points": 1 }, "geometry": { "type": "Polygon", "coordinates": [ [ [ -7.529789092526262, 6.343471650306666 ], [ -7.50959899041235, 6.343648084239155 ], [ -7.509775232539416, 6.363848426860002 ], [ -7.529966117141651, 6.363671426645589 ], [ -7.529789092526262, 6.343471650306666 ] ] ] } },
{ "type": "Feature", "properties": { "id": 13545, "nb_points": 8 }, "geometry": { "type": "Polygon", "coordinates": [ [ [ -7.53477068857956, 6.888858163385253 ], [ -7.514558566991401, 6.889049902153765 ], [ -7.514750288115716, 6.909249664812902 ], [ -7.534963260893004, 6.909057358573852 ], [ -7.53477068857956, 6.888858163385253 ] ] ] } },
{ "type": "Feature", "properties": { "id": 13624, "nb_points": 2 }, "geometry": { "type": "Polygon", "coordinates": [ [ [ -7.551773207876399, 8.484520302784254 ], [ -7.531485936931789, 8.484757024502706 ], [ -7.531723476655547, 8.50495481806465 ], [ -7.552011802111265, 8.50471752480893 ], [ -7.551773207876399, 8.484520302784254 ] ] ] } },
{ "type": "Feature", "properties": { "id": 13674, "nb_points": 25 }, "geometry": { "type": "Polygon", "coordinates": [ [ [ -7.564426463451423, 9.494346350427426 ], [ -7.544083271046913, 9.494611721892241 ], [ -7.544350280442853, 9.514808060186288 ], [ -7.564694658099393, 9.514542114147522 ], [ -7.564426463451423, 9.494346350427426 ] ] ] } },
{ "type": "Feature", "properties": { "id": 13697, "nb_points": 8 }, "geometry": { "type": "Polygon", "coordinates": [ [ [ -7.570746078305709, 9.958841004502208 ], [ -7.550374957640708, 9.959119607737911 ], [ -7.550655662165317, 9.979315222377151 ], [ -7.571028028830736, 9.979036043047516 ], [ -7.570746078305709, 9.958841004502208 ] ] ] } },
{ "type": "Feature", "properties": { "id": 13698, "nb_points": 4 }, "geometry": { "type": "Polygon", "coordinates": [ [ [ -7.571028028830736, 9.979036043047516 ], [ -7.550655662165317, 9.979315222377151 ], [ -7.550936964236576, 9.999510804779227 ], [ -7.571310579552847, 9.999231049287795 ], [ -7.571028028830736, 9.979036043047516 ] ] ] } },
{ "type": "Feature", "properties": { "id": 13710, "nb_points": 1 }, "geometry": { "type": "Polygon", "coordinates": [ [ [ -7.574458302183088, 10.221373967324848 ], [ -7.554070776554053, 10.22166006511782 ], [ -7.554359263255279, 10.241855255647613 ], [ -7.574748069401826, 10.241568580866815 ], [ -7.574458302183088, 10.221373967324848 ] ] ] } },
{ "type": "Feature", "properties": { "id": 13725, "nb_points": 2 }, "geometry": { "type": "Polygon", "coordinates": [ [ [ -7.49508487203384, 4.363924962357889 ], [ -7.474958650326351, 4.364045546544694 ], [ -7.47507879298615, 4.384248155014906 ], [ -7.495205550606139, 4.384127010511195 ], [ -7.49508487203384, 4.363924962357889 ] ] ] } },
{ "type": "Feature", "properties": { "id": 13752, "nb_points": 12 }, "geometry": { "type": "Polygon", "coordinates": [ [ [ -7.498540958366285, 4.909375074956515 ], [ -7.478399388922322, 4.909510798167143 ], [ -7.478534686668818, 4.92971300017815 ], [ -7.498676859615061, 4.929576715828454 ], [ -7.498540958366285, 4.909375074956515 ] ] ] } },
{ "type": "Feature", "properties": { "id": 13810, "nb_points": 12 }, "geometry": { "type": "Polygon", "coordinates": [ [ [ -7.507359829468007, 6.081041782177103 ], [ -7.487179098633303, 6.081210109098377 ], [ -7.4873471672366, 6.101411277262732 ], [ -7.507528647713053, 6.101242387102063 ], [ -7.507359829468007, 6.081041782177103 ] ] ] } },
{ "type": "Feature", "properties": { "id": 13816, "nb_points": 1 }, "geometry": { "type": "Polygon", "coordinates": [ [ [ -7.508381297468707, 6.202245113630895 ], [ -7.488196030789789, 6.202416820594942 ], [ -7.488367508346862, 6.222617869308114 ], [ -7.508553539868268, 6.22244559886115 ], [ -7.508381297468707, 6.202245113630895 ] ] ] } },
{ "type": "Feature", "properties": { "id": 13817, "nb_points": 1 }, "geometry": { "type": "Polygon", "coordinates": [ [ [ -7.508553539868268, 6.22244559886115 ], [ -7.488367508346862, 6.222617869308114 ], [ -7.48853955443414, 6.242818897885092 ], [ -7.508726353333123, 6.242646063914146 ], [ -7.508553539868268, 6.22244559886115 ] ] ] } },
{ "type": "Feature", "properties": { "id": 13832, "nb_points": 20 }, "geometry": { "type": "Polygon", "coordinates": [ [ [ -7.511205764566594, 6.525450419551031 ], [ -7.491007955931225, 6.525631147247115 ], [ -7.49118854302002, 6.54583186597845 ], [ -7.511387157116583, 6.545650574125809 ], [ -7.511205764566594, 6.525450419551031 ] ] ] } },
{ "type": "Feature", "properties": { "id": 13833, "nb_points": 13 }, "geometry": { "type": "Polygon", "coordinates": [ [ [ -7.511387157116583, 6.545650574125809 ], [ -7.49118854302002, 6.54583186597845 ], [ -7.491369700395345, 6.566032563533369 ], [ -7.511569122495904, 6.565850707480901 ], [ -7.511387157116583, 6.545650574125809 ] ] ] } },
{ "type": "Feature", "properties": { "id": 13850, "nb_points": 4 }, "geometry": { "type": "Polygon", "coordinates": [ [ [ -7.514558566991401, 6.889049902153765 ], [ -7.494345870596526, 6.889240791402154 ], [ -7.494536740412069, 6.909441119018024 ], [ -7.514750288115716, 6.909249664812902 ], [ -7.514558566991401, 6.889049902153765 ] ] ] } },
{ "type": "Feature", "properties": { "id": 13930, "nb_points": 1 }, "geometry": { "type": "Polygon", "coordinates": [ [ [ -7.531723476655547, 8.50495481806465 ], [ -7.511434565633231, 8.505191060014704 ], [ -7.511671633664493, 8.525389395119205 ], [ -7.531961601945967, 8.525152584106419 ], [ -7.531723476655547, 8.50495481806465 ] ] ] } },
{ "type": "Feature", "properties": { "id": 13931, "nb_points": 3 }, "geometry": { "type": "Polygon", "coordinates": [ [ [ -7.531961601945967, 8.525152584106419 ], [ -7.511671633664493, 8.525389395119205 ], [ -7.511909284813225, 8.54558770269584 ], [ -7.532200312952997, 8.545350322563248 ], [ -7.531961601945967, 8.525152584106419 ] ] ] } },
{ "type": "Feature", "properties": { "id": 14030, "nb_points": 6 }, "geometry": { "type": "Polygon", "coordinates": [ [ [ -7.474958650326351, 4.364045546544694 ], [ -7.45483186840111, 4.364165593989648 ], [ -7.45495147507419, 4.384368760282872 ], [ -7.47507879298615, 4.384248155014906 ], [ -7.474958650326351, 4.364045546544694 ] ] ] } },
{ "type": "Feature", "properties": { "id": 14063, "nb_points": 9 }, "geometry": { "type": "Polygon", "coordinates": [ [ [ -7.479219613521742, 5.030723769415942 ], [ -7.459073822579562, 5.030862240838896 ], [ -7.459211877524366, 5.051064904903264 ], [ -7.479358287109981, 5.050925874643521 ], [ -7.479219613521742, 5.030723769415942 ] ] ] } },
{ "type": "Feature", "properties": { "id": 14104, "nb_points": 6 }, "geometry": { "type": "Polygon", "coordinates": [ [ [ -7.485367795479354, 5.858995974670565 ], [ -7.465194577036746, 5.859157386908251 ], [ -7.465355683688718, 5.879359328283853 ], [ -7.485529624048237, 5.879197355745155 ], [ -7.485367795479354, 5.858995974670565 ] ] ] } },
{ "type": "Feature", "properties": { "id": 14105, "nb_points": 6 }, "geometry": { "type": "Polygon", "coordinates": [ [ [ -7.485529624048237, 5.879197355745155 ], [ -7.465355683688718, 5.879359328283853 ], [ -7.465517354579017, 5.899561250667955 ], [ -7.485692019383146, 5.899398717789677 ], [ -7.485529624048237, 5.879197355745155 ] ] ] } },
{ "type": "Feature", "properties": { "id": 14121, "nb_points": 11 }, "geometry": { "type": "Polygon", "coordinates": [ [ [ -7.488196030789789, 6.202416820594942 ], [ -7.468010195687396, 6.202587763287537 ], [ -7.46818090829531, 6.222789372975903 ], [ -7.488367508346862, 6.222617869308114 ], [ -7.488196030789789, 6.202416820594942 ] ] ] } },
{ "type": "Feature", "properties": { "id": 14132, "nb_points": 6 }, "geometry": { "type": "Polygon", "coordinates": [ [ [ -7.490113570860203, 6.424627238219005 ], [ -7.469919181789123, 6.424804353910261 ], [ -7.470096126260333, 6.445005738981268 ], [ -7.490291308196662, 6.444828061857494 ], [ -7.490113570860203, 6.424627238219005 ] ] ] } },
{ "type": "Feature", "properties": { "id": 14137, "nb_points": 3 }, "geometry": { "type": "Polygon", "coordinates": [ [ [ -7.491007955931225, 6.525631147247115 ], [ -7.470809577121897, 6.525811070526333 ], [ -7.470989358636991, 6.546012350903558 ], [ -7.49118854302002, 6.54583186597845 ], [ -7.491007955931225, 6.525631147247115 ] ] ] } },
{ "type": "Feature", "properties": { "id": 14151, "nb_points": 12 }, "geometry": { "type": "Polygon", "coordinates": [ [ [ -7.493588112701915, 6.808439258780918 ], [ -7.473378224250419, 6.808627049073749 ], [ -7.473565964531955, 6.828828027684517 ], [ -7.493776694207209, 6.828639675130019 ], [ -7.493588112701915, 6.808439258780918 ] ] ] } },
{ "type": "Feature", "properties": { "id": 14158, "nb_points": 12 }, "geometry": { "type": "Polygon", "coordinates": [ [ [ -7.494920197285997, 6.949841707147939 ], [ -7.474704366694615, 6.95003343422271 ], [ -7.474896094905864, 6.970234257186624 ], [ -7.495112784583743, 6.970041967532135 ], [ -7.494920197285997, 6.949841707147939 ] ] ] } },
{ "type": "Feature", "properties": { "id": 14184, "nb_points": 4 }, "geometry": { "type": "Polygon", "coordinates": [ [ [ -7.500113924701949, 7.475040982785425 ], [ -7.479874926435875, 7.475247352241135 ], [ -7.480081519314586, 7.495447569308006 ], [ -7.500321443245494, 7.495240636031612 ], [ -7.500113924701949, 7.475040982785425 ] ] ] } },
{ "type": "Feature", "properties": { "id": 14246, "nb_points": 4 }, "geometry": { "type": "Polygon", "coordinates": [ [ [ -7.514074410262636, 8.727371221470587 ], [ -7.493773141696199, 8.727612646954354 ], [ -7.494015546276115, 8.747811242862502 ], [ -7.514317900882241, 8.747569250215138 ], [ -7.514074410262636, 8.727371221470587 ] ] ] } },
{ "type": "Feature", "properties": { "id": 14322, "nb_points": 2 }, "geometry": { "type": "Polygon", "coordinates": [ [ [ -7.534257660447573, 10.262336392377737 ], [ -7.513866373608369, 10.262621098910715 ], [ -7.514153488069306, 10.282817369814184 ], [ -7.5345460611167, 10.282532091265482 ], [ -7.534257660447573, 10.262336392377737 ] ] ] } },
{ "type": "Feature", "properties": { "id": 14368, "nb_points": 1 }, "geometry": { "type": "Polygon", "coordinates": [ [ [ -7.459073822579562, 5.030862240838896 ], [ -7.438927471295076, 5.03100009306665 ], [ -7.439064907510965, 5.051203313469113 ], [ -7.459211877524366, 5.051064904903264 ], [ -7.459073822579562, 5.030862240838896 ] ] ] } },
{ "type": "Feature", "properties": { "id": 14369, "nb_points": 1 }, "geometry": { "type": "Polygon", "coordinates": [ [ [ -7.459211877524366, 5.051064904903264 ], [ -7.439064907510965, 5.051203313469113 ], [ -7.439202901643464, 5.071406517578619 ], [ -7.459350492897013, 5.071267552641812 ], [ -7.459211877524366, 5.051064904903264 ] ] ] } },
{ "type": "Feature", "properties": { "id": 14437, "nb_points": 4 }, "geometry": { "type": "Polygon", "coordinates": [ [ [ -7.469919181789123, 6.424804353910261 ], [ -7.449724225641368, 6.424980677625699 ], [ -7.449900377137133, 6.445182621619147 ], [ -7.470096126260333, 6.445005738981268 ], [ -7.469919181789123, 6.424804353910261 ] ] ] } },
{ "type": "Feature", "properties": { "id": 14438, "nb_points": 2 }, "geometry": { "type": "Polygon", "coordinates": [ [ [ -7.470096126260333, 6.445005738981268 ], [ -7.449900377137133, 6.445182621619147 ], [ -7.450077093278756, 6.465384544845774 ], [ -7.470273637918475, 6.465207103243245 ], [ -7.470096126260333, 6.445005738981268 ] ] ] } },
{ "type": "Feature", "properties": { "id": 14489, "nb_points": 8 }, "geometry": { "type": "Polygon", "coordinates": [ [ [ -7.479874926435875, 7.475247352241135 ], [ -7.459635354876974, 7.475452798936858 ], [ -7.459841021961509, 7.495653577303852 ], [ -7.480081519314586, 7.495447569308006 ], [ -7.479874926435875, 7.475247352241135 ] ] ] } },
{ "type": "Feature", "properties": { "id": 14551, "nb_points": 8 }, "geometry": { "type": "Polygon", "coordinates": [ [ [ -7.493773141696199, 8.727612646954354 ], [ -7.473471291104335, 8.727852992968856 ], [ -7.473712609491684, 8.748052153505391 ], [ -7.494015546276115, 8.747811242862502 ], [ -7.493773141696199, 8.727612646954354 ] ] ] } },
{ "type": "Feature", "properties": { "id": 14627, "nb_points": 9 }, "geometry": { "type": "Polygon", "coordinates": [ [ [ -7.513866373608369, 10.262621098910715 ], [ -7.493474492005288, 10.262904532523628 ], [ -7.493760320075038, 10.283101372886328 ], [ -7.514153488069306, 10.282817369814184 ], [ -7.513866373608369, 10.262621098910715 ] ] ] } },
{ "type": "Feature", "properties": { "id": 14756, "nb_points": 1 }, "geometry": { "type": "Polygon", "coordinates": [ [ [ -7.452241769783499, 6.707805980195761 ], [ -7.432034914457415, 6.707989305468666 ], [ -7.432218152433276, 6.728191509850445 ], [ -7.452425836469646, 6.728007627564731 ], [ -7.452241769783499, 6.707805980195761 ] ] ] } },
{ "type": "Feature", "properties": { "id": 14757, "nb_points": 1 }, "geometry": { "type": "Polygon", "coordinates": [ [ [ -7.452425836469646, 6.728007627564731 ], [ -7.432218152433276, 6.728191509850445 ], [ -7.432401954080576, 6.748393692603467 ], [ -7.452610469375653, 6.748209253261003 ], [ -7.452425836469646, 6.728007627564731 ] ] ] } },
{ "type": "Feature", "properties": { "id": 14785, "nb_points": 12 }, "geometry": { "type": "Polygon", "coordinates": [ [ [ -7.457810018405301, 7.293644718525861 ], [ -7.437578093918131, 7.293844215511491 ], [ -7.437777726242312, 7.314045766468213 ], [ -7.458010553557197, 7.313845711139735 ], [ -7.457810018405301, 7.293644718525861 ] ] ] } },
{ "type": "Feature", "properties": { "id": 14905, "nb_points": 12 }, "geometry": { "type": "Polygon", "coordinates": [ [ [ -7.485980361101665, 9.717577604380217 ], [ -7.465621620805186, 9.717844484035066 ], [ -7.465890309825344, 9.738042756174256 ], [ -7.486250265067325, 9.73777531142157 ], [ -7.485980361101665, 9.717577604380217 ] ] ] } },
{ "type": "Feature", "properties": { "id": 14988, "nb_points": 12 }, "geometry": { "type": "Polygon", "coordinates": [ [ [ -7.420173739706646, 5.233174328942641 ], [ -7.400019973200049, 5.233316457403956 ], [ -7.400161704487284, 5.25352061779857 ], [ -7.420316115029245, 5.253377937665871 ], [ -7.420173739706646, 5.233174328942641 ] ] ] } },
{ "type": "Feature", "properties": { "id": 15062, "nb_points": 8 }, "geometry": { "type": "Polygon", "coordinates": [ [ [ -7.432218152433276, 6.728191509850445 ], [ -7.412009904725525, 6.728374562261367 ], [ -7.412192874999475, 6.748577299557504 ], [ -7.432401954080576, 6.748393692603467 ], [ -7.432218152433276, 6.728191509850445 ] ] ] } },
{ "type": "Feature", "properties": { "id": 15070, "nb_points": 12 }, "geometry": { "type": "Polygon", "coordinates": [ [ [ -7.433704358087954, 6.889808360848268 ], [ -7.413489387984385, 6.889995850840444 ], [ -7.413676851378816, 6.91019841313816 ], [ -7.433892673264515, 6.910010368247992 ], [ -7.433704358087954, 6.889808360848268 ] ] ] } },
{ "type": "Feature", "properties": { "id": 15151, "nb_points": 4 }, "geometry": { "type": "Polygon", "coordinates": [ [ [ -7.450798240514141, 8.526093503664953 ], [ -7.430505955361749, 8.526326097863109 ], [ -7.430739365587057, 8.54652665659208 ], [ -7.451032711192525, 8.546293503405591 ], [ -7.450798240514141, 8.526093503664953 ] ] ] } },
{ "type": "Feature", "properties": { "id": 15319, "nb_points": 12 }, "geometry": { "type": "Polygon", "coordinates": [ [ [ -7.403885191830232, 5.758618975499452 ], [ -7.383713305653418, 5.758774749248478 ], [ -7.383868754489204, 5.778979000001825 ], [ -7.404041350341571, 5.778822676161765 ], [ -7.403885191830232, 5.758618975499452 ] ] ] } },
{ "type": "Feature", "properties": { "id": 15349, "nb_points": 12 }, "geometry": { "type": "Polygon", "coordinates": [ [ [ -7.408812282919986, 6.364721662320552 ], [ -7.388618005448419, 6.3648939555349 ], [ -7.388790106948214, 6.385097622769623 ], [ -7.408985170099337, 6.384924778289328 ], [ -7.408812282919986, 6.364721662320552 ] ] ] } },
{ "type": "Feature", "properties": { "id": 15359, "nb_points": 4 }, "geometry": { "type": "Polygon", "coordinates": [ [ [ -7.410566333438137, 6.566751892242672 ], [ -7.39036408478113, 6.566929699988942 ], [ -7.390541758130741, 6.587133159846035 ], [ -7.410744817896267, 6.586954800415239 ], [ -7.410566333438137, 6.566751892242672 ] ] ] } },
{ "type": "Feature", "properties": { "id": 15380, "nb_points": 12 }, "geometry": { "type": "Polygon", "coordinates": [ [ [ -7.414432327761188, 6.991008440039923 ], [ -7.394212510572734, 6.991197842287954 ], [ -7.39440192128574, 7.011400845726941 ], [ -7.414622603147636, 7.01121089087125 ], [ -7.414432327761188, 6.991008440039923 ] ] ] } },
{ "type": "Feature", "properties": { "id": 15402, "nb_points": 12 }, "geometry": { "type": "Polygon", "coordinates": [ [ [ -7.418748568568087, 7.435457064898919 ], [ -7.398509137191033, 7.435658635226121 ], [ -7.398710900212287, 7.455861130136423 ], [ -7.418951252630402, 7.455659006169958 ], [ -7.418748568568087, 7.435457064898919 ] ] ] } },
{ "type": "Feature", "properties": { "id": 15415, "nb_points": 12 }, "geometry": { "type": "Polygon", "coordinates": [ [ [ -7.421427603951702, 7.698080418742204 ], [ -7.401175998528511, 7.698289190199687 ], [ -7.401385089130731, 7.718491370021877 ], [ -7.421637649031266, 7.718282044284314 ], [ -7.421427603951702, 7.698080418742204 ] ] ] } },
{ "type": "Feature", "properties": { "id": 15557, "nb_points": 12 }, "geometry": { "type": "Polygon", "coordinates": [ [ [ -7.374554660279748, 4.405051146092799 ], [ -7.354424039549765, 4.405169599451239 ], [ -7.354542055842648, 4.425375489302573 ], [ -7.374673217927831, 4.425256490539743 ], [ -7.374554660279748, 4.405051146092799 ] ] ] } },
{ "type": "Feature", "properties": { "id": 15605, "nb_points": 6 }, "geometry": { "type": "Polygon", "coordinates": [ [ [ -7.3808648422908, 5.374890552457628 ], [ -7.360705408629328, 5.375035219316874 ], [ -7.360849694492096, 5.39524035655013 ], [ -7.381009789988058, 5.395095142784244 ], [ -7.3808648422908, 5.374890552457628 ] ] ] } },
{ "type": "Feature", "properties": { "id": 15663, "nb_points": 4 }, "geometry": { "type": "Polygon", "coordinates": [ [ [ -7.390186969108977, 6.546726219104682 ], [ -7.369984971448371, 6.546902667728435 ], [ -7.370161278446723, 6.567106697742154 ], [ -7.39036408478113, 6.566929699988942 ], [ -7.390186969108977, 6.546726219104682 ] ] ] } },
{ "type": "Feature", "properties": { "id": 15672, "nb_points": 1 }, "geometry": { "type": "Polygon", "coordinates": [ [ [ -7.391801095895179, 6.728556784684265 ], [ -7.371591728491374, 6.728738177006423 ], [ -7.371773035676727, 6.748942015846495 ], [ -7.391983234681641, 6.748760074009535 ], [ -7.391801095895179, 6.728556784684265 ] ] ] } },
{ "type": "Feature", "properties": { "id": 15683, "nb_points": 4 }, "geometry": { "type": "Polygon", "coordinates": [ [ [ -7.393835369264956, 6.95079176834413 ], [ -7.373616713913045, 6.950979207743435 ], [ -7.373804144906812, 6.971182805872225 ], [ -7.394023659938456, 6.970994816472274 ], [ -7.393835369264956, 6.95079176834413 ] ] ] } },
{ "type": "Feature", "properties": { "id": 15848, "nb_points": 1 }, "geometry": { "type": "Polygon", "coordinates": [ [ [ -7.432577273048681, 10.28394572747183 ], [ -7.412181751906622, 10.284224626870076 ], [ -7.41246301422291, 10.304423686776142 ], [ -7.432859825145234, 10.304144228080318 ], [ -7.432577273048681, 10.28394572747183 ] ] ] } },
{ "type": "Feature", "properties": { "id": 15849, "nb_points": 4 }, "geometry": { "type": "Polygon", "coordinates": [ [ [ -7.432859825145234, 10.304144228080318 ], [ -7.41246301422291, 10.304423686776142 ], [ -7.412744858343627, 10.324622713897535 ], [ -7.433142961712202, 10.32434269583602 ], [ -7.432859825145234, 10.304144228080318 ] ] ] } },
{ "type": "Feature", "properties": { "id": 15873, "nb_points": 12 }, "geometry": { "type": "Polygon", "coordinates": [ [ [ -7.355752230003415, 4.627433598103247 ], [ -7.33561497053585, 4.627557482845422 ], [ -7.335738421752817, 4.64776375655993 ], [ -7.355876250188799, 4.647639328593488 ], [ -7.355752230003415, 4.627433598103247 ] ] ] } },
{ "type": "Feature", "properties": { "id": 15911, "nb_points": 6 }, "geometry": { "type": "Polygon", "coordinates": [ [ [ -7.360849694492096, 5.39524035655013 ], [ -7.34068904965398, 5.395384905669784 ], [ -7.340833220415344, 5.415590570083598 ], [ -7.360994529697075, 5.415445476525888 ], [ -7.360849694492096, 5.39524035655013 ] ] ] } },
{ "type": "Feature", "properties": { "id": 15968, "nb_points": 4 }, "geometry": { "type": "Polygon", "coordinates": [ [ [ -7.369984971448371, 6.546902667728435 ], [ -7.349782418765733, 6.54707830876262 ], [ -7.349957916980389, 6.567282885392852 ], [ -7.370161278446723, 6.567106697742154 ], [ -7.369984971448371, 6.546902667728435 ] ] ] } },
{ "type": "Feature", "properties": { "id": 15969, "nb_points": 1 }, "geometry": { "type": "Polygon", "coordinates": [ [ [ -7.370161278446723, 6.567106697742154 ], [ -7.349957916980389, 6.567282885392852 ], [ -7.350133967781205, 6.58748744108028 ], [ -7.370338140577063, 6.587310706770982 ], [ -7.370161278446723, 6.567106697742154 ] ] ] } },
{ "type": "Feature", "properties": { "id": 15977, "nb_points": 37 }, "geometry": { "type": "Polygon", "coordinates": [ [ [ -7.371591728491374, 6.728738177006423 ], [ -7.351381805063617, 6.728918739115621 ], [ -7.351562280534751, 6.749123124955822 ], [ -7.371773035676727, 6.748942015846495 ], [ -7.371591728491374, 6.728738177006423 ] ] ] } },
{ "type": "Feature", "properties": { "id": 15978, "nb_points": 12 }, "geometry": { "type": "Polygon", "coordinates": [ [ [ -7.371773035676727, 6.748942015846495 ], [ -7.351562280534751, 6.749123124955822 ], [ -7.351743309592639, 6.769327489277072 ], [ -7.371954898999208, 6.769145833124326 ], [ -7.371773035676727, 6.748942015846495 ] ] ] } },
{ "type": "Feature", "properties": { "id": 15988, "nb_points": 8 }, "geometry": { "type": "Polygon", "coordinates": [ [ [ -7.373616713913045, 6.950979207743435 ], [ -7.353397501273224, 6.951165789257497 ], [ -7.353584072470194, 6.971369934870074 ], [ -7.373804144906812, 6.971182805872225 ], [ -7.373616713913045, 6.950979207743435 ] ] ] } },
{ "type": "Feature", "properties": { "id": 16003, "nb_points": 12 }, "geometry": { "type": "Polygon", "coordinates": [ [ [ -7.376486760266821, 7.254030812433583 ], [ -7.356254382040296, 7.254225610967738 ], [ -7.356449288408076, 7.274429416526198 ], [ -7.376682564829454, 7.274234069822372 ], [ -7.376486760266821, 7.254030812433583 ] ] ] } },
{ "type": "Feature", "properties": { "id": 16067, "nb_points": 2 }, "geometry": { "type": "Polygon", "coordinates": [ [ [ -7.3901509583857, 8.546989791519358 ], [ -7.36985590199361, 8.547219772972229 ], [ -7.370086695037874, 8.567421966263232 ], [ -7.390382814924676, 8.567191433368917 ], [ -7.3901509583857, 8.546989791519358 ] ] ] } },
{ "type": "Feature", "properties": { "id": 16096, "nb_points": 4 }, "geometry": { "type": "Polygon", "coordinates": [ [ [ -7.397105871642073, 9.132826081087492 ], [ -7.376778914574205, 9.133072077428958 ], [ -7.377026159092311, 9.153273454290529 ], [ -7.397354255420601, 9.153026904838262 ], [ -7.397105871642073, 9.132826081087492 ] ] ] } },
{ "type": "Feature", "properties": { "id": 16129, "nb_points": 10 }, "geometry": { "type": "Polygon", "coordinates": [ [ [ -7.405605537252899, 9.79943751852516 ], [ -7.385239595681701, 9.799701799800701 ], [ -7.38550572138109, 9.819902182675099 ], [ -7.40587288915769, 9.819637346244846 ], [ -7.405605537252899, 9.79943751852516 ] ] ] } },
{ "type": "Feature", "properties": { "id": 16138, "nb_points": 8 }, "geometry": { "type": "Polygon", "coordinates": [ [ [ -7.408032512678229, 9.981234837212972 ], [ -7.387655439886164, 9.981504117209807 ], [ -7.387926746376127, 10.001704217019432 ], [ -7.408305069228295, 10.001434381283511 ], [ -7.408032512678229, 9.981234837212972 ] ] ] } },
{ "type": "Feature", "properties": { "id": 16154, "nb_points": 2 }, "geometry": { "type": "Polygon", "coordinates": [ [ [ -7.41246301422291, 10.304423686776142 ], [ -7.392065621496219, 10.304701866556874 ], [ -7.392346172990935, 10.324901450485033 ], [ -7.412744858343627, 10.324622713897535 ], [ -7.41246301422291, 10.304423686776142 ] ] ] } },
{ "type": "Feature", "properties": { "id": 16155, "nb_points": 5 }, "geometry": { "type": "Polygon", "coordinates": [ [ [ -7.412744858343627, 10.324622713897535 ], [ -7.392346172990935, 10.324901450485033 ], [ -7.392627303802637, 10.345101001633125 ], [ -7.413027284448529, 10.344821708170908 ], [ -7.412744858343627, 10.324622713897535 ] ] ] } },
{ "type": "Feature", "properties": { "id": 16222, "nb_points": 12 }, "geometry": { "type": "Polygon", "coordinates": [ [ [ -7.3415622797027, 5.516618631558082 ], [ -7.32139706302968, 5.516765768067847 ], [ -7.321543836954937, 5.536971869936985 ], [ -7.341709733289531, 5.536824191284545 ], [ -7.3415622797027, 5.516618631558082 ] ] ] } },
{ "type": "Feature", "properties": { "id": 16264, "nb_points": 12 }, "geometry": { "type": "Polygon", "coordinates": [ [ [ -7.348227783277183, 6.365236187231051 ], [ -7.328031843659024, 6.365406125501308 ], [ -7.328201587479028, 6.385611431467 ], [ -7.348398313096826, 6.385440949464575 ], [ -7.348227783277183, 6.365236187231051 ] ] ] } },
{ "type": "Feature", "properties": { "id": 16272, "nb_points": 1 }, "geometry": { "type": "Polygon", "coordinates": [ [ [ -7.349607473027842, 6.526873711253614 ], [ -7.32940517421591, 6.527048000528146 ], [ -7.329579313606391, 6.547253142098615 ], [ -7.349782418765733, 6.54707830876262 ], [ -7.349607473027842, 6.526873711253614 ] ] ] } },
{ "type": "Feature", "properties": { "id": 16273, "nb_points": 7 }, "geometry": { "type": "Polygon", "coordinates": [ [ [ -7.349782418765733, 6.54707830876262 ], [ -7.329579313606391, 6.547253142098615 ], [ -7.32975400292795, 6.567458262832075 ], [ -7.349957916980389, 6.567282885392852 ], [ -7.349782418765733, 6.54707830876262 ] ] ] } },
{ "type": "Feature", "properties": { "id": 16274, "nb_points": 3 }, "geometry": { "type": "Polygon", "coordinates": [ [ [ -7.349957916980389, 6.567282885392852 ], [ -7.32975400292795, 6.567458262832075 ], [ -7.329929242289489, 6.587663362664627 ], [ -7.350133967781205, 6.58748744108028 ], [ -7.349957916980389, 6.567282885392852 ] ] ] } },
{ "type": "Feature", "properties": { "id": 16289, "nb_points": 5 }, "geometry": { "type": "Polygon", "coordinates": [ [ [ -7.352656762649358, 6.870348985859375 ], [ -7.332440409376445, 6.870532529949444 ], [ -7.332623912646688, 6.890737308602835 ], [ -7.352841115612353, 6.890553219723146 ], [ -7.352656762649358, 6.870348985859375 ] ] ] } },
{ "type": "Feature", "properties": { "id": 16296, "nb_points": 7 }, "geometry": { "type": "Polygon", "coordinates": [ [ [ -7.353958879527808, 7.011778159363157 ], [ -7.333736524745748, 7.011965517910097 ], [ -7.33392389325622, 7.032170141763412 ], [ -7.354147115622591, 7.031982238115758 ], [ -7.353958879527808, 7.011778159363157 ] ] ] } },
{ "type": "Feature", "properties": { "id": 16318, "nb_points": 5 }, "geometry": { "type": "Polygon", "coordinates": [ [ [ -7.358228509269551, 7.456262615712457 ], [ -7.337986475883159, 7.456461977073189 ], [ -7.338186030209545, 7.47666609406198 ], [ -7.358428987583922, 7.476466186579799 ], [ -7.358228509269551, 7.456262615712457 ] ] ] } },
{ "type": "Feature", "properties": { "id": 16320, "nb_points": 4 }, "geometry": { "type": "Polygon", "coordinates": [ [ [ -7.358630023777486, 7.496669733626739 ], [ -7.338386139844896, 7.496870187278317 ], [ -7.338586804914546, 7.517074256658474 ], [ -7.358831617976152, 7.516873256789409 ], [ -7.358630023777486, 7.496669733626739 ] ] ] } },
{ "type": "Feature", "properties": { "id": 16321, "nb_points": 3 }, "geometry": { "type": "Polygon", "coordinates": [ [ [ -7.358831617976152, 7.516873256789409 ], [ -7.338586804914546, 7.517074256658474 ], [ -7.338788025544198, 7.537278302138737 ], [ -7.359033770306197, 7.537076756003956 ], [ -7.358831617976152, 7.516873256789409 ] ] ] } },
{ "type": "Feature", "properties": { "id": 16399, "nb_points": 3 }, "geometry": { "type": "Polygon", "coordinates": [ [ [ -7.376286133668081, 9.092669236642395 ], [ -7.355960878137856, 9.092913000872379 ], [ -7.356205849782429, 9.113114986204875 ], [ -7.376532239484802, 9.11287067152508 ], [ -7.376286133668081, 9.092669236642395 ] ] ] } },
{ "type": "Feature", "properties": { "id": 16434, "nb_points": 2 }, "geometry": { "type": "Polygon", "coordinates": [ [ [ -7.385239595681701, 9.799701799800701 ], [ -7.364873079317953, 9.799964865871686 ], [ -7.365137978642825, 9.820165801348958 ], [ -7.38550572138109, 9.819902182675099 ], [ -7.385239595681701, 9.799701799800701 ] ] ] } },
{ "type": "Feature", "properties": { "id": 16443, "nb_points": 1 }, "geometry": { "type": "Polygon", "coordinates": [ [ [ -7.387655439886164, 9.981504117209807 ], [ -7.367277790765451, 9.981772159025056 ], [ -7.367547847022681, 10.001972812019297 ], [ -7.387926746376127, 10.001704217019432 ], [ -7.387655439886164, 9.981504117209807 ] ] ] } },
{ "type": "Feature", "properties": { "id": 16593, "nb_points": 3 }, "geometry": { "type": "Polygon", "coordinates": [ [ [ -7.332257457822219, 6.850327729437084 ], [ -7.312041400086491, 6.850509883250449 ], [ -7.312223504387573, 6.87071522599198 ], [ -7.332440409376445, 6.870532529949444 ], [ -7.332257457822219, 6.850327729437084 ] ] ] } },
{ "type": "Feature", "properties": { "id": 16594, "nb_points": 1 }, "geometry": { "type": "Polygon", "coordinates": [ [ [ -7.332440409376445, 6.870532529949444 ], [ -7.312223504387573, 6.87071522599198 ], [ -7.312406157850484, 6.89092054691825 ], [ -7.332623912646688, 6.890737308602835 ], [ -7.332440409376445, 6.870532529949444 ] ] ] } },
{ "type": "Feature", "properties": { "id": 16601, "nb_points": 5 }, "geometry": { "type": "Polygon", "coordinates": [ [ [ -7.333736524745748, 7.011965517910097 ], [ -7.313513617438208, 7.012152010788079 ], [ -7.313700118247294, 7.032357177223955 ], [ -7.33392389325622, 7.032170141763412 ], [ -7.333736524745748, 7.011965517910097 ] ] ] } },
{ "type": "Feature", "properties": { "id": 16607, "nb_points": 12 }, "geometry": { "type": "Polygon", "coordinates": [ [ [ -7.334869027801749, 7.133192924210172 ], [ -7.314640875898874, 7.133382673257833 ], [ -7.314830678973667, 7.153587704789842 ], [ -7.335059713936514, 7.153397412888952 ], [ -7.334869027801749, 7.133192924210172 ] ] ] } },
{ "type": "Feature", "properties": { "id": 16898, "nb_points": 3 }, "geometry": { "type": "Polygon", "coordinates": [ [ [ -7.312041400086491, 6.850509883250449 ], [ -7.291824793302692, 6.850691191420084 ], [ -7.292006050236932, 6.870897073873903 ], [ -7.312223504387573, 6.87071522599198 ], [ -7.312041400086491, 6.850509883250449 ] ] ] } },
{ "type": "Feature", "properties": { "id": 16966, "nb_points": 3 }, "geometry": { "type": "Polygon", "coordinates": [ [ [ -7.325681489702379, 8.224420305067905 ], [ -7.305401415168049, 8.22463841948567 ], [ -7.305620117852238, 8.244842676845249 ], [ -7.325901214736485, 8.244624019451331 ], [ -7.325681489702379, 8.224420305067905 ] ] ] } },
{ "type": "Feature", "properties": { "id": 16969, "nb_points": 12 }, "geometry": { "type": "Polygon", "coordinates": [ [ [ -7.326342338146075, 8.285031369740908 ], [ -7.306059188779745, 8.285251113245259 ], [ -7.306279557299335, 8.305455292159131 ], [ -7.326563736799102, 8.305235005520226 ], [ -7.326342338146075, 8.285031369740908 ] ] ] } },
{ "type": "Feature", "properties": { "id": 17008, "nb_points": 3 }, "geometry": { "type": "Polygon", "coordinates": [ [ [ -7.335391782668547, 9.072953076844712 ], [ -7.315066528627847, 9.073194043177088 ], [ -7.315308670211953, 9.093397150520749 ], [ -7.335635056111927, 9.093155638882207 ], [ -7.335391782668547, 9.072953076844712 ] ] ] } },
{ "type": "Feature", "properties": { "id": 17052, "nb_points": 3 }, "geometry": { "type": "Polygon", "coordinates": [ [ [ -7.346631333137741, 9.961837727292504 ], [ -7.326253787243048, 9.962102744232995 ], [ -7.326520774154581, 9.98230452744173 ], [ -7.346899567970118, 9.982038962491261 ], [ -7.346631333137741, 9.961837727292504 ] ] ] } },
{ "type": "Feature", "properties": { "id": 17096, "nb_points": 1 }, "geometry": { "type": "Polygon", "coordinates": [ [ [ -7.275566780429456, 4.688549339344232 ], [ -7.255425645941899, 4.688672544554282 ], [ -7.255548421940823, 4.70888092180751 ], [ -7.275690133222416, 4.70875718327973 ], [ -7.275566780429456, 4.688549339344232 ] ] ] } },
{ "type": "Feature", "properties": { "id": 17097, "nb_points": 1 }, "geometry": { "type": "Polygon", "coordinates": [ [ [ -7.275690133222416, 4.70875718327973 ], [ -7.255548421940823, 4.70888092180751 ], [ -7.255671731896517, 4.729089284141337 ], [ -7.275814022480269, 4.728965012266455 ], [ -7.275690133222416, 4.70875718327973 ] ] ] } },
{ "type": "Feature", "properties": { "id": 17311, "nb_points": 2 }, "geometry": { "type": "Polygon", "coordinates": [ [ [ -7.314583928603677, 9.03278774252462 ], [ -7.294260369624538, 9.033026499525485 ], [ -7.294500262393821, 9.053230206805582 ], [ -7.314824948142678, 9.052990907157346 ], [ -7.314583928603677, 9.03278774252462 ] ] ] } },
{ "type": "Feature", "properties": { "id": 17336, "nb_points": 12 }, "geometry": { "type": "Polygon", "coordinates": [ [ [ -7.320778057052898, 9.53785812939326 ], [ -7.300425540890183, 9.538110470266956 ], [ -7.300679438269654, 9.558313444794669 ], [ -7.321033146942243, 9.55806055978451 ], [ -7.320778057052898, 9.53785812939326 ] ] ] } },
{ "type": "Feature", "properties": { "id": 17402, "nb_points": 10 }, "geometry": { "type": "Polygon", "coordinates": [ [ [ -7.255548421940823, 4.70888092180751 ], [ -7.235406176702516, 4.709004080321488 ], [ -7.235528907279737, 4.729212973502577 ], [ -7.255671731896517, 4.729089284141337 ], [ -7.255548421940823, 4.70888092180751 ] ] ] } },
{ "type": "Feature", "properties": { "id": 17498, "nb_points": 4 }, "geometry": { "type": "Polygon", "coordinates": [ [ [ -7.269833443753509, 6.648806276240143 ], [ -7.249624082038251, 6.648980548353116 ], [ -7.249798235038115, 6.669187716050024 ], [ -7.270008418822033, 6.669012909683386 ], [ -7.269833443753509, 6.648806276240143 ] ] ] } },
{ "type": "Feature", "properties": { "id": 17540, "nb_points": 12 }, "geometry": { "type": "Polygon", "coordinates": [ [ [ -7.277651165726698, 7.497465990765216 ], [ -7.257405075485567, 7.497662739027796 ], [ -7.257602022787882, 7.517868968042247 ], [ -7.277849042657388, 7.517671683657125 ], [ -7.277651165726698, 7.497465990765216 ] ] ] } },
{ "type": "Feature", "properties": { "id": 17544, "nb_points": 3 }, "geometry": { "type": "Polygon", "coordinates": [ [ [ -7.278445961009408, 7.578288619540415 ], [ -7.258196136815587, 7.578487512577774 ], [ -7.25839526594546, 7.59869364637644 ], [ -7.278646030062375, 7.598494217026349 ], [ -7.278445961009408, 7.578288619540415 ] ] ] } },
{ "type": "Feature", "properties": { "id": 17545, "nb_points": 9 }, "geometry": { "type": "Polygon", "coordinates": [ [ [ -7.278646030062375, 7.598494217026349 ], [ -7.25839526594546, 7.59869364637644 ], [ -7.258594940843397, 7.618899756213251 ], [ -7.278846647458532, 7.618699790502543 ], [ -7.278646030062375, 7.598494217026349 ] ] ] } },
{ "type": "Feature", "properties": { "id": 17802, "nb_points": 3 }, "geometry": { "type": "Polygon", "coordinates": [ [ [ -7.249450469321244, 6.62877335966753 ], [ -7.229241386950557, 6.628946279273544 ], [ -7.229414180040196, 6.649153999655391 ], [ -7.249624082038251, 6.648980548353116 ], [ -7.249450469321244, 6.62877335966753 ] ] ] } },
{ "type": "Feature", "properties": { "id": 17803, "nb_points": 5 }, "geometry": { "type": "Polygon", "coordinates": [ [ [ -7.249624082038251, 6.648980548353116 ], [ -7.229414180040196, 6.649153999655391 ], [ -7.229587510862748, 6.669361699090028 ], [ -7.249798235038115, 6.669187716050024 ], [ -7.249624082038251, 6.648980548353116 ] ] ] } },
{ "type": "Feature", "properties": { "id": 17807, "nb_points": 5 }, "geometry": { "type": "Polygon", "coordinates": [ [ [ -7.250323936823071, 6.729809092575175 ], [ -7.230110730811067, 6.729984671078475 ], [ -7.230286213650177, 6.75019228609209 ], [ -7.250500252044324, 6.750016175683886 ], [ -7.250323936823071, 6.729809092575175 ] ] ] } },
{ "type": "Feature", "properties": { "id": 18136, "nb_points": 3 }, "geometry": { "type": "Polygon", "coordinates": [ [ [ -7.234471109508584, 7.214961434861407 ], [ -7.214236679888763, 7.215148899524608 ], [ -7.214424218502791, 7.235356517214023 ], [ -7.234659542027516, 7.235168522120694 ], [ -7.234471109508584, 7.214961434861407 ] ] ] } },
{ "type": "Feature", "properties": { "id": 18138, "nb_points": 12 }, "geometry": { "type": "Polygon", "coordinates": [ [ [ -7.23484851555665, 7.255375586600977 ], [ -7.214612295561399, 7.255564112169496 ], [ -7.214800911182282, 7.275771684328057 ], [ -7.235038030214239, 7.27558262823915 ], [ -7.23484851555665, 7.255375586600977 ] ] ] } },
{ "type": "Feature", "properties": { "id": 18145, "nb_points": 9 }, "geometry": { "type": "Polygon", "coordinates": [ [ [ -7.236186488523555, 7.396824394850682 ], [ -7.215943921350428, 7.397016635018426 ], [ -7.216136310232125, 7.417224045835768 ], [ -7.236379794420838, 7.417031274827571 ], [ -7.236186488523555, 7.396824394850682 ] ] ] } },
{ "type": "Feature", "properties": { "id": 18404, "nb_points": 12 }, "geometry": { "type": "Polygon", "coordinates": [ [ [ -7.207675233890876, 6.467451638940049 ], [ -7.187471545797036, 6.467618709788916 ], [ -7.187638442068651, 6.487827650666417 ], [ -7.207842929617941, 6.487660053477775 ], [ -7.207675233890876, 6.467451638940049 ] ] ] } },
{ "type": "Feature", "properties": { "id": 18441, "nb_points": 9 }, "geometry": { "type": "Polygon", "coordinates": [ [ [ -7.214236679888763, 7.215148899524608 ], [ -7.194001711941767, 7.215335472622844 ], [ -7.194188356533546, 7.235543618220127 ], [ -7.214424218502791, 7.235356517214023 ], [ -7.214236679888763, 7.215148899524608 ] ] ] } },
{ "type": "Feature", "properties": { "id": 18450, "nb_points": 3 }, "geometry": { "type": "Polygon", "coordinates": [ [ [ -7.215943921350428, 7.397016635018426 ], [ -7.195700814781412, 7.397207960913258 ], [ -7.195892286527023, 7.417415900046877 ], [ -7.216136310232125, 7.417224045835768 ], [ -7.215943921350428, 7.397016635018426 ] ] ] } },
{ "type": "Feature", "properties": { "id": 18492, "nb_points": 3 }, "geometry": { "type": "Polygon", "coordinates": [ [ [ -7.22449020485611, 8.245707105627796 ], [ -7.204206358216195, 8.245920661953713 ], [ -7.204420489265281, 8.266127570378876 ], [ -7.224705361532381, 8.265913483689683 ], [ -7.22449020485611, 8.245707105627796 ] ] ] } },
{ "type": "Feature", "properties": { "id": 18493, "nb_points": 6 }, "geometry": { "type": "Polygon", "coordinates": [ [ [ -7.224705361532381, 8.265913483689683 ], [ -7.204420489265281, 8.266127570378876 ], [ -7.204635162614723, 8.286334452915829 ], [ -7.22492106310533, 8.28611983581178 ], [ -7.224705361532381, 8.265913483689683 ] ] ] } },
{ "type": "Feature", "properties": { "id": 18577, "nb_points": 1 }, "geometry": { "type": "Polygon", "coordinates": [ [ [ -7.244737948255157, 9.963150449086378 ], [ -7.224357587930817, 9.963409283754215 ], [ -7.224618332705376, 9.98361376867714 ], [ -7.244999941792202, 9.983354398779058 ], [ -7.244737948255157, 9.963150449086378 ] ] ] } },
{ "type": "Feature", "properties": { "id": 18704, "nb_points": 12 }, "geometry": { "type": "Polygon", "coordinates": [ [ [ -7.186645037618308, 6.366573702191339 ], [ -7.166444777451256, 6.366737356023426 ], [ -7.166608229508469, 6.386946921388113 ], [ -7.186809276507469, 6.386782743928834 ], [ -7.186645037618308, 6.366573702191339 ] ] ] } },
{ "type": "Feature", "properties": { "id": 18722, "nb_points": 7 }, "geometry": { "type": "Polygon", "coordinates": [ [ [ -7.189682706836861, 6.730333335024084 ], [ -7.169467893979644, 6.730506420250577 ], [ -7.169640879017196, 6.750715615875277 ], [ -7.189856524583606, 6.750542006296024 ], [ -7.189682706836861, 6.730333335024084 ] ] ] } },
{ "type": "Feature", "properties": { "id": 18730, "nb_points": 12 }, "geometry": { "type": "Polygon", "coordinates": [ [ [ -7.191088183720562, 6.892002108645595 ], [ -7.170866637662253, 6.892179389864315 ], [ -7.171043870692737, 6.912388414625735 ], [ -7.191266269902914, 6.912210608718374 ], [ -7.191088183720562, 6.892002108645595 ] ] ] } },
{ "type": "Feature", "properties": { "id": 18741, "nb_points": 4 }, "geometry": { "type": "Polygon", "coordinates": [ [ [ -7.193076523086263, 7.114294406499891 ], [ -7.172845451597172, 7.114477461656243 ], [ -7.173028537225226, 7.134686244920196 ], [ -7.19326049003, 7.134502664599833 ], [ -7.193076523086263, 7.114294406499891 ] ] ] } },
{ "type": "Feature", "properties": { "id": 18742, "nb_points": 8 }, "geometry": { "type": "Polygon", "coordinates": [ [ [ -7.19326049003, 7.134502664599833 ], [ -7.173028537225226, 7.134686244920196 ], [ -7.173212155587804, 7.154895005853326 ], [ -7.193444992271838, 7.154710900324961 ], [ -7.19326049003, 7.134502664599833 ] ] ] } },
{ "type": "Feature", "properties": { "id": 18808, "nb_points": 12 }, "geometry": { "type": "Polygon", "coordinates": [ [ [ -7.206591648690014, 8.468195220450932 ], [ -7.186295833579877, 8.468413565129174 ], [ -7.186514883063213, 8.488620713742849 ], [ -7.206811752534162, 8.488401840663334 ], [ -7.206591648690014, 8.468195220450932 ] ] ] } },
{ "type": "Feature", "properties": { "id": 18877, "nb_points": 12 }, "geometry": { "type": "Polygon", "coordinates": [ [ [ -7.223062184547373, 9.862386393443529 ], [ -7.202687474116634, 9.862641328740024 ], [ -7.202944210290147, 9.882846501048817 ], [ -7.223320156375594, 9.882591033391208 ], [ -7.223062184547373, 9.862386393443529 ] ] ] } },
{ "type": "Feature", "properties": { "id": 18882, "nb_points": 4 }, "geometry": { "type": "Polygon", "coordinates": [ [ [ -7.224357587930817, 9.963409283754215 ], [ -7.203976672686825, 9.963666881479178 ], [ -7.204236168532924, 9.983871899075345 ], [ -7.224618332705376, 9.98361376867714 ], [ -7.224357587930817, 9.963409283754215 ] ] ] } },
{ "type": "Feature", "properties": { "id": 18938, "nb_points": 1 }, "geometry": { "type": "Polygon", "coordinates": [ [ [ -7.156185135912277, 4.931810993444543 ], [ -7.136033743086974, 4.931936954130787 ], [ -7.136159288519465, 4.952148297672229 ], [ -7.156311288734456, 4.952021818320458 ], [ -7.156185135912277, 4.931810993444543 ] ] ] } },
{ "type": "Feature", "properties": { "id": 19007, "nb_points": 7 }, "geometry": { "type": "Polygon", "coordinates": [ [ [ -7.16611945910741, 6.326318165525327 ], [ -7.145920236551312, 6.326479991233549 ], [ -7.146081849616466, 6.346690117457982 ], [ -7.166281854018078, 6.346527770714866 ], [ -7.16611945910741, 6.326318165525327 ] ] ] } },
{ "type": "Feature", "properties": { "id": 19042, "nb_points": 12 }, "geometry": { "type": "Polygon", "coordinates": [ [ [ -7.172118434145069, 7.033642106547013 ], [ -7.151890330128449, 7.033822192385899 ], [ -7.152070414780177, 7.054031586814009 ], [ -7.172299389976731, 7.053850978506842 ], [ -7.172118434145069, 7.033642106547013 ] ] ] } },
{ "type": "Feature", "properties": { "id": 19049, "nb_points": 10 }, "geometry": { "type": "Polygon", "coordinates": [ [ [ -7.173396306799767, 7.175103744392904 ], [ -7.153162050707814, 7.175287488422936 ], [ -7.153345845760763, 7.195496727280109 ], [ -7.173580990976322, 7.195312460476199 ], [ -7.173396306799767, 7.175103744392904 ] ] ] } },
{ "type": "Feature", "properties": { "id": 19094, "nb_points": 12 }, "geometry": { "type": "Polygon", "coordinates": [ [ [ -7.182236540424888, 8.084472785002477 ], [ -7.161959725801585, 8.084680099434218 ], [ -7.162167513115585, 8.104888265024352 ], [ -7.182445332881511, 8.104680425702011 ], [ -7.182236540424888, 8.084472785002477 ] ] ] } },
{ "type": "Feature", "properties": { "id": 19189, "nb_points": 12 }, "geometry": { "type": "Polygon", "coordinates": [ [ [ -7.20449621680762, 10.004076885542885 ], [ -7.184112248455511, 10.004334306458329 ], [ -7.184371594914984, 10.024539791976343 ], [ -7.204756817676475, 10.02428184081977 ], [ -7.20449621680762, 10.004076885542885 ] ] ] } },
{ "type": "Feature", "properties": { "id": 19233, "nb_points": 3 }, "geometry": { "type": "Polygon", "coordinates": [ [ [ -7.134806861520441, 4.729822679948212 ], [ -7.114660885402149, 4.729942872639003 ], [ -7.114780654590206, 4.750154883608201 ], [ -7.134927213048214, 4.750034175047496 ], [ -7.134806861520441, 4.729822679948212 ] ] ] } },
{ "type": "Feature", "properties": { "id": 19244, "nb_points": 2 }, "geometry": { "type": "Polygon", "coordinates": [ [ [ -7.136159288519465, 4.952148297672229 ], [ -7.116006768491628, 4.952274166529408 ], [ -7.116132223754748, 4.972486010760548 ], [ -7.136285353764854, 4.97235962571125 ], [ -7.136159288519465, 4.952148297672229 ] ] ] } },
{ "type": "Feature", "properties": { "id": 19336, "nb_points": 2 }, "geometry": { "type": "Polygon", "coordinates": [ [ [ -7.14994432830817, 6.811517417176219 ], [ -7.129725109959351, 6.811690917194333 ], [ -7.129898531938193, 6.831901069372302 ], [ -7.150118593431584, 6.831727049872516 ], [ -7.14994432830817, 6.811517417176219 ] ] ] } },
{ "type": "Feature", "properties": { "id": 19337, "nb_points": 5 }, "geometry": { "type": "Polygon", "coordinates": [ [ [ -7.150118593431584, 6.831727049872516 ], [ -7.129898531938193, 6.831901069372302 ], [ -7.130072479857768, 6.852111200244454 ], [ -7.150293387052005, 6.851936661221343 ], [ -7.150118593431584, 6.831727049872516 ] ] ] } },
{ "type": "Feature", "properties": { "id": 19338, "nb_points": 1 }, "geometry": { "type": "Polygon", "coordinates": [ [ [ -7.150293387052005, 6.851936661221343 ], [ -7.130072479857768, 6.852111200244454 ], [ -7.130246953826735, 6.87232130974825 ], [ -7.150468709278613, 6.872146251160034 ], [ -7.150293387052005, 6.851936661221343 ] ] ] } },
{ "type": "Feature", "properties": { "id": 19353, "nb_points": 1 }, "geometry": { "type": "Polygon", "coordinates": [ [ [ -7.152978786054441, 7.155078227153524 ], [ -7.132744886236219, 7.155260564112008 ], [ -7.132927264216344, 7.175470345588631 ], [ -7.153162050707814, 7.175287488422936 ], [ -7.152978786054441, 7.155078227153524 ] ] ] } },
{ "type": "Feature", "properties": { "id": 19354, "nb_points": 1 }, "geometry": { "type": "Polygon", "coordinates": [ [ [ -7.153162050707814, 7.175287488422936 ], [ -7.132927264216344, 7.175470345588631 ], [ -7.133110170030684, 7.195680104696855 ], [ -7.153345845760763, 7.195496727280109 ], [ -7.153162050707814, 7.175287488422936 ] ] ] } },
{ "type": "Feature", "properties": { "id": 19540, "nb_points": 9 }, "geometry": { "type": "Polygon", "coordinates": [ [ [ -7.114900940316869, 4.770366879733942 ], [ -7.094753280394958, 4.770487516148731 ], [ -7.094873495297534, 4.790700010792948 ], [ -7.115021742656627, 4.790578860953303 ], [ -7.114900940316869, 4.770366879733942 ] ] ] } },
{ "type": "Feature", "properties": { "id": 19549, "nb_points": 5 }, "geometry": { "type": "Polygon", "coordinates": [ [ [ -7.116006768491628, 4.952274166529408 ], [ -7.095853731165741, 4.952399424814358 ], [ -7.095978576368849, 4.972611782733827 ], [ -7.116132223754748, 4.972486010760548 ], [ -7.116006768491628, 4.952274166529408 ] ] ] } },
{ "type": "Feature", "properties": { "id": 19617, "nb_points": 2 }, "geometry": { "type": "Polygon", "coordinates": [ [ [ -7.125720488117368, 6.326641035855062 ], [ -7.105520216349348, 6.326801299290258 ], [ -7.105680265421848, 6.347012460040434 ], [ -7.125881319236307, 6.346851680599817 ], [ -7.125720488117368, 6.326641035855062 ] ] ] } },
{ "type": "Feature", "properties": { "id": 19618, "nb_points": 3 }, "geometry": { "type": "Polygon", "coordinates": [ [ [ -7.125881319236307, 6.346851680599817 ], [ -7.105680265421848, 6.347012460040434 ], [ -7.105840835384123, 6.367223601025406 ], [ -7.126042673789604, 6.367062305540961 ], [ -7.125881319236307, 6.346851680599817 ] ] ] } },
{ "type": "Feature", "properties": { "id": 19642, "nb_points": 4 }, "geometry": { "type": "Polygon", "coordinates": [ [ [ -7.129898531938193, 6.831901069372302 ], [ -7.109677944504126, 6.832074244756623 ], [ -7.109851046614197, 6.852284892632413 ], [ -7.130072479857768, 6.852111200244454 ], [ -7.129898531938193, 6.831901069372302 ] ] ] } },
{ "type": "Feature", "properties": { "id": 19762, "nb_points": 1 }, "geometry": { "type": "Polygon", "coordinates": [ [ [ -7.154561710230775, 9.256946678790774 ], [ -7.134221207231102, 9.257182227693491 ], [ -7.134457999336374, 9.277389872068907 ], [ -7.154799659201997, 9.277153800249065 ], [ -7.154561710230775, 9.256946678790774 ] ] ] } },
{ "type": "Feature", "properties": { "id": 19798, "nb_points": 7 }, "geometry": { "type": "Polygon", "coordinates": [ [ [ -7.163470185559898, 9.984384440727519 ], [ -7.14308637207464, 9.984638851661083 ], [ -7.143342664602399, 10.004845420989708 ], [ -7.16372773016756, 10.00459048499399 ], [ -7.163470185559898, 9.984384440727519 ] ] ] } },
{ "type": "Feature", "properties": { "id": 19862, "nb_points": 12 }, "geometry": { "type": "Polygon", "coordinates": [ [ [ -7.096866913254074, 5.114097850501827 ], [ -7.076708409582205, 5.114226588451017 ], [ -7.076836745587239, 5.134439331995092 ], [ -7.096995879533619, 5.134310082620209 ], [ -7.096866913254074, 5.114097850501827 ] ] ] } },
{ "type": "Feature", "properties": { "id": 19967, "nb_points": 12 }, "geometry": { "type": "Polygon", "coordinates": [ [ [ -7.113239575536046, 7.236283079061327 ], [ -7.093001059840737, 7.23646570790287 ], [ -7.093183755623943, 7.256676432726074 ], [ -7.113423168487651, 7.25649328854911 ], [ -7.113239575536046, 7.236283079061327 ] ] ] } },
{ "type": "Feature", "properties": { "id": 20067, "nb_points": 3 }, "geometry": { "type": "Polygon", "coordinates": [ [ [ -7.134221207231102, 9.257182227693491 ], [ -7.113880165407155, 9.257416628374461 ], [ -7.114115800496452, 9.27762479311863 ], [ -7.134457999336374, 9.277389872068907 ], [ -7.134221207231102, 9.257182227693491 ] ] ] } },
{ "type": "Feature", "properties": { "id": 20076, "nb_points": 12 }, "geometry": { "type": "Polygon", "coordinates": [ [ [ -7.136371751933941, 9.43904998573594 ], [ -7.116020202147383, 9.439289071797296 ], [ -7.116260669734735, 9.459496975797894 ], [ -7.136613400252946, 9.459257368850377 ], [ -7.136371751933941, 9.43904998573594 ] ] ] } },
{ "type": "Feature", "properties": { "id": 20293, "nb_points": 12 }, "geometry": { "type": "Polygon", "coordinates": [ [ [ -7.096947689056241, 7.660886115167823 ], [ -7.076689267225495, 7.661078627614947 ], [ -7.076882022525448, 7.681289380006375 ], [ -7.097141395698384, 7.681096353803468 ], [ -7.096947689056241, 7.660886115167823 ] ] ] } },
{ "type": "Feature", "properties": { "id": 20374, "nb_points": 8 }, "geometry": { "type": "Polygon", "coordinates": [ [ [ -7.114351971927951, 9.297832929137954 ], [ -7.094008076948088, 9.298067217147757 ], [ -7.09424362244041, 9.318275842314101 ], [ -7.114588679851315, 9.318041036370758 ], [ -7.114351971927951, 9.297832929137954 ] ] ] } },
{ "type": "Feature", "properties": { "id": 20399, "nb_points": 12 }, "geometry": { "type": "Polygon", "coordinates": [ [ [ -7.120431013044661, 9.803026813733295 ], [ -7.100057265398623, 9.803274067471554 ], [ -7.100306206814984, 9.823481954409075 ], [ -7.120681182964074, 9.823234181273673 ], [ -7.120431013044661, 9.803026813733295 ] ] ] } },
{ "type": "Feature", "properties": { "id": 20416, "nb_points": 12 }, "geometry": { "type": "Polygon", "coordinates": [ [ [ -7.124757520402735, 10.146547887300764 ], [ -7.104362526904641, 10.146803979079978 ], [ -7.1046206337336, 10.167011342097647 ], [ -7.125016900937377, 10.166754729878235 ], [ -7.124757520402735, 10.146547887300764 ] ] ] } },
{ "type": "Feature", "properties": { "id": 20524, "nb_points": 1 }, "geometry": { "type": "Polygon", "coordinates": [ [ [ -7.063868792542723, 6.165421299156245 ], [ -7.043673133208832, 6.165575152117126 ], [ -7.043826733024316, 6.185788000762219 ], [ -7.06402315435501, 6.185633639640904 ], [ -7.063868792542723, 6.165421299156245 ] ] ] } },
{ "type": "Feature", "properties": { "id": 20556, "nb_points": 12 }, "geometry": { "type": "Polygon", "coordinates": [ [ [ -7.069064310143461, 6.812206367245651 ], [ -7.048843003803118, 6.812376500240396 ], [ -7.04901305212568, 6.832588705146931 ], [ -7.069235202040751, 6.832418062750409 ], [ -7.069064310143461, 6.812206367245651 ] ] ] } },
{ "type": "Feature", "properties": { "id": 20600, "nb_points": 12 }, "geometry": { "type": "Polygon", "coordinates": [ [ [ -7.077075300883259, 7.701500108608992 ], [ -7.056814450608413, 7.701692695602305 ], [ -7.057007295519719, 7.721903911673055 ], [ -7.077269102420223, 7.721710813360831 ], [ -7.077075300883259, 7.701500108608992 ] ] ] } },
{ "type": "Feature", "properties": { "id": 20766, "nb_points": 2 }, "geometry": { "type": "Polygon", "coordinates": [ [ [ -7.035025539982229, 4.892129791713271 ], [ -7.014872274623337, 4.89225109610504 ], [ -7.014993164884975, 4.912465529521997 ], [ -7.035147033063, 4.912343721547459 ], [ -7.035025539982229, 4.892129791713271 ] ] ] } },
{ "type": "Feature", "properties": { "id": 20767, "nb_points": 2 }, "geometry": { "type": "Polygon", "coordinates": [ [ [ -7.035147033063, 4.912343721547459 ], [ -7.014993164884975, 4.912465529521997 ], [ -7.015114559715097, 4.932679947738429 ], [ -7.035269033227918, 4.932557636152167 ], [ -7.035147033063, 4.912343721547459 ] ] ] } },
{ "type": "Feature", "properties": { "id": 20829, "nb_points": 11 }, "geometry": { "type": "Polygon", "coordinates": [ [ [ -7.043673133208832, 6.165575152117126 ], [ -7.023476961493812, 6.165728243620936 ], [ -7.023629799216824, 6.18594159791173 ], [ -7.043826733024316, 6.185788000762219 ], [ -7.043673133208832, 6.165575152117126 ] ] ] } },
{ "type": "Feature", "properties": { "id": 20998, "nb_points": 12 }, "geometry": { "type": "Polygon", "coordinates": [ [ [ -7.076993418442105, 9.581225682058177 ], [ -7.05663194015019, 9.581464847555242 ], [ -7.056872576293639, 9.601674093871337 ], [ -7.077235254267098, 9.601434414738733 ], [ -7.076993418442105, 9.581225682058177 ] ] ] } },
{ "type": "Feature", "properties": { "id": 21138, "nb_points": 12 }, "geometry": { "type": "Polygon", "coordinates": [ [ [ -7.024091372376824, 6.246581545832936 ], [ -7.003891626815179, 6.246735888527089 ], [ -7.004045732491482, 6.266949669254351 ], [ -7.024246250413331, 6.266794823282809 ], [ -7.024091372376824, 6.246581545832936 ] ] ] } },
{ "type": "Feature", "properties": { "id": 21230, "nb_points": 2 }, "geometry": { "type": "Polygon", "coordinates": [ [ [ -7.040489428245026, 8.106114230520925 ], [ -7.020207910590699, 8.106315045178976 ], [ -7.020409176177495, 8.126526789121005 ], [ -7.040691702470434, 8.126325467261054 ], [ -7.040489428245026, 8.106114230520925 ] ] ] } },
{ "type": "Feature", "properties": { "id": 21445, "nb_points": 1 }, "geometry": { "type": "Polygon", "coordinates": [ [ [ -7.004200345942296, 6.287163430653281 ], [ -6.983998545245115, 6.287318003198337 ], [ -6.984152889020802, 6.307532246042073 ], [ -7.00435546726398, 6.307377172661972 ], [ -7.004200345942296, 6.287163430653281 ] ] ] } },
{ "type": "Feature", "properties": { "id": 21503, "nb_points": 9 }, "geometry": { "type": "Polygon", "coordinates": [ [ [ -7.014040185147286, 7.459526404698502 ], [ -6.993789063397672, 7.459710090733102 ], [ -6.993972891272915, 7.479923105524434 ], [ -7.014224939057409, 7.479738916301431 ], [ -7.014040185147286, 7.459526404698502 ] ] ] } },
{ "type": "Feature", "properties": { "id": 21504, "nb_points": 3 }, "geometry": { "type": "Polygon", "coordinates": [ [ [ -7.014224939057409, 7.479738916301431 ], [ -6.993972891272915, 7.479923105524434 ], [ -6.994157230709248, 7.500136097325147 ], [ -7.01441020710477, 7.499951404869503 ], [ -7.014224939057409, 7.479738916301431 ] ] ] } },
{ "type": "Feature", "properties": { "id": 21535, "nb_points": 2 }, "geometry": { "type": "Polygon", "coordinates": [ [ [ -7.020207910590699, 8.106315045178976 ], [ -6.999925875041504, 8.106514855809333 ], [ -7.000126131863049, 8.12672710441786 ], [ -7.020409176177495, 8.126526789121005 ], [ -7.020207910590699, 8.106315045178976 ] ] ] } },
{ "type": "Feature", "properties": { "id": 21667, "nb_points": 12 }, "geometry": { "type": "Polygon", "coordinates": [ [ [ -6.972941061686609, 4.609474276282922 ], [ -6.952794468952656, 4.609586828123423 ], [ -6.952906599642564, 4.629802962357542 ], [ -6.973053760224752, 4.629689914836895 ], [ -6.972941061686609, 4.609474276282922 ] ] ] } },
{ "type": "Feature", "properties": { "id": 21735, "nb_points": 12 }, "geometry": { "type": "Polygon", "coordinates": [ [ [ -6.981743974594997, 5.984102072751949 ], [ -6.961553028016383, 5.984248398027983 ], [ -6.961699062316285, 6.004463422461971 ], [ -6.981890748404847, 6.004316599406106 ], [ -6.981743974594997, 5.984102072751949 ] ] ] } },
{ "type": "Feature", "properties": { "id": 21750, "nb_points": 8 }, "geometry": { "type": "Polygon", "coordinates": [ [ [ -6.983998545245115, 6.287318003198337 ], [ -6.963796239222237, 6.287471798906884 ], [ -6.963949805355724, 6.307686540068903 ], [ -6.984152889020802, 6.307532246042073 ], [ -6.983998545245115, 6.287318003198337 ] ] ] } },
{ "type": "Feature", "properties": { "id": 21830, "nb_points": 2 }, "geometry": { "type": "Polygon", "coordinates": [ [ [ -6.997951627711124, 7.904391010623578 ], [ -6.977679023146819, 7.904584798408539 ], [ -6.977873149613052, 7.924797794862966 ], [ -6.998146737145608, 7.924603505420651 ], [ -6.997951627711124, 7.904391010623578 ] ] ] } },
{ "type": "Feature", "properties": { "id": 21851, "nb_points": 8 }, "geometry": { "type": "Polygon", "coordinates": [ [ [ -7.002157069478338, 8.328848207783201 ], [ -6.981863277956079, 8.32905254036277 ], [ -6.982068173991888, 8.349265013744356 ], [ -7.002363002993226, 8.349060178498709 ], [ -7.002157069478338, 8.328848207783201 ] ] ] } },
{ "type": "Feature", "properties": { "id": 21872, "nb_points": 12 }, "geometry": { "type": "Polygon", "coordinates": [ [ [ -7.006590383664824, 8.753294128853804 ], [ -6.986274257636455, 8.753509027969008 ], [ -6.986489980182217, 8.77372095130476 ], [ -7.006807198485315, 8.773505548458887 ], [ -7.006590383664824, 8.753294128853804 ] ] ] } },
{ "type": "Feature", "properties": { "id": 21978, "nb_points": 10 }, "geometry": { "type": "Polygon", "coordinates": [ [ [ -6.953474694712019, 4.730883418579465 ], [ -6.933324160841358, 4.730998361286108 ], [ -6.933438685677504, 4.751214902445364 ], [ -6.953589802542496, 4.751099466400405 ], [ -6.953474694712019, 4.730883418579465 ] ] ] } },
{ "type": "Feature", "properties": { "id": 21979, "nb_points": 2 }, "geometry": { "type": "Polygon", "coordinates": [ [ [ -6.953589802542496, 4.751099466400405 ], [ -6.933438685677504, 4.751214902445364 ], [ -6.933553704437485, 4.77143142901302 ], [ -6.953705406810825, 4.77131549960231 ], [ -6.953589802542496, 4.751099466400405 ] ] ] } },
{ "type": "Feature", "properties": { "id": 22054, "nb_points": 3 }, "geometry": { "type": "Polygon", "coordinates": [ [ [ -6.963643175869056, 6.267257038428312 ], [ -6.943441142258084, 6.267409561440552 ], [ -6.943593430419106, 6.287624817683761 ], [ -6.963796239222237, 6.287471798906884 ], [ -6.963643175869056, 6.267257038428312 ] ] ] } },
{ "type": "Feature", "properties": { "id": 22123, "nb_points": 12 }, "geometry": { "type": "Polygon", "coordinates": [ [ [ -6.975389365631574, 7.662026968188165 ], [ -6.955127844892093, 7.662213791146099 ], [ -6.955314889619514, 7.682427572944691 ], [ -6.975577362418059, 7.682240251411873 ], [ -6.975389365631574, 7.662026968188165 ] ] ] } },
{ "type": "Feature", "properties": { "id": 22156, "nb_points": 1 }, "geometry": { "type": "Polygon", "coordinates": [ [ [ -6.981863277956079, 8.32905254036277 ], [ -6.961568972330977, 8.329255840757062 ], [ -6.961772830758597, 8.349468814266016 ], [ -6.982068173991888, 8.349265013744356 ], [ -6.981863277956079, 8.32905254036277 ] ] ] } },
{ "type": "Feature", "properties": { "id": 22158, "nb_points": 3 }, "geometry": { "type": "Polygon", "coordinates": [ [ [ -6.982273584259705, 8.369477461544516 ], [ -6.961977200815151, 8.369681762242726 ], [ -6.962182082629442, 8.389894684626155 ], [ -6.98247950888898, 8.389689883702092 ], [ -6.982273584259705, 8.369477461544516 ] ] ] } },
{ "type": "Feature", "properties": { "id": 22159, "nb_points": 2 }, "geometry": { "type": "Polygon", "coordinates": [ [ [ -6.98247950888898, 8.389689883702092 ], [ -6.962182082629442, 8.389894684626155 ], [ -6.962387476330612, 8.410107581355273 ], [ -6.982685948009504, 8.409902280155928 ], [ -6.98247950888898, 8.389689883702092 ] ] ] } },
{ "type": "Feature", "properties": { "id": 22450, "nb_points": 8 }, "geometry": { "type": "Polygon", "coordinates": [ [ [ -6.959360260637876, 8.106911464490775 ], [ -6.939076686973972, 8.107108262295295 ], [ -6.93927391674621, 8.127322009687651 ], [ -6.959558499551515, 8.127124714824781 ], [ -6.959360260637876, 8.106911464490775 ] ] ] } },
{ "type": "Feature", "properties": { "id": 22687, "nb_points": 12 }, "geometry": { "type": "Polygon", "coordinates": [ [ [ -6.926849490450397, 6.732518570869693 ], [ -6.906627980226972, 6.732680840929929 ], [ -6.906790130404886, 6.75289662388058 ], [ -6.9270124747013, 6.752733862227311 ], [ -6.926849490450397, 6.732518570869693 ] ] ] } },
{ "type": "Feature", "properties": { "id": 22690, "nb_points": 12 }, "geometry": { "type": "Polygon", "coordinates": [ [ [ -6.92733994315252, 6.793164382916177 ], [ -6.907115923036089, 6.793328127872567 ], [ -6.907279565692955, 6.813543848791526 ], [ -6.927504427557447, 6.81337961212481 ], [ -6.92733994315252, 6.793164382916177 ] ] ] } },
{ "type": "Feature", "properties": { "id": 22774, "nb_points": 5 }, "geometry": { "type": "Polygon", "coordinates": [ [ [ -6.942910980648041, 8.491165160674713 ], [ -6.922607278767758, 8.491370358081788 ], [ -6.922813116557386, 8.511584119049452 ], [ -6.943117877150364, 8.511378426200404 ], [ -6.942910980648041, 8.491165160674713 ] ] ] } },
{ "type": "Feature", "properties": { "id": 22775, "nb_points": 5 }, "geometry": { "type": "Polygon", "coordinates": [ [ [ -6.943117877150364, 8.511378426200404 ], [ -6.922813116557386, 8.511584119049452 ], [ -6.923019461798221, 8.531797854096391 ], [ -6.943325283712876, 8.531591665755675 ], [ -6.943117877150364, 8.511378426200404 ] ] ] } },
{ "type": "Feature", "properties": { "id": 22829, "nb_points": 12 }, "geometry": { "type": "Polygon", "coordinates": [ [ [ -6.955051276649066, 9.602854603791851 ], [ -6.934685453287592, 9.603087127595156 ], [ -6.93491940312679, 9.62329937288327 ], [ -6.955286429722737, 9.623066350717865 ], [ -6.955051276649066, 9.602854603791851 ] ] ] } },
{ "type": "Feature", "properties": { "id": 23003, "nb_points": 10 }, "geometry": { "type": "Polygon", "coordinates": [ [ [ -6.908439005577227, 6.95505330940997 ], [ -6.888207681361985, 6.955220128748473 ], [ -6.888374446143385, 6.975436171062046 ], [ -6.908606632701391, 6.975268862219482 ], [ -6.908439005577227, 6.95505330940997 ] ] ] } },
{ "type": "Feature", "properties": { "id": 23111, "nb_points": 4 }, "geometry": { "type": "Polygon", "coordinates": [ [ [ -6.929446441722601, 9.138197551321815 ], [ -6.909107051993395, 9.138417493791838 ], [ -6.909328051795237, 9.158630889744074 ], [ -6.929668584201965, 9.158410452729749 ], [ -6.929446441722601, 9.138197551321815 ] ] ] } },
{ "type": "Feature", "properties": { "id": 23164, "nb_points": 4 }, "geometry": { "type": "Polygon", "coordinates": [ [ [ -6.941928638939714, 10.209441516358744 ], [ -6.921525043986114, 10.209687746305416 ], [ -6.921773230409913, 10.229899585322691 ], [ -6.94217810853204, 10.22965285782348 ], [ -6.941928638939714, 10.209441516358744 ] ] ] } },
{ "type": "Feature", "properties": { "id": 23165, "nb_points": 8 }, "geometry": { "type": "Polygon", "coordinates": [ [ [ -6.94217810853204, 10.22965285782348 ], [ -6.921773230409913, 10.229899585322691 ], [ -6.922021933901998, 10.25011139333839 ], [ -6.942428097864441, 10.249864168226418 ], [ -6.94217810853204, 10.22965285782348 ] ] ] } },
{ "type": "Feature", "properties": { "id": 23168, "nb_points": 3 }, "geometry": { "type": "Polygon", "coordinates": [ [ [ -6.94292963638814, 10.290286695606056 ], [ -6.922520892726458, 10.290534916124747 ], [ -6.922771148377429, 10.310746630775258 ], [ -6.943181185899664, 10.310497912462353 ], [ -6.94292963638814, 10.290286695606056 ] ] ] } },
{ "type": "Feature", "properties": { "id": 23169, "nb_points": 9 }, "geometry": { "type": "Polygon", "coordinates": [ [ [ -6.943181185899664, 10.310497912462353 ], [ -6.922771148377429, 10.310746630775258 ], [ -6.923021921733884, 10.33095831418391 ], [ -6.943433255791715, 10.330709098016044 ], [ -6.943181185899664, 10.310497912462353 ] ] ] } },
{ "type": "Feature", "properties": { "id": 23217, "nb_points": 9 }, "geometry": { "type": "Polygon", "coordinates": [ [ [ -6.875095579483538, 5.115479262903792 ], [ -6.854931572580804, 5.115601058143983 ], [ -6.855052970398709, 5.135819261932798 ], [ -6.875217608430117, 5.135696982845576 ], [ -6.875095579483538, 5.115479262903792 ] ] ] } },
{ "type": "Feature", "properties": { "id": 23268, "nb_points": 9 }, "geometry": { "type": "Polygon", "coordinates": [ [ [ -6.881942617957617, 6.146561713278581 ], [ -6.861743199016168, 6.146708224274781 ], [ -6.861889447116625, 6.166925551932272 ], [ -6.882089626354831, 6.166778555454624 ], [ -6.881942617957617, 6.146561713278581 ] ] ] } },
{ "type": "Feature", "properties": { "id": 23415, "nb_points": 8 }, "geometry": { "type": "Polygon", "coordinates": [ [ [ -6.908886561205449, 9.118204070092084 ], [ -6.888547802648956, 9.118422386136357 ], [ -6.88876715325035, 9.138636301777042 ], [ -6.909107051993395, 9.138417493791838 ], [ -6.908886561205449, 9.118204070092084 ] ] ] } },
{ "type": "Feature", "properties": { "id": 23454, "nb_points": 6 }, "geometry": { "type": "Polygon", "coordinates": [ [ [ -6.917864188942164, 9.906506481733269 ], [ -6.897479006872047, 9.906744023937614 ], [ -6.897718212742697, 9.926956814867737 ], [ -6.918104638153765, 9.92671877855984 ], [ -6.917864188942164, 9.906506481733269 ] ] ] } },
{ "type": "Feature", "properties": { "id": 23455, "nb_points": 6 }, "geometry": { "type": "Polygon", "coordinates": [ [ [ -6.918104638153765, 9.92671877855984 ], [ -6.897718212742697, 9.926956814867737 ], [ -6.897957930682251, 9.9471695757563 ], [ -6.918345602094457, 9.946931045286862 ], [ -6.918104638153765, 9.92671877855984 ] ] ] } },
{ "type": "Feature", "properties": { "id": 23522, "nb_points": 3 }, "geometry": { "type": "Polygon", "coordinates": [ [ [ -6.854931572580804, 5.115601058143983 ], [ -6.834767080509834, 5.115722221769863 ], [ -6.834887847123735, 5.135940906896717 ], [ -6.855052970398709, 5.135819261932798 ], [ -6.854931572580804, 5.115601058143983 ] ] ] } },
{ "type": "Feature", "properties": { "id": 23525, "nb_points": 1 }, "geometry": { "type": "Polygon", "coordinates": [ [ [ -6.855297221841005, 5.176255622503922 ], [ -6.835130828589691, 5.176378230230905 ], [ -6.835253043592549, 5.196596868315899 ], [ -6.855420075616977, 5.196473779163657 ], [ -6.855297221841005, 5.176255622503922 ] ] ] } },
{ "type": "Feature", "properties": { "id": 23526, "nb_points": 1 }, "geometry": { "type": "Polygon", "coordinates": [ [ [ -6.855420075616977, 5.196473779163657 ], [ -6.835253043592549, 5.196596868315899 ], [ -6.835375741543035, 5.216815490597938 ], [ -6.855543414864395, 5.216691919991129 ], [ -6.855420075616977, 5.196473779163657 ] ] ] } },
{ "type": "Feature", "properties": { "id": 23541, "nb_points": 5 }, "geometry": { "type": "Polygon", "coordinates": [ [ [ -6.857321182262418, 5.499744194879682 ], [ -6.837144265559735, 5.499874508993025 ], [ -6.83727421703576, 5.520092886893564 ], [ -6.857451812940778, 5.519962090872037 ], [ -6.857321182262418, 5.499744194879682 ] ] ] } },
{ "type": "Feature", "properties": { "id": 23556, "nb_points": 1 }, "geometry": { "type": "Polygon", "coordinates": [ [ [ -6.859331786934872, 5.803010841631298 ], [ -6.839144416322117, 5.803148387694304 ], [ -6.839281639495568, 5.823366507465255 ], [ -6.859469727309982, 5.823228479014098 ], [ -6.859331786934872, 5.803010841631298 ] ] ] } },
{ "type": "Feature", "properties": { "id": 23557, "nb_points": 11 }, "geometry": { "type": "Polygon", "coordinates": [ [ [ -6.859469727309982, 5.823228479014098 ], [ -6.839281639495568, 5.823366507465255 ], [ -6.839419348120413, 5.843584609539078 ], [ -6.859608155673245, 5.843446098666834 ], [ -6.859469727309982, 5.823228479014098 ] ] ] } },
{ "type": "Feature", "properties": { "id": 23573, "nb_points": 3 }, "geometry": { "type": "Polygon", "coordinates": [ [ [ -6.861743199016168, 6.146708224274781 ], [ -6.841543290670986, 6.146853975495847 ], [ -6.841688778383556, 6.167071786117442 ], [ -6.861889447116625, 6.166925551932272 ], [ -6.861743199016168, 6.146708224274781 ] ] ] } },
{ "type": "Feature", "properties": { "id": 23595, "nb_points": 12 }, "geometry": { "type": "Polygon", "coordinates": [ [ [ -6.865073873674226, 6.591485003037726 ], [ -6.844856648278685, 6.59164138772289 ], [ -6.845012870396794, 6.611858772116688 ], [ -6.865230912270455, 6.61170190367134 ], [ -6.865073873674226, 6.591485003037726 ] ] ] } },
{ "type": "Feature", "properties": { "id": 23614, "nb_points": 2 }, "geometry": { "type": "Polygon", "coordinates": [ [ [ -6.868141763622543, 6.975602616867657 ], [ -6.847908587703121, 6.975768199533122 ], [ -6.848074118320652, 6.995985192111256 ], [ -6.868308159355502, 6.995819124951734 ], [ -6.868141763622543, 6.975602616867657 ] ] ] } },
{ "type": "Feature", "properties": { "id": 23664, "nb_points": 12 }, "geometry": { "type": "Polygon", "coordinates": [ [ [ -6.87706821160981, 7.986400773308855 ], [ -6.856788626756373, 7.986590631815502 ], [ -6.856978837775973, 8.006806488551888 ], [ -6.877259416690356, 8.006616143412533 ], [ -6.87706821160981, 7.986400773308855 ] ] ] } },
{ "type": "Feature", "properties": { "id": 23807, "nb_points": 12 }, "geometry": { "type": "Polygon", "coordinates": [ [ [ -6.832453006452201, 4.711345333386448 ], [ -6.812300128079447, 4.711456294619761 ], [ -6.812410674707674, 4.731675757560645 ], [ -6.832564133979608, 4.731564318050453 ], [ -6.832453006452201, 4.711345333386448 ] ] ] } },
{ "type": "Feature", "properties": { "id": 23830, "nb_points": 6 }, "geometry": { "type": "Polygon", "coordinates": [ [ [ -6.835130828589691, 5.176378230230905 ], [ -6.81496395246666, 5.176500198740434 ], [ -6.815085528620545, 5.196719315740946 ], [ -6.835253043592549, 5.196596868315899 ], [ -6.835130828589691, 5.176378230230905 ] ] ] } },
{ "type": "Feature", "properties": { "id": 23831, "nb_points": 4 }, "geometry": { "type": "Polygon", "coordinates": [ [ [ -6.835253043592549, 5.196596868315899 ], [ -6.815085528620545, 5.196719315740946 ], [ -6.815207585197934, 5.216938416967661 ], [ -6.835375741543035, 5.216815490597938 ], [ -6.835253043592549, 5.196596868315899 ] ] ] } },
{ "type": "Feature", "properties": { "id": 23835, "nb_points": 12 }, "geometry": { "type": "Polygon", "coordinates": [ [ [ -6.835746733843442, 5.277471262014737 ], [ -6.815576638230361, 5.277595625394587 ], [ -6.815700617262517, 5.297814662915699 ], [ -6.835871364349146, 5.297689820473385 ], [ -6.835746733843442, 5.277471262014737 ] ] ] } },
{ "type": "Feature", "properties": { "id": 23846, "nb_points": 3 }, "geometry": { "type": "Polygon", "coordinates": [ [ [ -6.837144265559735, 5.499874508993025 ], [ -6.816966864734864, 5.500004143714661 ], [ -6.81709613692779, 5.520223001011163 ], [ -6.83727421703576, 5.520092886893564 ], [ -6.837144265559735, 5.499874508993025 ] ] ] } },
{ "type": "Feature", "properties": { "id": 23847, "nb_points": 4 }, "geometry": { "type": "Polygon", "coordinates": [ [ [ -6.83727421703576, 5.520092886893564 ], [ -6.81709613692779, 5.520223001011163 ], [ -6.817225890793106, 5.540441841557611 ], [ -6.837404652714787, 5.540311248013034 ], [ -6.83727421703576, 5.520092886893564 ] ] ] } },
{ "type": "Feature", "properties": { "id": 23850, "nb_points": 12 }, "geometry": { "type": "Polygon", "coordinates": [ [ [ -6.837666977006436, 5.580747919664373 ], [ -6.817486843863813, 5.580879472156422 ], [ -6.81761804323142, 5.601098262086831 ], [ -6.837798865782119, 5.600966230074056 ], [ -6.837666977006436, 5.580747919664373 ] ] ] } },
{ "type": "Feature", "properties": { "id": 23853, "nb_points": 12 }, "geometry": { "type": "Polygon", "coordinates": [ [ [ -6.838064097003161, 5.641402799756015 ], [ -6.817881888038986, 5.64153579090481 ], [ -6.818014533643, 5.66175452967045 ], [ -6.83819743961343, 5.661621058906132 ], [ -6.838064097003161, 5.641402799756015 ] ] ] } },
{ "type": "Feature", "properties": { "id": 24080, "nb_points": 12 }, "geometry": { "type": "Polygon", "coordinates": [ [ [ -6.880961925633113, 10.23038922234633 ], [ -6.860555504323078, 10.23063213156415 ], [ -6.860800349344859, 10.250845417021337 ], [ -6.881208056969079, 10.250602017889477 ], [ -6.880961925633113, 10.23038922234633 ] ] ] } },
{ "type": "Feature", "properties": { "id": 24163, "nb_points": 3 }, "geometry": { "type": "Polygon", "coordinates": [ [ [ -6.818549939322223, 5.742629312355051 ], [ -6.798363737410306, 5.742763992268166 ], [ -6.798498085299674, 5.762983121801458 ], [ -6.818684996974097, 5.762847964626972 ], [ -6.818549939322223, 5.742629312355051 ] ] ] } },
{ "type": "Feature", "properties": { "id": 24164, "nb_points": 1 }, "geometry": { "type": "Polygon", "coordinates": [ [ [ -6.818684996974097, 5.762847964626972 ], [ -6.798498085299674, 5.762983121801458 ], [ -6.798632913313398, 5.783202233885427 ], [ -6.81882053728638, 5.783066599417319 ], [ -6.818684996974097, 5.762847964626972 ] ] ] } },
{ "type": "Feature", "properties": { "id": 24427, "nb_points": 12 }, "geometry": { "type": "Polygon", "coordinates": [ [ [ -6.793267867082366, 4.913765408633001 ], [ -6.773108110207009, 4.91387994041872 ], [ -6.773222235257133, 4.934100206491169 ], [ -6.793382598345647, 4.933985201174981 ], [ -6.793267867082366, 4.913765408633001 ] ] ] } },
{ "type": "Feature", "properties": { "id": 24468, "nb_points": 6 }, "geometry": { "type": "Polygon", "coordinates": [ [ [ -6.798363737410306, 5.742763992268166 ], [ -6.778177055457672, 5.742897962465205 ], [ -6.778310693500949, 5.763117566745083 ], [ -6.798498085299674, 5.762983121801458 ], [ -6.798363737410306, 5.742763992268166 ] ] ] } },
{ "type": "Feature", "properties": { "id": 24527, "nb_points": 11 }, "geometry": { "type": "Polygon", "coordinates": [ [ [ -6.807114622783781, 6.935660803844156 ], [ -6.786881705210315, 6.9358228427593 ], [ -6.787043673687127, 6.956041315707436 ], [ -6.807277451554581, 6.955878799953748 ], [ -6.807114622783781, 6.935660803844156 ] ] ] } },
{ "type": "Feature", "properties": { "id": 24528, "nb_points": 1 }, "geometry": { "type": "Polygon", "coordinates": [ [ [ -6.807277451554581, 6.955878799953748 ], [ -6.787043673687127, 6.956041315707436 ], [ -6.787206125200723, 6.976259767664712 ], [ -6.807440765927159, 6.976096775033514 ], [ -6.807277451554581, 6.955878799953748 ] ] ] } },
{ "type": "Feature", "properties": { "id": 24579, "nb_points": 10 }, "geometry": { "type": "Polygon", "coordinates": [ [ [ -6.816227970429438, 7.986967379367013 ], [ -6.795946904143639, 7.987154268177648 ], [ -6.796134132264942, 8.007371569591877 ], [ -6.816416192968799, 8.007184201758982 ], [ -6.816227970429438, 7.986967379367013 ] ] ] } },
{ "type": "Feature", "properties": { "id": 24659, "nb_points": 12 }, "geometry": { "type": "Polygon", "coordinates": [ [ [ -6.832848664912447, 9.604231847718312 ], [ -6.812479791461416, 9.604457210962909 ], [ -6.812706518798194, 9.624672392727769 ], [ -6.833076596364369, 9.624446546464323 ], [ -6.832848664912447, 9.604231847718312 ] ] ] } },
{ "type": "Feature", "properties": { "id": 24773, "nb_points": 2 }, "geometry": { "type": "Polygon", "coordinates": [ [ [ -6.778177055457672, 5.742897962465205 ], [ -6.757989896000245, 5.743031222863322 ], [ -6.758122824114282, 5.763251299374707 ], [ -6.778310693500949, 5.763117566745083 ], [ -6.778177055457672, 5.742897962465205 ] ] ] } },
{ "type": "Feature", "properties": { "id": 24795, "nb_points": 11 }, "geometry": { "type": "Polygon", "coordinates": [ [ [ -6.781227545983624, 6.187725139791836 ], [ -6.761024181425806, 6.187868796832746 ], [ -6.76116758031253, 6.208088476878312 ], [ -6.781371710710038, 6.207944346877144 ], [ -6.781227545983624, 6.187725139791836 ] ] ] } },
{ "type": "Feature", "properties": { "id": 24796, "nb_points": 1 }, "geometry": { "type": "Polygon", "coordinates": [ [ [ -6.781371710710038, 6.207944346877144 ], [ -6.76116758031253, 6.208088476878312 ], [ -6.76131145614703, 6.228308138206676 ], [ -6.781516354930911, 6.228163535210794 ], [ -6.781371710710038, 6.207944346877144 ] ] ] } },
{ "type": "Feature", "properties": { "id": 24804, "nb_points": 2 }, "geometry": { "type": "Polygon", "coordinates": [ [ [ -6.78254229793564, 6.369697323409798 ], [ -6.762331949099903, 6.369845238343119 ], [ -6.762479643771646, 6.390064747756677 ], [ -6.782690781384446, 6.389916359548833 ], [ -6.78254229793564, 6.369697323409798 ] ] ] } },
{ "type": "Feature", "properties": { "id": 24819, "nb_points": 7 }, "geometry": { "type": "Polygon", "coordinates": [ [ [ -6.784820025680304, 6.672980811768538 ], [ -6.764597577108082, 6.673135829599938 ], [ -6.764752448119867, 6.693355043747383 ], [ -6.784975723786333, 6.693199552096766 ], [ -6.784820025680304, 6.672980811768538 ] ] ] } },
{ "type": "Feature", "properties": { "id": 24929, "nb_points": 4 }, "geometry": { "type": "Polygon", "coordinates": [ [ [ -6.804857746877048, 8.896908094481388 ], [ -6.784528859473979, 8.897115481154337 ], [ -6.784737090482219, 8.917332116063076 ], [ -6.805067089847021, 8.917124250764735 ], [ -6.804857746877048, 8.896908094481388 ] ] ] } },
{ "type": "Feature", "properties": { "id": 25001, "nb_points": 12 }, "geometry": { "type": "Polygon", "coordinates": [ [ [ -6.821202329763337, 10.352399213501249 ], [ -6.800786628499741, 10.352641197223534 ], [ -6.801030623069212, 10.372855751894987 ], [ -6.821447627173986, 10.372613285607271 ], [ -6.821202329763337, 10.352399213501249 ] ] ] } },
{ "type": "Feature", "properties": { "id": 25027, "nb_points": 12 }, "geometry": { "type": "Polygon", "coordinates": [ [ [ -6.751838630847902, 4.711785688434799 ], [ -6.731683852785445, 4.711894322852291 ], [ -6.731792075135452, 4.732115673830373 ], [ -6.751947434368978, 4.732006571164717 ], [ -6.751838630847902, 4.711785688434799 ] ] ] } },
{ "type": "Feature", "properties": { "id": 25043, "nb_points": 1 }, "geometry": { "type": "Polygon", "coordinates": [ [ [ -6.753636071594134, 5.035318063270462 ], [ -6.733471692587494, 5.035434192835587 ], [ -6.7335874223793, 5.055655308308836 ], [ -6.753752422868017, 5.055538710066813 ], [ -6.753636071594134, 5.035318063270462 ] ] ] } },
{ "type": "Feature", "properties": { "id": 25045, "nb_points": 11 }, "geometry": { "type": "Polygon", "coordinates": [ [ [ -6.753869246477471, 5.075759341600943 ], [ -6.733703621984059, 5.075876408547621 ], [ -6.733820291473885, 5.09609749349133 ], [ -6.753986542494988, 5.095979957812123 ], [ -6.753869246477471, 5.075759341600943 ] ] ] } },
{ "type": "Feature", "properties": { "id": 25051, "nb_points": 3 }, "geometry": { "type": "Polygon", "coordinates": [ [ [ -6.754580111261815, 5.197082806898592 ], [ -6.734410689743764, 5.19720268666249 ], [ -6.734530180075002, 5.217423678563055 ], [ -6.754700243266868, 5.217303329897013 ], [ -6.754580111261815, 5.197082806898592 ] ] ] } },
{ "type": "Feature", "properties": { "id": 25089, "nb_points": 3 }, "geometry": { "type": "Polygon", "coordinates": [ [ [ -6.759478246874997, 5.96545109830032 ], [ -6.739282662711322, 5.965588817459478 ], [ -6.739420083062743, 5.985809169472397 ], [ -6.759616405169424, 5.985670980241595 ], [ -6.759478246874997, 5.96545109830032 ] ] ] } },
{ "type": "Feature", "properties": { "id": 25090, "nb_points": 2 }, "geometry": { "type": "Polygon", "coordinates": [ [ [ -6.759616405169424, 5.985670980241595 ], [ -6.739420083062743, 5.985809169472397 ], [ -6.739557976853439, 6.006029503466788 ], [ -6.759755039445007, 6.005890844131338 ], [ -6.759616405169424, 5.985670980241595 ] ] ] } },
{ "type": "Feature", "properties": { "id": 25091, "nb_points": 2 }, "geometry": { "type": "Polygon", "coordinates": [ [ [ -6.759755039445007, 6.005890844131338 ], [ -6.739557976853439, 6.006029503466788 ], [ -6.739696344169304, 6.026249819382232 ], [ -6.759894149788102, 6.02611068990901 ], [ -6.759755039445007, 6.005890844131338 ] ] ] } },
{ "type": "Feature", "properties": { "id": 25107, "nb_points": 1 }, "geometry": { "type": "Polygon", "coordinates": [ [ [ -6.762037992686496, 6.329406161973528 ], [ -6.741828736263264, 6.329552347566263 ], [ -6.741974691910861, 6.349772366004705 ], [ -6.762184732102136, 6.349625709728583 ], [ -6.762037992686496, 6.329406161973528 ] ] ] } },
{ "type": "Feature", "properties": { "id": 25108, "nb_points": 4 }, "geometry": { "type": "Polygon", "coordinates": [ [ [ -6.762184732102136, 6.349625709728583 ], [ -6.741974691910861, 6.349772366004705 ], [ -6.742121122590241, 6.369992365337707 ], [ -6.762331949099903, 6.369845238343119 ], [ -6.762184732102136, 6.349625709728583 ] ] ] } },
{ "type": "Feature", "properties": { "id": 25109, "nb_points": 2 }, "geometry": { "type": "Polygon", "coordinates": [ [ [ -6.762331949099903, 6.369845238343119 ], [ -6.742121122590241, 6.369992365337707 ], [ -6.742268028392767, 6.390212345504928 ], [ -6.762479643771646, 6.390064747756677 ], [ -6.762331949099903, 6.369845238343119 ] ] ] } },
{ "type": "Feature", "properties": { "id": 25124, "nb_points": 2 }, "geometry": { "type": "Polygon", "coordinates": [ [ [ -6.764597577108082, 6.673135829599938 ], [ -6.744374649447366, 6.673290021659854 ], [ -6.744528693268136, 6.693509707102792 ], [ -6.764752448119867, 6.693355043747383 ], [ -6.764597577108082, 6.673135829599938 ] ] ] } },
{ "type": "Feature", "properties": { "id": 25145, "nb_points": 1 }, "geometry": { "type": "Polygon", "coordinates": [ [ [ -6.767950628238734, 7.097735011228897 ], [ -6.747709791523076, 7.097899108429343 ], [ -6.747873865188807, 7.118118358482906 ], [ -6.768115582940544, 7.117953789184477 ], [ -6.767950628238734, 7.097735011228897 ] ] ] } },
{ "type": "Feature", "properties": { "id": 25146, "nb_points": 11 }, "geometry": { "type": "Polygon", "coordinates": [ [ [ -6.768115582940544, 7.117953789184477 ], [ -6.747873865188807, 7.118118358482906 ], [ -6.748038417573667, 7.138337587141549 ], [ -6.768281018931418, 7.138172545705641 ], [ -6.768115582940544, 7.117953789184477 ] ] ] } },
{ "type": "Feature", "properties": { "id": 25356, "nb_points": 2 }, "geometry": { "type": "Polygon", "coordinates": [ [ [ -6.734410689743764, 5.19720268666249 ], [ -6.71424079790178, 5.19732192432497 ], [ -6.714359646485009, 5.21754338261631 ], [ -6.734530180075002, 5.217423678563055 ], [ -6.734410689743764, 5.19720268666249 ] ] ] } },
{ "type": "Feature", "properties": { "id": 25394, "nb_points": 4 }, "geometry": { "type": "Polygon", "coordinates": [ [ [ -6.739282662711322, 5.965588817459478 ], [ -6.719086605194016, 5.965725798973624 ], [ -6.719223287516839, 5.985946618540635 ], [ -6.739420083062743, 5.985809169472397 ], [ -6.739282662711322, 5.965588817459478 ] ] ] } },
{ "type": "Feature", "properties": { "id": 25396, "nb_points": 1 }, "geometry": { "type": "Polygon", "coordinates": [ [ [ -6.739557976853439, 6.006029503466788 ], [ -6.719360440736751, 6.006167420121951 ], [ -6.71949806493919, 6.02638820365727 ], [ -6.739696344169304, 6.026249819382232 ], [ -6.739557976853439, 6.006029503466788 ] ] ] } },
{ "type": "Feature", "properties": { "id": 25413, "nb_points": 3 }, "geometry": { "type": "Polygon", "coordinates": [ [ [ -6.741974691910861, 6.349772366004705 ], [ -6.721764176687853, 6.349918236771948 ], [ -6.721909820957487, 6.370138704302447 ], [ -6.742121122590241, 6.369992365337707 ], [ -6.741974691910861, 6.349772366004705 ] ] ] } },
{ "type": "Feature", "properties": { "id": 25429, "nb_points": 2 }, "geometry": { "type": "Polygon", "coordinates": [ [ [ -6.744374649447366, 6.673290021659854 ], [ -6.72415124525646, 6.673443387852727 ], [ -6.724304461789959, 6.69366354206714 ], [ -6.744528693268136, 6.693509707102792 ], [ -6.744374649447366, 6.673290021659854 ] ] ] } },
{ "type": "Feature", "properties": { "id": 25430, "nb_points": 1 }, "geometry": { "type": "Polygon", "coordinates": [ [ [ -6.744528693268136, 6.693509707102792 ], [ -6.724304461789959, 6.69366354206714 ], [ -6.724458152390833, 6.713883676187844 ], [ -6.744683213715406, 6.713729372415163 ], [ -6.744528693268136, 6.693509707102792 ] ] ] } },
{ "type": "Feature", "properties": { "id": 25535, "nb_points": 8 }, "geometry": { "type": "Polygon", "coordinates": [ [ [ -6.763375893443007, 8.816453053129012 ], [ -6.743050448080784, 8.816656336684702 ], [ -6.743254510066523, 8.836874027307477 ], [ -6.763581057158063, 8.836670270422744 ], [ -6.763375893443007, 8.816453053129012 ] ] ] } },
{ "type": "Feature", "properties": { "id": 25689, "nb_points": 1 }, "geometry": { "type": "Polygon", "coordinates": [ [ [ -6.717745662724086, 5.763516627361562 ], [ -6.697556375794797, 5.763648222554693 ], [ -6.69768764106611, 5.78386968337657 ], [ -6.717877640709033, 5.783737623467533 ], [ -6.717745662724086, 5.763516627361562 ] ] ] } },
{ "type": "Feature", "properties": { "id": 25690, "nb_points": 1 }, "geometry": { "type": "Polygon", "coordinates": [ [ [ -6.717877640709033, 5.783737623467533 ], [ -6.69768764106611, 5.78386968337657 ], [ -6.697819373858641, 5.80409112684761 ], [ -6.718010088753205, 5.803958602191143 ], [ -6.717877640709033, 5.783737623467533 ] ] ] } },
{ "type": "Feature", "properties": { "id": 25752, "nb_points": 3 }, "geometry": { "type": "Polygon", "coordinates": [ [ [ -6.726981754483249, 7.037403040313207 ], [ -6.706742591409803, 7.03756397869549 ], [ -6.706903482569373, 7.05778422895003 ], [ -6.727143519175445, 7.057622823643126 ], [ -6.726981754483249, 7.037403040313207 ] ] ] } },
{ "type": "Feature", "properties": { "id": 25753, "nb_points": 6 }, "geometry": { "type": "Polygon", "coordinates": [ [ [ -6.727143519175445, 7.057622823643126 ], [ -6.706903482569373, 7.05778422895003 ], [ -6.707064847003243, 7.078004458067808 ], [ -6.727305759710863, 7.077842585797548 ], [ -6.727143519175445, 7.057622823643126 ] ] ] } },
{ "type": "Feature", "properties": { "id": 25754, "nb_points": 3 }, "geometry": { "type": "Polygon", "coordinates": [ [ [ -6.727305759710863, 7.077842585797548 ], [ -6.707064847003243, 7.078004458067808 ], [ -6.707226684812452, 7.098224665988887 ], [ -6.727468476191083, 7.098062326716427 ], [ -6.727305759710863, 7.077842585797548 ] ] ] } },
{ "type": "Feature", "properties": { "id": 25766, "nb_points": 11 }, "geometry": { "type": "Polygon", "coordinates": [ [ [ -6.72928979919129, 7.32047805810902 ], [ -6.709038172690084, 7.320645537002809 ], [ -6.70920569899608, 7.340865485890579 ], [ -6.729458235044794, 7.340697539519374 ], [ -6.72928979919129, 7.32047805810902 ] ] ] } },
{ "type": "Feature", "properties": { "id": 25820, "nb_points": 1 }, "geometry": { "type": "Polygon", "coordinates": [ [ [ -6.739071068131789, 8.412297063924685 ], [ -6.718766624284386, 8.412489847243886 ], [ -6.718959943770584, 8.432708523944576 ], [ -6.739265437157025, 8.432515270801368 ], [ -6.739071068131789, 8.412297063924685 ] ] ] } },
{ "type": "Feature", "properties": { "id": 25822, "nb_points": 3 }, "geometry": { "type": "Polygon", "coordinates": [ [ [ -6.739460289644018, 8.452733452431799 ], [ -6.719153744108914, 8.452927175445707 ], [ -6.719348025421656, 8.473145801687728 ], [ -6.739655625715712, 8.472951608756311 ], [ -6.739460289644018, 8.452733452431799 ] ] ] } },
{ "type": "Feature", "properties": { "id": 25944, "nb_points": 12 }, "geometry": { "type": "Polygon", "coordinates": [ [ [ -6.691587476559364, 4.752554391691246 ], [ -6.671430134890102, 4.752662201764198 ], [ -6.671537535687326, 4.772884914003586 ], [ -6.691695463763343, 4.772776643155888 ], [ -6.691587476559364, 4.752554391691246 ] ] ] } },
{ "type": "Feature", "properties": { "id": 25967, "nb_points": 4 }, "geometry": { "type": "Polygon", "coordinates": [ [ [ -6.694188645022908, 5.217662441982821 ], [ -6.674017178215016, 5.21778085658902 ], [ -6.674135205900448, 5.238003224492469 ], [ -6.694307317130167, 5.237884348490889 ], [ -6.694188645022908, 5.217662441982821 ] ] ] } },
{ "type": "Feature", "properties": { "id": 25976, "nb_points": 3 }, "geometry": { "type": "Polygon", "coordinates": [ [ [ -6.695273455344339, 5.399659029467402 ], [ -6.675096097734053, 5.399781597661082 ], [ -6.675218294126384, 5.420003822146377 ], [ -6.695396318916033, 5.419880792298371 ], [ -6.695273455344339, 5.399659029467402 ] ] ] } },
{ "type": "Feature", "properties": { "id": 25977, "nb_points": 4 }, "geometry": { "type": "Polygon", "coordinates": [ [ [ -6.695396318916033, 5.419880792298371 ], [ -6.675218294126384, 5.420003822146377 ], [ -6.675340954084182, 5.440226030395223 ], [ -6.69551964858384, 5.44010253886356 ], [ -6.695396318916033, 5.419880792298371 ] ] ] } },
{ "type": "Feature", "properties": { "id": 25995, "nb_points": 10 }, "geometry": { "type": "Polygon", "coordinates": [ [ [ -6.69768764106611, 5.78386968337657 ], [ -6.677497173902019, 5.784001028126982 ], [ -6.677628191360911, 5.804222933828862 ], [ -6.697819373858641, 5.80409112684761 ], [ -6.69768764106611, 5.78386968337657 ] ] ] } },
{ "type": "Feature", "properties": { "id": 26026, "nb_points": 12 }, "geometry": { "type": "Polygon", "coordinates": [ [ [ -6.701989172443199, 6.41072606421223 ], [ -6.681775347380228, 6.410871753259256 ], [ -6.681920821235633, 6.431093092256772 ], [ -6.702135440546303, 6.430946939950809 ], [ -6.701989172443199, 6.41072606421223 ] ] ] } },
{ "type": "Feature", "properties": { "id": 26064, "nb_points": 1 }, "geometry": { "type": "Polygon", "coordinates": [ [ [ -6.707878771834149, 7.179105284507721 ], [ -6.687632966180852, 7.179268602947789 ], [ -6.687796280763644, 7.199489168655041 ], [ -6.708042978046347, 7.199325385546484 ], [ -6.707878771834149, 7.179105284507721 ] ] ] } },
{ "type": "Feature", "properties": { "id": 26071, "nb_points": 1 }, "geometry": { "type": "Polygon", "coordinates": [ [ [ -6.709038172690084, 7.320645537002809 ], [ -6.688786071577167, 7.320812108952309 ], [ -6.688952688230617, 7.341032522786311 ], [ -6.70920569899608, 7.340865485890579 ], [ -6.709038172690084, 7.320645537002809 ] ] ] } },
{ "type": "Feature", "properties": { "id": 26124, "nb_points": 1 }, "geometry": { "type": "Polygon", "coordinates": [ [ [ -6.718573785528346, 8.392271145403191 ], [ -6.698269908002543, 8.392462417536175 ], [ -6.698461699706871, 8.41268158661082 ], [ -6.718766624284386, 8.412489847243886 ], [ -6.718573785528346, 8.392271145403191 ] ] ] } },
{ "type": "Feature", "properties": { "id": 26162, "nb_points": 4 }, "geometry": { "type": "Polygon", "coordinates": [ [ [ -6.726240664085703, 9.160563640021373 ], [ -6.705895158607092, 9.160772700611917 ], [ -6.70610520687348, 9.180990874399402 ], [ -6.72645185903212, 9.180781344731082 ], [ -6.726240664085703, 9.160563640021373 ] ] ] } },
{ "type": "Feature", "properties": { "id": 26163, "nb_points": 4 }, "geometry": { "type": "Polygon", "coordinates": [ [ [ -6.72645185903212, 9.180781344731082 ], [ -6.70610520687348, 9.180990874399402 ], [ -6.70631573809493, 9.201209020839277 ], [ -6.726663539569004, 9.200999022042332 ], [ -6.72645185903212, 9.180781344731082 ] ] ] } },
{ "type": "Feature", "properties": { "id": 26249, "nb_points": 34 }, "geometry": { "type": "Polygon", "coordinates": [ [ [ -6.671430134890102, 4.752662201764198 ], [ -6.651272332007003, 4.752769424747945 ], [ -6.651379146330879, 4.772992595253026 ], [ -6.671537535687326, 4.772884914003586 ], [ -6.671430134890102, 4.752662201764198 ] ] ] } },
{ "type": "Feature", "properties": { "id": 26250, "nb_points": 25 }, "geometry": { "type": "Polygon", "coordinates": [ [ [ -6.671537535687326, 4.772884914003586 ], [ -6.651379146330879, 4.772992595253026 ], [ -6.651486419416649, 4.793215751475942 ], [ -6.671645397765031, 4.793107611935191 ], [ -6.671537535687326, 4.772884914003586 ] ] ] } },
{ "type": "Feature", "properties": { "id": 26251, "nb_points": 1 }, "geometry": { "type": "Polygon", "coordinates": [ [ [ -6.671645397765031, 4.793107611935191 ], [ -6.651486419416649, 4.793215751475942 ], [ -6.651594151330832, 4.813438893356479 ], [ -6.671753721190099, 4.813330295498682 ], [ -6.671645397765031, 4.793107611935191 ] ] ] } },
{ "type": "Feature", "properties": { "id": 26272, "nb_points": 3 }, "geometry": { "type": "Polygon", "coordinates": [ [ [ -6.674017178215016, 5.21778085658902 ], [ -6.653845248587949, 5.21789862636174 ], [ -6.653962631778249, 5.238121453148181 ], [ -6.674135205900448, 5.238003224492469 ], [ -6.674017178215016, 5.21778085658902 ] ] ] } },
{ "type": "Feature", "properties": { "id": 26280, "nb_points": 2 }, "geometry": { "type": "Polygon", "coordinates": [ [ [ -6.674974364831245, 5.379559356999546 ], [ -6.654797208456269, 5.379680798631242 ], [ -6.654918276634297, 5.39990349840426 ], [ -6.675096097734053, 5.399781597661082 ], [ -6.674974364831245, 5.379559356999546 ] ] ] } },
{ "type": "Feature", "properties": { "id": 26283, "nb_points": 3 }, "geometry": { "type": "Polygon", "coordinates": [ [ [ -6.675340954084182, 5.440226030395223 ], [ -6.655161795942867, 5.440348849448665 ], [ -6.655284247224771, 5.460571500599863 ], [ -6.675464077683689, 5.460448222347416 ], [ -6.675340954084182, 5.440226030395223 ] ] ] } },
{ "type": "Feature", "properties": { "id": 26368, "nb_points": 8 }, "geometry": { "type": "Polygon", "coordinates": [ [ [ -6.68747012291068, 7.159048015783467 ], [ -6.667224735103735, 7.159209982790684 ], [ -6.66738668921499, 7.179431032054508 ], [ -6.687632966180852, 7.179268602947789 ], [ -6.68747012291068, 7.159048015783467 ] ] ] } },
{ "type": "Feature", "properties": { "id": 26407, "nb_points": 14 }, "geometry": { "type": "Polygon", "coordinates": [ [ [ -6.694171213545514, 7.947634469560653 ], [ -6.673889236893643, 7.947814488402677 ], [ -6.67406955006842, 7.968034658195644 ], [ -6.694352516644005, 7.967854175647566 ], [ -6.694171213545514, 7.947634469560653 ] ] ] } },
{ "type": "Feature", "properties": { "id": 26468, "nb_points": 4 }, "geometry": { "type": "Polygon", "coordinates": [ [ [ -6.70610520687348, 9.180990874399402 ], [ -6.685758071759836, 9.181199263142364 ], [ -6.685967453532363, 9.20141787615691 ], [ -6.70631573809493, 9.201209020839277 ], [ -6.70610520687348, 9.180990874399402 ] ] ] } },
{ "type": "Feature", "properties": { "id": 26503, "nb_points": 3 }, "geometry": { "type": "Polygon", "coordinates": [ [ [ -6.713762130167677, 9.888609305771352 ], [ -6.693373190829107, 9.888834055574531 ], [ -6.693599469736404, 9.909051676029234 ], [ -6.713989651241398, 9.908826457805725 ], [ -6.713762130167677, 9.888609305771352 ] ] ] } },
{ "type": "Feature", "properties": { "id": 26553, "nb_points": 1 }, "geometry": { "type": "Polygon", "coordinates": [ [ [ -6.651165976378786, 4.732546240020926 ], [ -6.631008298821137, 4.732652420118277 ], [ -6.631114070428291, 4.752876060576281 ], [ -6.651272332007003, 4.752769424747945 ], [ -6.651165976378786, 4.732546240020926 ] ] ] } },
{ "type": "Feature", "properties": { "id": 26555, "nb_points": 12 }, "geometry": { "type": "Polygon", "coordinates": [ [ [ -6.651379146330879, 4.772992595253026 ], [ -6.631220298212588, 4.773099686837718 ], [ -6.631326982239901, 4.793323298842474 ], [ -6.651486419416649, 4.793215751475942 ], [ -6.651379146330879, 4.772992595253026 ] ] ] } },
{ "type": "Feature", "properties": { "id": 26598, "nb_points": 1 }, "geometry": { "type": "Polygon", "coordinates": [ [ [ -6.65640707138451, 5.642574619015814 ], [ -6.636220614202822, 5.642701333690385 ], [ -6.636346983090074, 5.662924275845723 ], [ -6.65653413800496, 5.662797104189145 ], [ -6.65640707138451, 5.642574619015814 ] ] ] } },
{ "type": "Feature", "properties": { "id": 26599, "nb_points": 11 }, "geometry": { "type": "Polygon", "coordinates": [ [ [ -6.65653413800496, 5.662797104189145 ], [ -6.636346983090074, 5.662924275845723 ], [ -6.636473811404848, 5.683147201103298 ], [ -6.656661666589216, 5.683019572434367 ], [ -6.65653413800496, 5.662797104189145 ] ] ] } },
{ "type": "Feature", "properties": { "id": 26609, "nb_points": 5 }, "geometry": { "type": "Polygon", "coordinates": [ [ [ -6.657830225408329, 5.865021014970994 ], [ -6.637635953594089, 5.865152758135243 ], [ -6.637767380572791, 5.885375511119785 ], [ -6.657962378043353, 5.885243310633554 ], [ -6.657830225408329, 5.865021014970994 ] ] ] } },
{ "type": "Feature", "properties": { "id": 26673, "nb_points": 3 }, "geometry": { "type": "Polygon", "coordinates": [ [ [ -6.667224735103735, 7.159209982790684 ], [ -6.646978878658508, 7.159371062893808 ], [ -6.647139943509375, 7.179592571727068 ], [ -6.66738668921499, 7.179431032054508 ], [ -6.667224735103735, 7.159209982790684 ] ] ] } },
{ "type": "Feature", "properties": { "id": 26709, "nb_points": 6 }, "geometry": { "type": "Polygon", "coordinates": [ [ [ -6.673351133853112, 7.887153837171634 ], [ -6.653071638920729, 7.887331487031671 ], [ -6.653249551713517, 7.90755218872942 ], [ -6.673530028898986, 7.907374077831204 ], [ -6.673351133853112, 7.887153837171634 ] ] ] } },
{ "type": "Feature", "properties": { "id": 26712, "nb_points": 22 }, "geometry": { "type": "Polygon", "coordinates": [ [ [ -6.673889236893643, 7.947814488402677 ], [ -6.653606787419144, 7.94799352150614 ], [ -6.653786110556744, 7.968214152466412 ], [ -6.67406955006842, 7.968034658195644 ], [ -6.673889236893643, 7.947814488402677 ] ] ] } },
{ "type": "Feature", "properties": { "id": 26714, "nb_points": 4 }, "geometry": { "type": "Polygon", "coordinates": [ [ [ -6.674250336179337, 7.988254804247491 ], [ -6.653965904034557, 7.988434759728834 ], [ -6.654146167965738, 8.008655343234077 ], [ -6.674431595340171, 8.008474926498769 ], [ -6.674250336179337, 7.988254804247491 ] ] ] } },
{ "type": "Feature", "properties": { "id": 26715, "nb_points": 2 }, "geometry": { "type": "Polygon", "coordinates": [ [ [ -6.674431595340171, 8.008474926498769 ], [ -6.654146167965738, 8.008655343234077 ], [ -6.654326902463752, 8.028875902922815 ], [ -6.674613327665002, 8.028695024890038 ], [ -6.674431595340171, 8.008474926498769 ] ] ] } },
{ "type": "Feature", "properties": { "id": 26785, "nb_points": 12 }, "geometry": { "type": "Polygon", "coordinates": [ [ [ -6.688302392307873, 9.42382080082381 ], [ -6.667940807707637, 9.424033620110128 ], [ -6.668154782489172, 9.444252365588174 ], [ -6.6885175483605, 9.444039081668562 ], [ -6.688302392307873, 9.42382080082381 ] ] ] } },
{ "type": "Feature", "properties": { "id": 26808, "nb_points": 9 }, "geometry": { "type": "Polygon", "coordinates": [ [ [ -6.693373190829107, 9.888834055574531 ], [ -6.672983766331125, 9.889057574756061 ], [ -6.673208802927816, 9.909275661066861 ], [ -6.693599469736404, 9.909051676029234 ], [ -6.693373190829107, 9.888834055574531 ] ] ] } },
{ "type": "Feature", "properties": { "id": 26825, "nb_points": 4 }, "geometry": { "type": "Polygon", "coordinates": [ [ [ -6.697286032607385, 10.232529562326237 ], [ -6.676875126104407, 10.232761008570318 ], [ -6.67710838736106, 10.252978587706757 ], [ -6.697520581555962, 10.25274667466179 ], [ -6.697286032607385, 10.232529562326237 ] ] ] } },
{ "type": "Feature", "properties": { "id": 26858, "nb_points": 11 }, "geometry": { "type": "Polygon", "coordinates": [ [ [ -6.631008298821137, 4.732652420118277 ], [ -6.610850165151975, 4.732758015503851 ], [ -6.610955352672482, 4.75298210918336 ], [ -6.631114070428291, 4.752876060576281 ], [ -6.631008298821137, 4.732652420118277 ] ] ] } },
{ "type": "Feature", "properties": { "id": 26875, "nb_points": 1 }, "geometry": { "type": "Polygon", "coordinates": [ [ [ -6.632868501712065, 5.076452336302927 ], [ -6.612700095763858, 5.076565639960279 ], [ -6.612813004580405, 5.096789484569134 ], [ -6.632982037484988, 5.096675727246414 ], [ -6.632868501712065, 5.076452336302927 ] ] ] } },
{ "type": "Feature", "properties": { "id": 26876, "nb_points": 10 }, "geometry": { "type": "Polygon", "coordinates": [ [ [ -6.632982037484988, 5.096675727246414 ], [ -6.612813004580405, 5.096789484569134 ], [ -6.612926368207947, 5.117013313987107 ], [ -6.633096030594047, 5.116899102971918 ], [ -6.632982037484988, 5.096675727246414 ] ] ] } },
{ "type": "Feature", "properties": { "id": 26907, "nb_points": 2 }, "geometry": { "type": "Polygon", "coordinates": [ [ [ -6.636728846632918, 5.723593000685454 ], [ -6.616539123633902, 5.72372083562088 ], [ -6.616666622745183, 5.743944164412737 ], [ -6.636857053704927, 5.743815874890184 ], [ -6.636728846632918, 5.723593000685454 ] ] ] } },
{ "type": "Feature", "properties": { "id": 26914, "nb_points": 7 }, "geometry": { "type": "Polygon", "coordinates": [ [ [ -6.637635953594089, 5.865152758135243 ], [ -6.617441221550034, 5.865283775827598 ], [ -6.617571922790566, 5.885506983615989 ], [ -6.637767380572791, 5.885375511119785 ], [ -6.637635953594089, 5.865152758135243 ] ] ] } },
{ "type": "Feature", "properties": { "id": 26925, "nb_points": 12 }, "geometry": { "type": "Polygon", "coordinates": [ [ [ -6.639106981154168, 6.087602065465307 ], [ -6.618904126137965, 6.087738087745562 ], [ -6.619039867393091, 6.107961099468612 ], [ -6.639243476127961, 6.107824622032948 ], [ -6.639106981154168, 6.087602065465307 ] ] ] } },
{ "type": "Feature", "properties": { "id": 26928, "nb_points": 7 }, "geometry": { "type": "Polygon", "coordinates": [ [ [ -6.639517849855253, 6.148269680462857 ], [ -6.619312726043264, 6.148407068307336 ], [ -6.61944984360843, 6.168630025303576 ], [ -6.63965572877981, 6.168492182205469 ], [ -6.639517849855253, 6.148269680462857 ] ] ] } },
{ "type": "Feature", "properties": { "id": 27014, "nb_points": 6 }, "geometry": { "type": "Polygon", "coordinates": [ [ [ -6.653071638920729, 7.887331487031671 ], [ -6.632791674097709, 7.887508158657523 ], [ -6.632968604525495, 7.907729318855111 ], [ -6.653249551713517, 7.90755218872942 ], [ -6.653071638920729, 7.887331487031671 ] ] ] } },
{ "type": "Feature", "properties": { "id": 27020, "nb_points": 3 }, "geometry": { "type": "Polygon", "coordinates": [ [ [ -6.654146167965738, 8.008655343234077 ], [ -6.633860270024526, 8.008834766501645 ], [ -6.634040006581947, 8.029055784948097 ], [ -6.654326902463752, 8.028875902922815 ], [ -6.654146167965738, 8.008655343234077 ] ] ] } },
{ "type": "Feature", "properties": { "id": 27042, "nb_points": 7 }, "geometry": { "type": "Polygon", "coordinates": [ [ [ -6.658231232100161, 8.453502049768282 ], [ -6.6379227783325, 8.453691575904932 ], [ -6.638112839389978, 8.473912056371793 ], [ -6.658422348403055, 8.47372207049631 ], [ -6.658231232100161, 8.453502049768282 ] ] ] } },
{ "type": "Feature", "properties": { "id": 27119, "nb_points": 12 }, "geometry": { "type": "Polygon", "coordinates": [ [ [ -6.674341228398512, 10.010365650979386 ], [ -6.653943826711721, 10.010590719965856 ], [ -6.654170502867408, 10.03080909282853 ], [ -6.674569163000808, 10.030583560222826 ], [ -6.674341228398512, 10.010365650979386 ] ] ] } },
{ "type": "Feature", "properties": { "id": 27130, "nb_points": 8 }, "geometry": { "type": "Polygon", "coordinates": [ [ [ -6.676875126104407, 10.232761008570318 ], [ -6.656463734621734, 10.232991180415015 ], [ -6.656695708037446, 10.253209223782674 ], [ -6.67710838736106, 10.252978587706757 ], [ -6.676875126104407, 10.232761008570318 ] ] ] } },
{ "type": "Feature", "properties": { "id": 27181, "nb_points": 1 }, "geometry": { "type": "Polygon", "coordinates": [ [ [ -6.612813004580405, 5.096789484569134 ], [ -6.592643516864875, 5.096902611917518 ], [ -6.592756250940514, 5.117126892515618 ], [ -6.612926368207947, 5.117013313987107 ], [ -6.612813004580405, 5.096789484569134 ] ] ] } },
{ "type": "Feature", "properties": { "id": 27211, "nb_points": 5 }, "geometry": { "type": "Polygon", "coordinates": [ [ [ -6.616412081649893, 5.703497489782006 ], [ -6.596222607025571, 5.703624164749104 ], [ -6.596348943507664, 5.723847962627518 ], [ -6.616539123633902, 5.72372083562088 ], [ -6.616412081649893, 5.703497489782006 ] ] ] } },
{ "type": "Feature", "properties": { "id": 27212, "nb_points": 1 }, "geometry": { "type": "Polygon", "coordinates": [ [ [ -6.616539123633902, 5.72372083562088 ], [ -6.596348943507664, 5.723847962627518 ], [ -6.596475734578861, 5.744071743489264 ], [ -6.616666622745183, 5.743944164412737 ], [ -6.616539123633902, 5.72372083562088 ] ] ] } },
{ "type": "Feature", "properties": { "id": 27214, "nb_points": 2 }, "geometry": { "type": "Polygon", "coordinates": [ [ [ -6.616794579063095, 5.764167476097763 ], [ -6.596602980318083, 5.764295507274642 ], [ -6.596730680804543, 5.784519253923961 ], [ -6.616922992667286, 5.784390770616163 ], [ -6.616794579063095, 5.764167476097763 ] ] ] } },
{ "type": "Feature", "properties": { "id": 27222, "nb_points": 4 }, "geometry": { "type": "Polygon", "coordinates": [ [ [ -6.61783469866422, 5.925953346556972 ], [ -6.597637323847047, 5.926084995646456 ], [ -6.597768665197814, 5.94630860305897 ], [ -6.617966773461017, 5.946176501590029 ], [ -6.61783469866422, 5.925953346556972 ] ] ] } },
{ "type": "Feature", "properties": { "id": 27233, "nb_points": 4 }, "geometry": { "type": "Polygon", "coordinates": [ [ [ -6.619312726043264, 6.148407068307336 ], [ -6.599107143376202, 6.148543695325131 ], [ -6.599243499496476, 6.168767105054121 ], [ -6.61944984360843, 6.168630025303576 ], [ -6.619312726043264, 6.148407068307336 ] ] ] } },
{ "type": "Feature", "properties": { "id": 27306, "nb_points": 1 }, "geometry": { "type": "Polygon", "coordinates": [ [ [ -6.63053406245781, 7.62463096663481 ], [ -6.610266166688478, 7.624800736232822 ], [ -6.610436082026569, 7.645022651659286 ], [ -6.630704926596198, 7.64485242664166 ], [ -6.63053406245781, 7.62463096663481 ] ] ] } },
{ "type": "Feature", "properties": { "id": 27307, "nb_points": 1 }, "geometry": { "type": "Polygon", "coordinates": [ [ [ -6.630704926596198, 7.64485242664166 ], [ -6.610436082026569, 7.645022651659286 ], [ -6.610606460762895, 7.665244544420233 ], [ -6.630876256719695, 7.665073863942011 ], [ -6.630704926596198, 7.64485242664166 ] ] ] } },
{ "type": "Feature", "properties": { "id": 27325, "nb_points": 3 }, "geometry": { "type": "Polygon", "coordinates": [ [ [ -6.633860270024526, 8.008834766501645 ], [ -6.61357390411401, 8.009013196189857 ], [ -6.61375264261769, 8.029234670853985 ], [ -6.634040006581947, 8.029055784948097 ], [ -6.633860270024526, 8.008834766501645 ] ] ] } },
{ "type": "Feature", "properties": { "id": 27358, "nb_points": 2 }, "geometry": { "type": "Polygon", "coordinates": [ [ [ -6.640039355667986, 8.676115468959088 ], [ -6.61971867855266, 8.676308977238714 ], [ -6.619912839288133, 8.696529635692817 ], [ -6.640234600543235, 8.696335669710942 ], [ -6.640039355667986, 8.676115468959088 ] ] ] } },
{ "type": "Feature", "properties": { "id": 27359, "nb_points": 4 }, "geometry": { "type": "Polygon", "coordinates": [ [ [ -6.640234600543235, 8.696335669710942 ], [ -6.619912839288133, 8.696529635692817 ], [ -6.620107469394071, 8.716750268411118 ], [ -6.640430317408843, 8.716555844680045 ], [ -6.640234600543235, 8.696335669710942 ] ] ] } },
{ "type": "Feature", "properties": { "id": 27509, "nb_points": 12 }, "geometry": { "type": "Polygon", "coordinates": [ [ [ -6.595350973577199, 5.562057108148815 ], [ -6.575165912465825, 5.562179931806428 ], [ -6.57528838118625, 5.58240429644365 ], [ -6.595474130121063, 5.582281023472064 ], [ -6.595350973577199, 5.562057108148815 ] ] ] } },
{ "type": "Feature", "properties": { "id": 27516, "nb_points": 4 }, "geometry": { "type": "Polygon", "coordinates": [ [ [ -6.596222607025571, 5.703624164749104 ], [ -6.576032677890825, 5.703750134226117 ], [ -6.576158308792368, 5.723974381626722 ], [ -6.596348943507664, 5.723847962627518 ], [ -6.596222607025571, 5.703624164749104 ] ] ] } },
{ "type": "Feature", "properties": { "id": 27519, "nb_points": 35 }, "geometry": { "type": "Polygon", "coordinates": [ [ [ -6.596602980318083, 5.764295507274642 ], [ -6.576410926825881, 5.764422825408882 ], [ -6.576537914115109, 5.784647021671269 ], [ -6.596730680804543, 5.784519253923961 ], [ -6.596602980318083, 5.764295507274642 ] ] ] } },
{ "type": "Feature", "properties": { "id": 27520, "nb_points": 12 }, "geometry": { "type": "Polygon", "coordinates": [ [ [ -6.596730680804543, 5.784519253923961 ], [ -6.576537914115109, 5.784647021671269 ], [ -6.576665353691303, 5.804871200768425 ], [ -6.596858836117741, 5.804742983377537 ], [ -6.596730680804543, 5.784519253923961 ] ] ] } },
{ "type": "Feature", "properties": { "id": 27527, "nb_points": 8 }, "geometry": { "type": "Polygon", "coordinates": [ [ [ -6.597637323847047, 5.926084995646456 ], [ -6.577439493638551, 5.926215911545724 ], [ -6.577570101461464, 5.946439968818476 ], [ -6.597768665197814, 5.94630860305897 ], [ -6.597637323847047, 5.926084995646456 ] ] ] } },
{ "type": "Feature", "properties": { "id": 27555, "nb_points": 12 }, "geometry": { "type": "Polygon", "coordinates": [ [ [ -6.601487325515006, 6.492339127474544 ], [ -6.58126799362034, 6.492482651686942 ], [ -6.581411315297368, 6.512706192503993 ], [ -6.601631452110584, 6.512562217510755 ], [ -6.601487325515006, 6.492339127474544 ] ] ] } },
{ "type": "Feature", "properties": { "id": 27611, "nb_points": 2 }, "geometry": { "type": "Polygon", "coordinates": [ [ [ -6.610266166688478, 7.624800736232822 ], [ -6.589997807627702, 7.624969560362541 ], [ -6.590166774058755, 7.645191928672684 ], [ -6.610436082026569, 7.645022651659286 ], [ -6.610266166688478, 7.624800736232822 ] ] ] } },
{ "type": "Feature", "properties": { "id": 27612, "nb_points": 5 }, "geometry": { "type": "Polygon", "coordinates": [ [ [ -6.610436082026569, 7.645022651659286 ], [ -6.590166774058755, 7.645191928672684 ], [ -6.590336201300866, 7.665414274358053 ], [ -6.610606460762895, 7.665244544420233 ], [ -6.610436082026569, 7.645022651659286 ] ] ] } },
{ "type": "Feature", "properties": { "id": 27653, "nb_points": 12 }, "geometry": { "type": "Polygon", "coordinates": [ [ [ -6.617802859726885, 8.474100990185802 ], [ -6.597492412026296, 8.47428887182064 ], [ -6.597680827658407, 8.49451023908634 ], [ -6.617992333456524, 8.494321902758349 ], [ -6.617802859726885, 8.474100990185802 ] ] ] } },
{ "type": "Feature", "properties": { "id": 27657, "nb_points": 12 }, "geometry": { "type": "Polygon", "coordinates": [ [ [ -6.618563564068474, 8.554984489360089 ], [ -6.598248868294159, 8.555174190041248 ], [ -6.598439146817801, 8.575395456549426 ], [ -6.618754911147602, 8.575205300992263 ], [ -6.618563564068474, 8.554984489360089 ] ] ] } },
{ "type": "Feature", "properties": { "id": 27664, "nb_points": 6 }, "geometry": { "type": "Polygon", "coordinates": [ [ [ -6.619912839288133, 8.696529635692817 ], [ -6.599590608662612, 8.696722521476103 ], [ -6.599784151885839, 8.716943609394848 ], [ -6.620107469394071, 8.716750268411118 ], [ -6.619912839288133, 8.696529635692817 ] ] ] } },
{ "type": "Feature", "properties": { "id": 27740, "nb_points": 12 }, "geometry": { "type": "Polygon", "coordinates": [ [ [ -6.636051860835613, 10.2332200777161 ], [ -6.61563950742262, 10.233447700330126 ], [ -6.615868904712667, 10.253666664450018 ], [ -6.636282546262186, 10.253438582745005 ], [ -6.636051860835613, 10.2332200777161 ] ] ] } },
{ "type": "Feature", "properties": { "id": 27787, "nb_points": 11 }, "geometry": { "type": "Polygon", "coordinates": [ [ [ -6.572029655955539, 5.016116041385167 ], [ -6.551861759704602, 5.016226124222579 ], [ -6.55197144594394, 5.036451359727002 ], [ -6.572139961784702, 5.036340830840945 ], [ -6.572029655955539, 5.016116041385167 ] ] ] } },
{ "type": "Feature", "properties": { "id": 27805, "nb_points": 8 }, "geometry": { "type": "Polygon", "coordinates": [ [ [ -6.574083999424936, 5.380159914293984 ], [ -6.553904563938485, 5.380278030123413 ], [ -6.554022307372153, 5.40050298773952 ], [ -6.574202407955507, 5.400384425370993 ], [ -6.574083999424936, 5.380159914293984 ] ] ] } },
{ "type": "Feature", "properties": { "id": 27807, "nb_points": 24 }, "geometry": { "type": "Polygon", "coordinates": [ [ [ -6.574321267320043, 5.4206089204155 ], [ -6.55414049910781, 5.420727929351403 ], [ -6.554259139218938, 5.440952854899514 ], [ -6.574440577592436, 5.440833399367853 ], [ -6.574321267320043, 5.4206089204155 ] ] ] } },
{ "type": "Feature", "properties": { "id": 27849, "nb_points": 12 }, "geometry": { "type": "Polygon", "coordinates": [ [ [ -6.579721481306006, 6.270022445440871 ], [ -6.559510380644896, 6.270160237181317 ], [ -6.559647922664207, 6.290384434338209 ], [ -6.57985980023925, 6.290246194711451 ], [ -6.579721481306006, 6.270022445440871 ] ] ] } },
{ "type": "Feature", "properties": { "id": 27858, "nb_points": 10 }, "geometry": { "type": "Polygon", "coordinates": [ [ [ -6.580982715886973, 6.452035512369941 ], [ -6.560764531102945, 6.452177336287332 ], [ -6.560906142500296, 6.472401363727841 ], [ -6.581125127179951, 6.472259091622456 ], [ -6.580982715886973, 6.452035512369941 ] ] ] } },
{ "type": "Feature", "properties": { "id": 27860, "nb_points": 12 }, "geometry": { "type": "Polygon", "coordinates": [ [ [ -6.58126799362034, 6.492482651686942 ], [ -6.561048206489084, 6.492625372014391 ], [ -6.561190723158041, 6.51284936108769 ], [ -6.581411315297368, 6.512706192503993 ], [ -6.58126799362034, 6.492482651686942 ] ] ] } },
{ "type": "Feature", "properties": { "id": 27917, "nb_points": 3 }, "geometry": { "type": "Polygon", "coordinates": [ [ [ -6.590166774058755, 7.645191928672684 ], [ -6.569897005279932, 7.645360257576639 ], [ -6.570065480921374, 7.665583053649976 ], [ -6.590336201300866, 7.665414274358053 ], [ -6.590166774058755, 7.645191928672684 ] ] ] } },
{ "type": "Feature", "properties": { "id": 27936, "nb_points": 8 }, "geometry": { "type": "Polygon", "coordinates": [ [ [ -6.593464813169384, 8.029412560529179 ], [ -6.573176520835741, 8.029589453863002 ], [ -6.573353723181343, 8.04981180963747 ], [ -6.593643016392179, 8.04963446512426 ], [ -6.593464813169384, 8.029412560529179 ] ] ] } },
{ "type": "Feature", "properties": { "id": 28051, "nb_points": 3 }, "geometry": { "type": "Polygon", "coordinates": [ [ [ -6.617023050554665, 10.354761030987502 ], [ -6.596602450306044, 10.354990118728221 ], [ -6.596833408022001, 10.375209357670773 ], [ -6.617255312634292, 10.374979813075246 ], [ -6.617023050554665, 10.354761030987502 ] ] ] } },
{ "type": "Feature", "properties": { "id": 28092, "nb_points": 1 }, "geometry": { "type": "Polygon", "coordinates": [ [ [ -6.551861759704602, 5.016226124222579 ], [ -6.531693416493934, 5.016335586928347 ], [ -6.531802483075353, 5.036561265968822 ], [ -6.55197144594394, 5.036451359727002 ], [ -6.551861759704602, 5.016226124222579 ] ] ] } },
{ "type": "Feature", "properties": { "id": 28103, "nb_points": 1 }, "geometry": { "type": "Polygon", "coordinates": [ [ [ -6.553092906245798, 5.23870288369544 ], [ -6.532917607852212, 5.23881722675552 ], [ -6.533031567749889, 5.259042738563422 ], [ -6.553207513599132, 5.258927951673378 ], [ -6.553092906245798, 5.23870288369544 ] ] ] } },
{ "type": "Feature", "properties": { "id": 28104, "nb_points": 9 }, "geometry": { "type": "Polygon", "coordinates": [ [ [ -6.553207513599132, 5.258927951673378 ], [ -6.533031567749889, 5.259042738563422 ], [ -6.53314597291372, 5.279268234811426 ], [ -6.553322568748046, 5.279153004064054 ], [ -6.553207513599132, 5.258927951673378 ] ] ] } },
{ "type": "Feature", "properties": { "id": 28110, "nb_points": 4 }, "geometry": { "type": "Polygon", "coordinates": [ [ [ -6.553904563938485, 5.380278030123413 ], [ -6.53372468022329, 5.380395480571669 ], [ -6.533841758486858, 5.400620882211553 ], [ -6.554022307372153, 5.40050298773952 ], [ -6.553904563938485, 5.380278030123413 ] ] ] } },
{ "type": "Feature", "properties": { "id": 28158, "nb_points": 12 }, "geometry": { "type": "Polygon", "coordinates": [ [ [ -6.560063259902554, 6.351056913851213 ], [ -6.5398485842092, 6.35119571103129 ], [ -6.539987146760005, 6.371420278847675 ], [ -6.560202609663492, 6.371281036171863 ], [ -6.560063259902554, 6.351056913851213 ] ] ] } },
{ "type": "Feature", "properties": { "id": 28180, "nb_points": 12 }, "geometry": { "type": "Polygon", "coordinates": [ [ [ -6.563233538324296, 6.795983157528037 ], [ -6.543000953314664, 6.796131763483086 ], [ -6.54314942752298, 6.816355903499835 ], [ -6.563382856041816, 6.816206851290382 ], [ -6.563233538324296, 6.795983157528037 ] ] ] } },
{ "type": "Feature", "properties": { "id": 28209, "nb_points": 12 }, "geometry": { "type": "Polygon", "coordinates": [ [ [ -6.56774848216236, 7.382461874932154 ], [ -6.5474903920703, 7.382623437182808 ], [ -6.547652000842389, 7.402846969585127 ], [ -6.56791100904544, 7.402684959998444 ], [ -6.56774848216236, 7.382461874932154 ] ] ] } },
{ "type": "Feature", "properties": { "id": 28241, "nb_points": 1 }, "geometry": { "type": "Polygon", "coordinates": [ [ [ -6.573176520835741, 8.029589453863002 ], [ -6.552887768215779, 8.029765350745381 ], [ -6.5530639695726, 8.049988155158101 ], [ -6.573353723181343, 8.04981180963747 ], [ -6.573176520835741, 8.029589453863002 ] ] ] } },
{ "type": "Feature", "properties": { "id": 28247, "nb_points": 1 }, "geometry": { "type": "Polygon", "coordinates": [ [ [ -6.574246643121061, 8.150923230894184 ], [ -6.553951845556698, 8.151101820246499 ], [ -6.554130795376592, 8.171324481458051 ], [ -6.574426609538826, 8.171145443210518 ], [ -6.574246643121061, 8.150923230894184 ] ] ] } },
{ "type": "Feature", "properties": { "id": 28352, "nb_points": 3 }, "geometry": { "type": "Polygon", "coordinates": [ [ [ -6.595683369492103, 10.274112859257302 ], [ -6.57526748532033, 10.274338840024296 ], [ -6.575495249524032, 10.294558654390913 ], [ -6.595912427482223, 10.294332219564 ], [ -6.595683369492103, 10.274112859257302 ] ] ] } },
{ "type": "Feature", "properties": { "id": 28364, "nb_points": 6 }, "geometry": { "type": "Polygon", "coordinates": [ [ [ -6.598463428744504, 10.516743173405509 ], [ -6.578031842073739, 10.516974606571651 ], [ -6.578265280351358, 10.537194054732028 ], [ -6.598698193023202, 10.536962166833769 ], [ -6.598463428744504, 10.516743173405509 ] ] ] } },
{ "type": "Feature", "properties": { "id": 28388, "nb_points": 12 }, "geometry": { "type": "Polygon", "coordinates": [ [ [ -6.530731808804545, 4.834303814641624 ], [ -6.510568485108469, 4.834408689093391 ], [ -6.510672957164717, 4.854634940397558 ], [ -6.530836877874691, 4.854529625152118 ], [ -6.530731808804545, 4.834303814641624 ] ] ] } },
{ "type": "Feature", "properties": { "id": 28409, "nb_points": 2 }, "geometry": { "type": "Polygon", "coordinates": [ [ [ -6.533031567749889, 5.259042738563422 ], [ -6.512855176634539, 5.259156875089977 ], [ -6.512968931742195, 5.279382812680646 ], [ -6.53314597291372, 5.279268234811426 ], [ -6.533031567749889, 5.259042738563422 ] ] ] } },
{ "type": "Feature", "properties": { "id": 28411, "nb_points": 1 }, "geometry": { "type": "Polygon", "coordinates": [ [ [ -6.533260823414798, 5.299493715440065 ], [ -6.513083129656989, 5.299608734679266 ], [ -6.513197770449893, 5.319834641026476 ], [ -6.533376119324496, 5.319719180389868 ], [ -6.533260823414798, 5.299493715440065 ] ] ] } },
{ "type": "Feature", "properties": { "id": 28412, "nb_points": 11 }, "geometry": { "type": "Polygon", "coordinates": [ [ [ -6.533376119324496, 5.319719180389868 ], [ -6.513197770449893, 5.319834641026476 ], [ -6.51331285419216, 5.340060531662922 ], [ -6.533491860714471, 5.339944629601375 ], [ -6.533376119324496, 5.319719180389868 ] ] ] } },
{ "type": "Feature", "properties": { "id": 28423, "nb_points": 3 }, "geometry": { "type": "Polygon", "coordinates": [ [ [ -6.534673791995956, 5.542198243031466 ], [ -6.514488069706412, 5.542318560880306 ], [ -6.514608030674776, 5.562544274782145 ], [ -6.534794438479161, 5.562423515198425 ], [ -6.534673791995956, 5.542198243031466 ] ] ] } },
{ "type": "Feature", "properties": { "id": 28424, "nb_points": 9 }, "geometry": { "type": "Polygon", "coordinates": [ [ [ -6.534794438479161, 5.562423515198425 ], [ -6.514608030674776, 5.562544274782145 ], [ -6.51472843546948, 5.582769972261301 ], [ -6.534915531324584, 5.582648770913879 ], [ -6.534794438479161, 5.562423515198425 ] ] ] } },
{ "type": "Feature", "properties": { "id": 28434, "nb_points": 2 }, "geometry": { "type": "Polygon", "coordinates": [ [ [ -6.536025465757525, 5.764675322234783 ], [ -6.515832063260898, 5.764800500770203 ], [ -6.515956910485821, 5.785026030761873 ], [ -6.536151026415546, 5.784900410168626 ], [ -6.536025465757525, 5.764675322234783 ] ] ] } },
{ "type": "Feature", "properties": { "id": 28477, "nb_points": 6 }, "geometry": { "type": "Polygon", "coordinates": [ [ [ -6.541829405249944, 6.634337925922722 ], [ -6.521603025289808, 6.634482141374806 ], [ -6.521747067121411, 6.654706883713678 ], [ -6.541974270180561, 6.654562224815725 ], [ -6.541829405249944, 6.634337925922722 ] ] ] } },
{ "type": "Feature", "properties": { "id": 28491, "nb_points": 11 }, "geometry": { "type": "Polygon", "coordinates": [ [ [ -6.543898574051901, 6.917476300518422 ], [ -6.523660437459242, 6.917626727407757 ], [ -6.523810763517507, 6.937851189726094 ], [ -6.544049759111472, 6.937700318895501 ], [ -6.543898574051901, 6.917476300518422 ] ] ] } },
{ "type": "Feature", "properties": { "id": 28544, "nb_points": 2 }, "geometry": { "type": "Polygon", "coordinates": [ [ [ -6.552536738452627, 7.989319670994831 ], [ -6.532249522546911, 7.989493679249168 ], [ -6.53242381273917, 8.009716976938247 ], [ -6.552712024546008, 8.009542522671373 ], [ -6.552536738452627, 7.989319670994831 ] ] ] } },
{ "type": "Feature", "properties": { "id": 28550, "nb_points": 12 }, "geometry": { "type": "Polygon", "coordinates": [ [ [ -6.553595320876495, 8.110656425841103 ], [ -6.533302090566574, 8.110833110804155 ], [ -6.533479112279745, 8.131056266251051 ], [ -6.553773354094157, 8.130879135021278 ], [ -6.553595320876495, 8.110656425841103 ] ] ] } },
{ "type": "Feature", "properties": { "id": 28552, "nb_points": 11 }, "geometry": { "type": "Polygon", "coordinates": [ [ [ -6.553951845556698, 8.151101820246499 ], [ -6.533656589635035, 8.15127939778575 ], [ -6.533834522744281, 8.171502505349647 ], [ -6.554130795376592, 8.171324481458051 ], [ -6.553951845556698, 8.151101820246499 ] ] ] } },
{ "type": "Feature", "properties": { "id": 28604, "nb_points": 7 }, "geometry": { "type": "Polygon", "coordinates": [ [ [ -6.56386774896235, 9.202646987744878 ], [ -6.543516156618905, 9.202847835096044 ], [ -6.543717950559952, 9.223069615588596 ], [ -6.564070695905194, 9.222868319499982 ], [ -6.56386774896235, 9.202646987744878 ] ] ] } },
{ "type": "Feature", "properties": { "id": 28605, "nb_points": 1 }, "geometry": { "type": "Polygon", "coordinates": [ [ [ -6.564070695905194, 9.222868319499982 ], [ -6.543717950559952, 9.223069615588596 ], [ -6.543920206617019, 9.243291369013974 ], [ -6.564274107603458, 9.243089624139026 ], [ -6.564070695905194, 9.222868319499982 ] ] ] } },
{ "type": "Feature", "properties": { "id": 28657, "nb_points": 6 }, "geometry": { "type": "Polygon", "coordinates": [ [ [ -6.57526748532033, 10.274338840024296 ], [ -6.554851129263171, 10.274563540536038 ], [ -6.555077599534868, 10.2947838063908 ], [ -6.575495249524032, 10.294558654390913 ], [ -6.57526748532033, 10.274338840024296 ] ] ] } },
{ "type": "Feature", "properties": { "id": 28669, "nb_points": 6 }, "geometry": { "type": "Polygon", "coordinates": [ [ [ -6.578031842073739, 10.516974606571651 ], [ -6.557599781749107, 10.517204728600623 ], [ -6.557831893876159, 10.537424628917581 ], [ -6.578265280351358, 10.537194054732028 ], [ -6.578031842073739, 10.516974606571651 ] ] ] } },
{ "type": "Feature", "properties": { "id": 28738, "nb_points": 1 }, "geometry": { "type": "Polygon", "coordinates": [ [ [ -6.515707660624163, 5.744574953763076 ], [ -6.495514524509758, 5.744698979434243 ], [ -6.495638216176132, 5.764924965950503 ], [ -6.515832063260898, 5.764800500770203 ], [ -6.515707660624163, 5.744574953763076 ] ] ] } },
{ "type": "Feature", "properties": { "id": 28739, "nb_points": 9 }, "geometry": { "type": "Polygon", "coordinates": [ [ [ -6.515832063260898, 5.764800500770203 ], [ -6.495638216176132, 5.764924965950503 ], [ -6.495762349890216, 5.785150935481034 ], [ -6.515956910485821, 5.785026030761873 ], [ -6.515832063260898, 5.764800500770203 ] ] ] } },
{ "type": "Feature", "properties": { "id": 28782, "nb_points": 6 }, "geometry": { "type": "Polygon", "coordinates": [ [ [ -6.521603025289808, 6.634482141374806 ], [ -6.501376197141131, 6.634625534995985 ], [ -6.501519415783673, 6.654850718253936 ], [ -6.521747067121411, 6.654706883713678 ], [ -6.521603025289808, 6.634482141374806 ] ] ] } },
{ "type": "Feature", "properties": { "id": 28803, "nb_points": 9 }, "geometry": { "type": "Polygon", "coordinates": [ [ [ -6.52472216414429, 7.059197532252068 ], [ -6.504477510447172, 7.059350192559151 ], [ -6.504630108398191, 7.079574952198691 ], [ -6.52487563918277, 7.079421850225608 ], [ -6.52472216414429, 7.059197532252068 ] ] ] } },
{ "type": "Feature", "properties": { "id": 28804, "nb_points": 1 }, "geometry": { "type": "Polygon", "coordinates": [ [ [ -6.52487563918277, 7.079421850225608 ], [ -6.504630108398191, 7.079574952198691 ], [ -6.504783154013311, 7.099799691018584 ], [ -6.52502956445781, 7.099646147342731 ], [ -6.52487563918277, 7.079421850225608 ] ] ] } },
{ "type": "Feature", "properties": { "id": 28805, "nb_points": 2 }, "geometry": { "type": "Polygon", "coordinates": [ [ [ -6.52502956445781, 7.099646147342731 ], [ -6.504783154013311, 7.099799691018584 ], [ -6.504936647388424, 7.120024408960021 ], [ -6.525183940065846, 7.119870423544524 ], [ -6.52502956445781, 7.099646147342731 ] ] ] } },
{ "type": "Feature", "properties": { "id": 28838, "nb_points": 2 }, "geometry": { "type": "Polygon", "coordinates": [ [ [ -6.530362327768053, 7.767035866456856 ], [ -6.510085441737041, 7.767204007670051 ], [ -6.510253766895851, 7.78742800367037 ], [ -6.530531620386079, 7.787259419438861 ], [ -6.530362327768053, 7.767035866456856 ] ] ] } },
{ "type": "Feature", "properties": { "id": 28840, "nb_points": 10 }, "geometry": { "type": "Polygon", "coordinates": [ [ [ -6.530701366790792, 7.807482949505872 ], [ -6.510422543248788, 7.807651976796321 ], [ -6.510591770902006, 7.827875926989301 ], [ -6.530871567088944, 7.827706456599174 ], [ -6.530701366790792, 7.807482949505872 ] ] ] } },
{ "type": "Feature", "properties": { "id": 28848, "nb_points": 1 }, "geometry": { "type": "Polygon", "coordinates": [ [ [ -6.532075687222304, 7.969270358058288 ], [ -6.511789009861175, 7.969442931296058 ], [ -6.511961851773597, 7.989666695916499 ], [ -6.532249522546911, 7.989493679249168 ], [ -6.532075687222304, 7.969270358058288 ] ] ] } },
{ "type": "Feature", "properties": { "id": 28909, "nb_points": 4 }, "geometry": { "type": "Polygon", "coordinates": [ [ [ -6.543516156618905, 9.202847835096044 ], [ -6.52316410228751, 9.203047537944594 ], [ -6.523364743098736, 9.22326976461801 ], [ -6.543717950559952, 9.223069615588596 ], [ -6.543516156618905, 9.202847835096044 ] ] ] } },
{ "type": "Feature", "properties": { "id": 28958, "nb_points": 1 }, "geometry": { "type": "Polygon", "coordinates": [ [ [ -6.553949938792758, 10.193682176838907 ], [ -6.533538263046649, 10.193903801835337 ], [ -6.533761573997715, 10.214124636383875 ], [ -6.554174533106158, 10.213902562689178 ], [ -6.553949938792758, 10.193682176838907 ] ] ] } },
{ "type": "Feature", "properties": { "id": 29050, "nb_points": 4 }, "geometry": { "type": "Polygon", "coordinates": [ [ [ -6.496389651891724, 5.886280526277855 ], [ -6.476191043103637, 5.886406900590846 ], [ -6.476317101895203, 5.906633204164351 ], [ -6.496516439525275, 5.906506392652143 ], [ -6.496389651891724, 5.886280526277855 ] ] ] } },
{ "type": "Feature", "properties": { "id": 29051, "nb_points": 8 }, "geometry": { "type": "Polygon", "coordinates": [ [ [ -6.496516439525275, 5.906506392652143 ], [ -6.476317101895203, 5.906633204164351 ], [ -6.47644360073764, 5.926859490368521 ], [ -6.496643669753569, 5.926732241626786 ], [ -6.496516439525275, 5.906506392652143 ] ] ] } },
{ "type": "Feature", "properties": { "id": 29076, "nb_points": 2 }, "geometry": { "type": "Polygon", "coordinates": [ [ [ -6.499830184010702, 6.412147243509633 ], [ -6.479611797374073, 6.41228499513061 ], [ -6.479749323839266, 6.432510827937858 ], [ -6.499968505609538, 6.432372638294852 ], [ -6.499830184010702, 6.412147243509633 ] ] ] } },
{ "type": "Feature", "properties": { "id": 29101, "nb_points": 1 }, "geometry": { "type": "Polygon", "coordinates": [ [ [ -6.503421851391059, 6.917776297073179 ], [ -6.483182818415504, 6.917925009421885 ], [ -6.483331426189383, 6.938150352033727 ], [ -6.503571318353917, 6.938001200803197 ], [ -6.503421851391059, 6.917776297073179 ] ] ] } },
{ "type": "Feature", "properties": { "id": 29263, "nb_points": 1 }, "geometry": { "type": "Polygon", "coordinates": [ [ [ -6.533538263046649, 10.193903801835337 ], [ -6.513126121347107, 10.19412415658195 ], [ -6.513348148793167, 10.214345437257633 ], [ -6.533761573997715, 10.214124636383875 ], [ -6.533538263046649, 10.193903801835337 ] ] ] } },
{ "type": "Feature", "properties": { "id": 29314, "nb_points": 12 }, "geometry": { "type": "Polygon", "coordinates": [ [ [ -6.471400581683922, 5.057114227894185 ], [ -6.451229233505404, 5.057222076392256 ], [ -6.451336689647149, 5.077449474782092 ], [ -6.471508662805022, 5.077341192749779 ], [ -6.471400581683922, 5.057114227894185 ] ] ] } },
{ "type": "Feature", "properties": { "id": 29373, "nb_points": 1 }, "geometry": { "type": "Polygon", "coordinates": [ [ [ -6.478527494317819, 6.250477659273247 ], [ -6.458314935358858, 6.250611133871484 ], [ -6.458448152570416, 6.270837551010702 ], [ -6.478661486315106, 6.270703641175079 ], [ -6.478527494317819, 6.250477659273247 ] ] ] } },
{ "type": "Feature", "properties": { "id": 29404, "nb_points": 24 }, "geometry": { "type": "Polygon", "coordinates": [ [ [ -6.482886935791944, 6.877474263317038 ], [ -6.462649169335843, 6.877621245659715 ], [ -6.46279603437941, 6.897847065120243 ], [ -6.483034654980608, 6.897699646496737 ], [ -6.482886935791944, 6.877474263317038 ] ] ] } },
{ "type": "Feature", "properties": { "id": 29416, "nb_points": 12 }, "geometry": { "type": "Polygon", "coordinates": [ [ [ -6.484688906854879, 7.120177511751 ], [ -6.464440721039049, 7.120329731822408 ], [ -6.464592892368522, 7.140555304783814 ], [ -6.484841963183219, 7.140402647999897 ], [ -6.484688906854879, 7.120177511751 ] ] ] } },
{ "type": "Feature", "properties": { "id": 29421, "nb_points": 12 }, "geometry": { "type": "Polygon", "coordinates": [ [ [ -6.485458643242673, 7.221302982817101 ], [ -6.465206006680178, 7.221457386818923 ], [ -6.465360392986991, 7.241682854582251 ], [ -6.485613927427287, 7.241528013683451 ], [ -6.485458643242673, 7.221302982817101 ] ] ] } },
{ "type": "Feature", "properties": { "id": 29428, "nb_points": 12 }, "geometry": { "type": "Polygon", "coordinates": [ [ [ -6.486554999069488, 7.362877750526393 ], [ -6.466296023216227, 7.363035213592486 ], [ -6.46645351456549, 7.383260531619645 ], [ -6.486713406350535, 7.383102631393757 ], [ -6.486554999069488, 7.362877750526393 ] ] ] } },
{ "type": "Feature", "properties": { "id": 29429, "nb_points": 12 }, "geometry": { "type": "Polygon", "coordinates": [ [ [ -6.486713406350535, 7.383102631393757 ], [ -6.46645351456549, 7.383260531619645 ], [ -6.466611449885265, 7.403485828021844 ], [ -6.4868722601835, 7.403327490598178 ], [ -6.486713406350535, 7.383102631393757 ] ] ] } },
{ "type": "Feature", "properties": { "id": 29534, "nb_points": 12 }, "geometry": { "type": "Polygon", "coordinates": [ [ [ -6.505851927880163, 9.506583292369891 ], [ -6.485481379167741, 9.506787326940282 ], [ -6.485686539663051, 9.5270100283965 ], [ -6.506058281441128, 9.526805552026453 ], [ -6.505851927880163, 9.506583292369891 ] ] ] } },
{ "type": "Feature", "properties": { "id": 29535, "nb_points": 2 }, "geometry": { "type": "Polygon", "coordinates": [ [ [ -6.506058281441128, 9.526805552026453 ], [ -6.485686539663051, 9.5270100283965 ], [ -6.485892156278786, 9.547232702062905 ], [ -6.506265093773926, 9.547027783843435 ], [ -6.506058281441128, 9.526805552026453 ] ] ] } },
{ "type": "Feature", "properties": { "id": 29553, "nb_points": 12 }, "geometry": { "type": "Polygon", "coordinates": [ [ [ -6.509851224159159, 9.890801409203712 ], [ -6.489457553071321, 9.891013846587402 ], [ -6.489671402513594, 9.91123601016349 ], [ -6.510066317174417, 9.911023130015151 ], [ -6.509851224159159, 9.890801409203712 ] ] ] } },
{ "type": "Feature", "properties": { "id": 29638, "nb_points": 6 }, "geometry": { "type": "Polygon", "coordinates": [ [ [ -6.453345271279546, 5.441540037180777 ], [ -6.433161180212822, 5.441655454053204 ], [ -6.43327623106824, 5.461882990382191 ], [ -6.453460995267114, 5.461767141984406 ], [ -6.453345271279546, 5.441540037180777 ] ] ] } },
{ "type": "Feature", "properties": { "id": 29658, "nb_points": 2 }, "geometry": { "type": "Polygon", "coordinates": [ [ [ -6.455742646809247, 5.846079017989094 ], [ -6.435544610986048, 5.84620307074125 ], [ -6.435668342166551, 5.866430275593374 ], [ -6.455867101900855, 5.866305790742962 ], [ -6.455742646809247, 5.846079017989094 ] ] ] } },
{ "type": "Feature", "properties": { "id": 29659, "nb_points": 1 }, "geometry": { "type": "Polygon", "coordinates": [ [ [ -6.455867101900855, 5.866305790742962 ], [ -6.435668342166551, 5.866430275593374 ], [ -6.435792508154327, 5.886657463253862 ], [ -6.45599199434327, 5.886532546275442 ], [ -6.455867101900855, 5.866305790742962 ] ] ] } },
{ "type": "Feature", "properties": { "id": 29678, "nb_points": 2 }, "geometry": { "type": "Polygon", "coordinates": [ [ [ -6.458314935358858, 6.250611133871484 ], [ -6.438101937522777, 6.250743834361955 ], [ -6.438234379865468, 6.270970684214542 ], [ -6.458448152570416, 6.270837551010702 ], [ -6.458314935358858, 6.250611133871484 ] ] ] } },
{ "type": "Feature", "properties": { "id": 29679, "nb_points": 6 }, "geometry": { "type": "Polygon", "coordinates": [ [ [ -6.458448152570416, 6.270837551010702 ], [ -6.438234379865468, 6.270970684214542 ], [ -6.438367258615651, 6.29119751570039 ], [ -6.458581808742283, 6.291063949751312 ], [ -6.458448152570416, 6.270837551010702 ] ] ] } },
{ "type": "Feature", "properties": { "id": 29708, "nb_points": 43 }, "geometry": { "type": "Polygon", "coordinates": [ [ [ -6.462502745878381, 6.857395406038657 ], [ -6.442265389505303, 6.857541102225041 ], [ -6.442410961293684, 6.877767375561852 ], [ -6.462649169335843, 6.877621245659715 ], [ -6.462502745878381, 6.857395406038657 ] ] ] } },
{ "type": "Feature", "properties": { "id": 29733, "nb_points": 12 }, "geometry": { "type": "Polygon", "coordinates": [ [ [ -6.466296023216227, 7.363035213592486 ], [ -6.446036603491333, 7.363191763440768 ], [ -6.446193178809981, 7.38341751609268 ], [ -6.46645351456549, 7.383260531619645 ], [ -6.466296023216227, 7.363035213592486 ] ] ] } },
{ "type": "Feature", "properties": { "id": 29839, "nb_points": 12 }, "geometry": { "type": "Polygon", "coordinates": [ [ [ -6.485481379167741, 9.506787326940282 ], [ -6.465110374465392, 9.506990178245164 ], [ -6.465314341764601, 9.527213318939397 ], [ -6.485686539663051, 9.5270100283965 ], [ -6.485481379167741, 9.506787326940282 ] ] ] } },
{ "type": "Feature", "properties": { "id": 29840, "nb_points": 10 }, "geometry": { "type": "Polygon", "coordinates": [ [ [ -6.485686539663051, 9.5270100283965 ], [ -6.465314341764601, 9.527213318939397 ], [ -6.465518762532515, 9.547436431893299 ], [ -6.485892156278786, 9.547232702062905 ], [ -6.485686539663051, 9.5270100283965 ] ] ] } },
{ "type": "Feature", "properties": { "id": 29929, "nb_points": 7 }, "geometry": { "type": "Polygon", "coordinates": [ [ [ -6.431595927060334, 5.158468296908532 ], [ -6.411420561635327, 5.158577037135596 ], [ -6.411528915672548, 5.178805220116195 ], [ -6.431704918851682, 5.178696051255078 ], [ -6.431595927060334, 5.158468296908532 ] ] ] } },
{ "type": "Feature", "properties": { "id": 29930, "nb_points": 1 }, "geometry": { "type": "Polygon", "coordinates": [ [ [ -6.431704918851682, 5.178696051255078 ], [ -6.411528915672548, 5.178805220116195 ], [ -6.411637699521466, 5.199033387933259 ], [ -6.431814342984236, 5.198923790412059 ], [ -6.431704918851682, 5.178696051255078 ] ] ] } },
{ "type": "Feature", "properties": { "id": 29942, "nb_points": 5 }, "geometry": { "type": "Polygon", "coordinates": [ [ [ -6.433046562603918, 5.421427901768531 ], [ -6.412862708959679, 5.421542216298264 ], [ -6.412976655899633, 5.441770197563478 ], [ -6.433161180212822, 5.441655454053204 ], [ -6.433046562603918, 5.421427901768531 ] ] ] } },
{ "type": "Feature", "properties": { "id": 29943, "nb_points": 1 }, "geometry": { "type": "Polygon", "coordinates": [ [ [ -6.433161180212822, 5.441655454053204 ], [ -6.412976655899633, 5.441770197563478 ], [ -6.413091033551338, 5.461998162900387 ], [ -6.43327623106824, 5.461882990382191 ], [ -6.433161180212822, 5.441655454053204 ] ] ] } },
{ "type": "Feature", "properties": { "id": 29965, "nb_points": 5 }, "geometry": { "type": "Polygon", "coordinates": [ [ [ -6.435792508154327, 5.886657463253862 ], [ -6.41559258708079, 5.886781651448766 ], [ -6.415716458876938, 5.907009251495594 ], [ -6.435917109026741, 5.90688463366391 ], [ -6.435792508154327, 5.886657463253862 ] ] ] } },
{ "type": "Feature", "properties": { "id": 29966, "nb_points": 3 }, "geometry": { "type": "Polygon", "coordinates": [ [ [ -6.435917109026741, 5.90688463366391 ], [ -6.415716458876938, 5.907009251495594 ], [ -6.415840763090659, 5.927236834262973 ], [ -6.436042144861441, 5.927111786764722 ], [ -6.435917109026741, 5.90688463366391 ] ] ] } },
{ "type": "Feature", "properties": { "id": 29970, "nb_points": 12 }, "geometry": { "type": "Polygon", "coordinates": [ [ [ -6.436419862919847, 5.987793141623833 ], [ -6.416216271013338, 5.987919478301579 ], [ -6.416342305674811, 6.008146991364342 ], [ -6.436546639385677, 6.008020224899821 ], [ -6.436419862919847, 5.987793141623833 ] ] ] } },
{ "type": "Feature", "properties": { "id": 30012, "nb_points": 7 }, "geometry": { "type": "Polygon", "coordinates": [ [ [ -6.442120256643958, 6.837314808821314 ], [ -6.421883310536386, 6.837459223855633 ], [ -6.422027594205237, 6.857685948410283 ], [ -6.442265389505303, 6.857541102225041 ], [ -6.442120256643958, 6.837314808821314 ] ] ] } },
{ "type": "Feature", "properties": { "id": 30013, "nb_points": 17 }, "geometry": { "type": "Polygon", "coordinates": [ [ [ -6.442265389505303, 6.857541102225041 ], [ -6.422027594205237, 6.857685948410283 ], [ -6.422172314233419, 6.877912652932779 ], [ -6.442410961293684, 6.877767375561852 ], [ -6.442265389505303, 6.857541102225041 ] ] ] } },
{ "type": "Feature", "properties": { "id": 30014, "nb_points": 16 }, "geometry": { "type": "Polygon", "coordinates": [ [ [ -6.442410961293684, 6.877767375561852 ], [ -6.422172314233419, 6.877912652932779 ], [ -6.42231747071152, 6.898139337364683 ], [ -6.44255697210022, 6.897993628773208 ], [ -6.442410961293684, 6.877767375561852 ] ] ] } },
{ "type": "Feature", "properties": { "id": 30015, "nb_points": 1 }, "geometry": { "type": "Polygon", "coordinates": [ [ [ -6.44255697210022, 6.897993628773208 ], [ -6.42231747071152, 6.898139337364683 ], [ -6.422463063730415, 6.918366001647563 ], [ -6.442703422016313, 6.918219861800562 ], [ -6.44255697210022, 6.897993628773208 ] ] ] } },
{ "type": "Feature", "properties": { "id": 30156, "nb_points": 12 }, "geometry": { "type": "Polygon", "coordinates": [ [ [ -6.467587939742907, 9.749666023030121 ], [ -6.447201986591689, 9.749872934327175 ], [ -6.447410178962842, 9.770096175606628 ], [ -6.467797357314294, 9.769888827035752 ], [ -6.467587939742907, 9.749666023030121 ] ] ] } },
{ "type": "Feature", "properties": { "id": 30235, "nb_points": 3 }, "geometry": { "type": "Polygon", "coordinates": [ [ [ -6.411528915672548, 5.178805220116195 ], [ -6.391352482681763, 5.178913748260082 ], [ -6.391460626179448, 5.199142342221542 ], [ -6.411637699521466, 5.199033387933259 ], [ -6.411528915672548, 5.178805220116195 ] ] ] } },
{ "type": "Feature", "properties": { "id": 30236, "nb_points": 1 }, "geometry": { "type": "Polygon", "coordinates": [ [ [ -6.411637699521466, 5.199033387933259 ], [ -6.391460626179448, 5.199142342221542 ], [ -6.391569197026252, 5.219370920986593 ], [ -6.41174691324968, 5.219261540527931 ], [ -6.411637699521466, 5.199033387933259 ] ] ] } },
{ "type": "Feature", "properties": { "id": 30263, "nb_points": 12 }, "geometry": { "type": "Polygon", "coordinates": [ [ [ -6.414737585750269, 5.745187972227228 ], [ -6.394542265188611, 5.745308442574241 ], [ -6.394662400856656, 5.765536588844569 ], [ -6.414858432769384, 5.765415691586525 ], [ -6.414737585750269, 5.745187972227228 ] ] ] } },
{ "type": "Feature", "properties": { "id": 30314, "nb_points": 1 }, "geometry": { "type": "Polygon", "coordinates": [ [ [ -6.421453076784128, 6.776778930583214 ], [ -6.401218226853326, 6.776921212400607 ], [ -6.40136036040292, 6.797148425218777 ], [ -6.421596051915717, 6.797005714883646 ], [ -6.421453076784128, 6.776778930583214 ] ] ] } },
{ "type": "Feature", "properties": { "id": 30375, "nb_points": 2 }, "geometry": { "type": "Polygon", "coordinates": [ [ [ -6.430975981035286, 8.010574334199271 ], [ -6.410685078359803, 8.010742822089806 ], [ -6.410853830239709, 8.030968719165291 ], [ -6.431145732066201, 8.030799800473202 ], [ -6.430975981035286, 8.010574334199271 ] ] ] } },
{ "type": "Feature", "properties": { "id": 30492, "nb_points": 12 }, "geometry": { "type": "Polygon", "coordinates": [ [ [ -6.453866917627186, 10.376779958605217 ], [ -6.433441285766452, 10.376999155445144 ], [ -6.433662257149391, 10.397221926535245 ], [ -6.454089197217876, 10.397002293376838 ], [ -6.453866917627186, 10.376779958605217 ] ] ] } },
{ "type": "Feature", "properties": { "id": 30541, "nb_points": 2 }, "geometry": { "type": "Polygon", "coordinates": [ [ [ -6.391460626179448, 5.199142342221542 ], [ -6.371283125488354, 5.19925065320954 ], [ -6.371391053386274, 5.219479655628867 ], [ -6.391569197026252, 5.219370920986593 ], [ -6.391460626179448, 5.199142342221542 ] ] ] } },
{ "type": "Feature", "properties": { "id": 30545, "nb_points": 2 }, "geometry": { "type": "Polygon", "coordinates": [ [ [ -6.391897474337492, 5.280056565515843 ], [ -6.371717386664216, 5.280166571276946 ], [ -6.371827014510319, 5.300395512427552 ], [ -6.392007755258239, 5.30028508290783 ], [ -6.391897474337492, 5.280056565515843 ] ] ] } },
{ "type": "Feature", "properties": { "id": 30681, "nb_points": 10 }, "geometry": { "type": "Polygon", "coordinates": [ [ [ -6.410853830239709, 8.030968719165291 ], [ -6.390561488929798, 8.031136640547537 ], [ -6.390729678434186, 8.051362942551043 ], [ -6.411023021603087, 8.051194592869862 ], [ -6.410853830239709, 8.030968719165291 ] ] ] } },
{ "type": "Feature", "properties": { "id": 30772, "nb_points": 11 }, "geometry": { "type": "Polygon", "coordinates": [ [ [ -6.428064131957685, 9.871420261152711 ], [ -6.40766988422621, 9.871627337357966 ], [ -6.407878310163682, 9.891851274942537 ], [ -6.428273799342309, 9.891643766293658 ], [ -6.428064131957685, 9.871420261152711 ] ] ] } },
{ "type": "Feature", "properties": { "id": 30802, "nb_points": 8 }, "geometry": { "type": "Polygon", "coordinates": [ [ [ -6.434550683759176, 10.478112709271127 ], [ -6.414118029453078, 10.478332781265616 ], [ -6.414339950295092, 10.498555835269496 ], [ -6.434773926392072, 10.49833532926351 ], [ -6.434550683759176, 10.478112709271127 ] ] ] } },
{ "type": "Feature", "properties": { "id": 30846, "nb_points": 3 }, "geometry": { "type": "Polygon", "coordinates": [ [ [ -6.371283125488354, 5.19925065320954 ], [ -6.351105199978631, 5.199358320830274 ], [ -6.351212484860586, 5.219587744387511 ], [ -6.371391053386274, 5.219479655628867 ], [ -6.371283125488354, 5.19925065320954 ] ] ] } },
{ "type": "Feature", "properties": { "id": 30847, "nb_points": 5 }, "geometry": { "type": "Polygon", "coordinates": [ [ [ -6.371391053386274, 5.219479655628867 ], [ -6.351212484860586, 5.219587744387511 ], [ -6.351320192097185, 5.239817152741301 ], [ -6.371499406169946, 5.23970864281897 ], [ -6.371391053386274, 5.219479655628867 ] ] ] } },
{ "type": "Feature", "properties": { "id": 30848, "nb_points": 2 }, "geometry": { "type": "Polygon", "coordinates": [ [ [ -6.371499406169946, 5.23970864281897 ], [ -6.351320192097185, 5.239817152741301 ], [ -6.351428321755376, 5.260046545833108 ], [ -6.371608183906722, 5.259937614721206 ], [ -6.371499406169946, 5.23970864281897 ] ] ] } },
{ "type": "Feature", "properties": { "id": 30898, "nb_points": 8 }, "geometry": { "type": "Polygon", "coordinates": [ [ [ -6.377460336276567, 6.251137290366944 ], [ -6.357245608458143, 6.251266893608896 ], [ -6.357374950503524, 6.271495449069369 ], [ -6.377590453518591, 6.271365423212821 ], [ -6.377460336276567, 6.251137290366944 ] ] ] } },
{ "type": "Feature", "properties": { "id": 30924, "nb_points": 2 }, "geometry": { "type": "Polygon", "coordinates": [ [ [ -6.380982943488675, 6.777062654158072 ], [ -6.360747229256345, 6.777203255767849 ], [ -6.36088767937565, 6.797431318031796 ], [ -6.381124235367334, 6.79729029296417 ], [ -6.380982943488675, 6.777062654158072 ] ] ] } },
{ "type": "Feature", "properties": { "id": 30970, "nb_points": 10 }, "geometry": { "type": "Polygon", "coordinates": [ [ [ -6.387929801607123, 7.707512674929993 ], [ -6.367652701407091, 7.707672792220698 ], [ -6.367812952915759, 7.727899885685108 ], [ -6.388091013523161, 7.727739343271009 ], [ -6.387929801607123, 7.707512674929993 ] ] ] } },
{ "type": "Feature", "properties": { "id": 31067, "nb_points": 12 }, "geometry": { "type": "Polygon", "coordinates": [ [ [ -6.405610227918582, 9.669386399755417 ], [ -6.385227801761766, 9.669587950005813 ], [ -6.385430541429811, 9.689812600065961 ], [ -6.405814182541688, 9.689610620437151 ], [ -6.405610227918582, 9.669386399755417 ] ] ] } },
{ "type": "Feature", "properties": { "id": 31107, "nb_points": 28 }, "geometry": { "type": "Polygon", "coordinates": [ [ [ -6.414118029453078, 10.478332781265616 ], [ -6.393684923302365, 10.478551546145386 ], [ -6.393905522211365, 10.498775031583554 ], [ -6.414339950295092, 10.498555835269496 ], [ -6.414118029453078, 10.478332781265616 ] ] ] } },
{ "type": "Feature", "properties": { "id": 31136, "nb_points": 12 }, "geometry": { "type": "Polygon", "coordinates": [ [ [ -6.34954656459812, 4.895915182877568 ], [ -6.329377559540489, 4.89601593075149 ], [ -6.329477911796478, 4.916245993581916 ], [ -6.349647522012751, 4.916144827458942 ], [ -6.34954656459812, 4.895915182877568 ] ] ] } },
{ "type": "Feature", "properties": { "id": 31151, "nb_points": 10 }, "geometry": { "type": "Polygon", "coordinates": [ [ [ -6.351105199978631, 5.199358320830274 ], [ -6.330926852180991, 5.199465345017163 ], [ -6.331033493980301, 5.219695187195678 ], [ -6.351212484860586, 5.219587744387511 ], [ -6.351105199978631, 5.199358320830274 ] ] ] } },
{ "type": "Feature", "properties": { "id": 31162, "nb_points": 12 }, "geometry": { "type": "Polygon", "coordinates": [ [ [ -6.352308574320709, 5.421881134113129 ], [ -6.332123013321935, 5.421992764560347 ], [ -6.33223427688148, 5.442222436569621 ], [ -6.352420508830218, 5.442110387213634 ], [ -6.352308574320709, 5.421881134113129 ] ] ] } },
{ "type": "Feature", "properties": { "id": 31174, "nb_points": 6 }, "geometry": { "type": "Polygon", "coordinates": [ [ [ -6.353679728931715, 5.664631112544835 ], [ -6.333485949075452, 5.664747771684956 ], [ -6.333602264119861, 5.684977249997424 ], [ -6.353796745383992, 5.684860171620849 ], [ -6.353679728931715, 5.664631112544835 ] ] ] } },
{ "type": "Feature", "properties": { "id": 31203, "nb_points": 4 }, "geometry": { "type": "Polygon", "coordinates": [ [ [ -6.357245608458143, 6.251266893608896 ], [ -6.337030454527053, 6.25139572233673 ], [ -6.337159021295046, 6.27162469788644 ], [ -6.357374950503524, 6.271495449069369 ], [ -6.357245608458143, 6.251266893608896 ] ] ] } },
{ "type": "Feature", "properties": { "id": 31229, "nb_points": 5 }, "geometry": { "type": "Polygon", "coordinates": [ [ [ -6.360747229256345, 6.777203255767849 ], [ -6.340511086722785, 6.777343017142698 ], [ -6.340650694994839, 6.797571500334148 ], [ -6.36088767937565, 6.797431318031796 ], [ -6.360747229256345, 6.777203255767849 ] ] ] } },
{ "type": "Feature", "properties": { "id": 31230, "nb_points": 3 }, "geometry": { "type": "Polygon", "coordinates": [ [ [ -6.36088767937565, 6.797431318031796 ], [ -6.340650694994839, 6.797571500334148 ], [ -6.340790729088819, 6.817799963804557 ], [ -6.361028557884128, 6.817659360541062 ], [ -6.36088767937565, 6.797431318031796 ] ] ] } },
{ "type": "Feature", "properties": { "id": 31275, "nb_points": 2 }, "geometry": { "type": "Polygon", "coordinates": [ [ [ -6.367652701407091, 7.707672792220698 ], [ -6.347375168573889, 7.707831952664011 ], [ -6.347534459574405, 7.728059468711627 ], [ -6.367812952915759, 7.727899885685108 ], [ -6.367652701407091, 7.707672792220698 ] ] ] } },
{ "type": "Feature", "properties": { "id": 31344, "nb_points": 10 }, "geometry": { "type": "Polygon", "coordinates": [ [ [ -6.379730791704376, 9.103286611485059 ], [ -6.359380867531331, 9.103475025984336 ], [ -6.359570088860298, 9.123700862372665 ], [ -6.379921153961448, 9.123512022385798 ], [ -6.379730791704376, 9.103286611485059 ] ] ] } },
{ "type": "Feature", "properties": { "id": 31345, "nb_points": 2 }, "geometry": { "type": "Polygon", "coordinates": [ [ [ -6.379921153961448, 9.123512022385798 ], [ -6.359570088860298, 9.123700862372665 ], [ -6.359759747932431, 9.143926672407684 ], [ -6.380111956600198, 9.143737406887368 ], [ -6.379921153961448, 9.123512022385798 ] ] ] } },
{ "type": "Feature", "properties": { "id": 31386, "nb_points": 12 }, "geometry": { "type": "Polygon", "coordinates": [ [ [ -6.388106597873234, 9.952730481788388 ], [ -6.367706474504736, 9.952936807509749 ], [ -6.367914188034756, 9.973161487839093 ], [ -6.388315563788481, 9.972954734609599 ], [ -6.388106597873234, 9.952730481788388 ] ] ] } },
{ "type": "Feature", "properties": { "id": 31394, "nb_points": 12 }, "geometry": { "type": "Polygon", "coordinates": [ [ [ -6.389790812915337, 10.114523694696249 ], [ -6.369380595653605, 10.114733441902308 ], [ -6.369591857333832, 10.134957890622326 ], [ -6.390003348365076, 10.134747715501193 ], [ -6.389790812915337, 10.114523694696249 ] ] ] } },
{ "type": "Feature", "properties": { "id": 31479, "nb_points": 6 }, "geometry": { "type": "Polygon", "coordinates": [ [ [ -6.333485949075452, 5.664747771684956 ], [ -6.313291747870179, 5.664863729396902 ], [ -6.313407361434286, 5.685093624425273 ], [ -6.333602264119861, 5.684977249997424 ], [ -6.333485949075452, 5.664747771684956 ] ] ] } },
{ "type": "Feature", "properties": { "id": 31534, "nb_points": 1 }, "geometry": { "type": "Polygon", "coordinates": [ [ [ -6.340511086722785, 6.777343017142698 ], [ -6.320274518454718, 6.777481938195898 ], [ -6.320413284792146, 6.797710839784236 ], [ -6.340650694994839, 6.797571500334148 ], [ -6.340511086722785, 6.777343017142698 ] ] ] } },
{ "type": "Feature", "properties": { "id": 31757, "nb_points": 6 }, "geometry": { "type": "Polygon", "coordinates": [ [ [ -6.310328261627268, 5.11865054221583 ], [ -6.290151624395118, 5.118754625239123 ], [ -6.29025532144414, 5.138985357034911 ], [ -6.310432591767425, 5.138880860524666 ], [ -6.310328261627268, 5.11865054221583 ] ] ] } },
{ "type": "Feature", "properties": { "id": 31832, "nb_points": 12 }, "geometry": { "type": "Polygon", "coordinates": [ [ [ -6.319314997954907, 6.635879080692132 ], [ -6.299083828815069, 6.636014251197492 ], [ -6.299218810726773, 6.656243704612679 ], [ -6.319450803928055, 6.656108118471115 ], [ -6.319314997954907, 6.635879080692132 ] ] ] } },
{ "type": "Feature", "properties": { "id": 31856, "nb_points": 12 }, "geometry": { "type": "Polygon", "coordinates": [ [ [ -6.322691168687304, 7.121370548304243 ], [ -6.302439513305847, 7.121515703262515 ], [ -6.30258460125717, 7.141744678732023 ], [ -6.322837142385071, 7.141599107328642 ], [ -6.322691168687304, 7.121370548304243 ] ] ] } },
{ "type": "Feature", "properties": { "id": 31974, "nb_points": 11 }, "geometry": { "type": "Polygon", "coordinates": [ [ [ -6.342874918938311, 9.508182430446947 ], [ -6.32250079655057, 9.508376995382749 ], [ -6.322696407887721, 9.528603138993532 ], [ -6.343071724363633, 9.528408152759045 ], [ -6.342874918938311, 9.508182430446947 ] ] ] } },
{ "type": "Feature", "properties": { "id": 32005, "nb_points": 4 }, "geometry": { "type": "Polygon", "coordinates": [ [ [ -6.349179922179765, 10.135166802129225 ], [ -6.328767545579829, 10.13537444989093 ], [ -6.328976698085654, 10.155599717618887 ], [ -6.34939035140145, 10.15539164703598 ], [ -6.349179922179765, 10.135166802129225 ] ] ] } },
{ "type": "Feature", "properties": { "id": 32063, "nb_points": 4 }, "geometry": { "type": "Polygon", "coordinates": [ [ [ -6.29025532144414, 5.138985357034911 ], [ -6.270077636621587, 5.139089217465249 ], [ -6.270181112483748, 5.159320345361919 ], [ -6.290359432992474, 5.159216073936661 ], [ -6.29025532144414, 5.138985357034911 ] ] ] } },
{ "type": "Feature", "properties": { "id": 32064, "nb_points": 2 }, "geometry": { "type": "Polygon", "coordinates": [ [ [ -6.290359432992474, 5.159216073936661 ], [ -6.270181112483748, 5.159320345361919 ], [ -6.270285000378938, 5.179551458331169 ], [ -6.290463959104827, 5.179446775886125 ], [ -6.290359432992474, 5.159216073936661 ] ] ] } },
{ "type": "Feature", "properties": { "id": 32073, "nb_points": 6 }, "geometry": { "type": "Polygon", "coordinates": [ [ [ -6.291315100159615, 5.341291846210515 ], [ -6.271130944533361, 5.341399817721165 ], [ -6.27123854366303, 5.361630793727492 ], [ -6.291423360303223, 5.361522410968731 ], [ -6.291315100159615, 5.341291846210515 ] ] ] } },
{ "type": "Feature", "properties": { "id": 32091, "nb_points": 1 }, "geometry": { "type": "Polygon", "coordinates": [ [ [ -6.293327368219093, 5.705439587590574 ], [ -6.273130926148908, 5.705554965606764 ], [ -6.273245964202401, 5.725785653570687 ], [ -6.293443112980358, 5.725669863825434 ], [ -6.293327368219093, 5.705439587590574 ] ] ] } },
{ "type": "Feature", "properties": { "id": 32105, "nb_points": 1 }, "geometry": { "type": "Polygon", "coordinates": [ [ [ -6.294985721411718, 5.988661924814443 ], [ -6.274779153894237, 5.988783069592309 ], [ -6.274899993750771, 6.00901352052532 ], [ -6.295107303613007, 6.008891963621823 ], [ -6.294985721411718, 5.988661924814443 ] ] ] } },
{ "type": "Feature", "properties": { "id": 32106, "nb_points": 8 }, "geometry": { "type": "Polygon", "coordinates": [ [ [ -6.295107303613007, 6.008891963621823 ], [ -6.274899993750771, 6.00901352052532 ], [ -6.275021248578423, 6.02924395409277 ], [ -6.295229303334303, 6.02912198503456 ], [ -6.295107303613007, 6.008891963621823 ] ] ] } },
{ "type": "Feature", "properties": { "id": 32279, "nb_points": 1 }, "geometry": { "type": "Polygon", "coordinates": [ [ [ -6.32250079655057, 9.508376995382749 ], [ -6.302126239389112, 9.508570376058842 ], [ -6.302320656513662, 9.528796938404446 ], [ -6.322696407887721, 9.528603138993532 ], [ -6.32250079655057, 9.508376995382749 ] ] ] } },
{ "type": "Feature", "properties": { "id": 32311, "nb_points": 3 }, "geometry": { "type": "Polygon", "coordinates": [ [ [ -6.328976698085654, 10.155599717618887 ], [ -6.3085626058676, 10.155806521753385 ], [ -6.308770917747874, 10.176032180618012 ], [ -6.329186289493785, 10.175824956184783 ], [ -6.328976698085654, 10.155599717618887 ] ] ] } },
{ "type": "Feature", "properties": { "id": 32364, "nb_points": 15 }, "geometry": { "type": "Polygon", "coordinates": [ [ [ -6.269667852220894, 5.058164557767502 ], [ -6.249492273126955, 5.058266148388086 ], [ -6.24959347586812, 5.078497743792678 ], [ -6.269769680591459, 5.078395744792275 ], [ -6.269667852220894, 5.058164557767502 ] ] ] } },
{ "type": "Feature", "properties": { "id": 32378, "nb_points": 6 }, "geometry": { "type": "Polygon", "coordinates": [ [ [ -6.271130944533361, 5.341399817721165 ], [ -6.250946376283544, 5.3415071279087 ], [ -6.251053314332345, 5.36173851264439 ], [ -6.27123854366303, 5.361630793727492 ], [ -6.271130944533361, 5.341399817721165 ] ] ] } },
{ "type": "Feature", "properties": { "id": 32387, "nb_points": 5 }, "geometry": { "type": "Polygon", "coordinates": [ [ [ -6.272114199236619, 5.523478038584877 ], [ -6.251923589955187, 5.523589028270655 ], [ -6.252034221827484, 5.543820271571732 ], [ -6.272225515021962, 5.543708872921606 ], [ -6.272114199236619, 5.523478038584877 ] ] ] } },
{ "type": "Feature", "properties": { "id": 32399, "nb_points": 11 }, "geometry": { "type": "Polygon", "coordinates": [ [ [ -6.273477282201704, 5.766246979779081 ], [ -6.253278298295742, 5.766362878815033 ], [ -6.253393863976298, 5.786593926233694 ], [ -6.273593562291625, 5.786477617907527 ], [ -6.273477282201704, 5.766246979779081 ] ] ] } },
{ "type": "Feature", "properties": { "id": 32442, "nb_points": 6 }, "geometry": { "type": "Polygon", "coordinates": [ [ [ -6.278852239671701, 6.636148598921714 ], [ -6.258620233088729, 6.636282123781458 ], [ -6.258753566624766, 6.656512400879531 ], [ -6.27898639743753, 6.656378465443353 ], [ -6.278852239671701, 6.636148598921714 ] ] ] } },
{ "type": "Feature", "properties": { "id": 32443, "nb_points": 6 }, "geometry": { "type": "Polygon", "coordinates": [ [ [ -6.27898639743753, 6.656378465443353 ], [ -6.258753566624766, 6.656512400879531 ], [ -6.258887315119655, 6.676742658792663 ], [ -6.279120972726922, 6.676608312747918 ], [ -6.27898639743753, 6.656378465443353 ] ] ] } },
{ "type": "Feature", "properties": { "id": 32471, "nb_points": 1 }, "geometry": { "type": "Polygon", "coordinates": [ [ [ -6.282912643484379, 7.22280671497533 ], [ -6.262655691050257, 7.222952159967567 ], [ -6.262801093346561, 7.243181857311528 ], [ -6.28305894460147, 7.243036000769822 ], [ -6.282912643484379, 7.22280671497533 ] ] ] } },
{ "type": "Feature", "properties": { "id": 32472, "nb_points": 10 }, "geometry": { "type": "Polygon", "coordinates": [ [ [ -6.28305894460147, 7.243036000769822 ], [ -6.262801093346561, 7.243181857311528 ], [ -6.262946913137502, 7.263411533800649 ], [ -6.283205665793457, 7.263265265674395 ], [ -6.28305894460147, 7.243036000769822 ] ] ] } },
{ "type": "Feature", "properties": { "id": 32600, "nb_points": 8 }, "geometry": { "type": "Polygon", "coordinates": [ [ [ -6.305288852625193, 9.8321920592255 ], [ -6.284894435007217, 9.832390919940742 ], [ -6.285094546178573, 9.852617454733451 ], [ -6.305490200695066, 9.852418177084131 ], [ -6.305288852625193, 9.8321920592255 ] ] ] } },
{ "type": "Feature", "properties": { "id": 32616, "nb_points": 3 }, "geometry": { "type": "Polygon", "coordinates": [ [ [ -6.3085626058676, 10.155806521753385 ], [ -6.28814807742565, 10.156012059309811 ], [ -6.288355109644939, 10.176238135899558 ], [ -6.308770917747874, 10.176032180618012 ], [ -6.3085626058676, 10.155806521753385 ] ] ] } },
{ "type": "Feature", "properties": { "id": 32667, "nb_points": 3 }, "geometry": { "type": "Polygon", "coordinates": [ [ [ -6.249291095136303, 5.017802913799821 ], [ -6.229116350653907, 5.017903066627021 ], [ -6.229216114454618, 5.038135097013202 ], [ -6.249391479570559, 5.038034538371107 ], [ -6.249291095136303, 5.017802913799821 ] ] ] } },
{ "type": "Feature", "properties": { "id": 32668, "nb_points": 6 }, "geometry": { "type": "Polygon", "coordinates": [ [ [ -6.249391479570559, 5.038034538371107 ], [ -6.229216114454618, 5.038135097013202 ], [ -6.229316284848292, 5.058367112869055 ], [ -6.249492273126955, 5.058266148388086 ], [ -6.249391479570559, 5.038034538371107 ] ] ] } },
{ "type": "Feature", "properties": { "id": 32680, "nb_points": 12 }, "geometry": { "type": "Polygon", "coordinates": [ [ [ -6.250628022404928, 5.280812881383794 ], [ -6.230445012299537, 5.280918311703076 ], [ -6.23055006673729, 5.301150148673957 ], [ -6.250733730385966, 5.301044312220386 ], [ -6.250628022404928, 5.280812881383794 ] ] ] } },
{ "type": "Feature", "properties": { "id": 32692, "nb_points": 2 }, "geometry": { "type": "Polygon", "coordinates": [ [ [ -6.251923589955187, 5.523589028270655 ], [ -6.231732569976978, 5.523699333890202 ], [ -6.231842517867363, 5.543930983635192 ], [ -6.252034221827484, 5.543820271571732 ], [ -6.251923589955187, 5.523589028270655 ] ] ] } },
{ "type": "Feature", "properties": { "id": 32693, "nb_points": 5 }, "geometry": { "type": "Polygon", "coordinates": [ [ [ -6.252034221827484, 5.543820271571732 ], [ -6.231842517867363, 5.543930983635192 ], [ -6.231952873984174, 5.564162617401781 ], [ -6.252145264465468, 5.564051498867964 ], [ -6.252034221827484, 5.543820271571732 ] ] ] } },
{ "type": "Feature", "properties": { "id": 32710, "nb_points": 3 }, "geometry": { "type": "Polygon", "coordinates": [ [ [ -6.253977868015975, 5.887748911668494 ], [ -6.233774147505611, 5.887866537405372 ], [ -6.233891454195727, 5.908097890690489 ], [ -6.254095904460873, 5.907979858018524 ], [ -6.253977868015975, 5.887748911668494 ] ] ] } },
{ "type": "Feature", "properties": { "id": 32722, "nb_points": 3 }, "geometry": { "type": "Polygon", "coordinates": [ [ [ -6.255421517037278, 6.130519130014248 ], [ -6.235208871257907, 6.130641640857349 ], [ -6.235331096885128, 6.15087278610124 ], [ -6.255544503015198, 6.150749867977701 ], [ -6.255421517037278, 6.130519130014248 ] ] ] } },
{ "type": "Feature", "properties": { "id": 32723, "nb_points": 9 }, "geometry": { "type": "Polygon", "coordinates": [ [ [ -6.255544503015198, 6.150749867977701 ], [ -6.235331096885128, 6.15087278610124 ], [ -6.235453732913353, 6.171103913633107 ], [ -6.255667901946804, 6.170980588199705 ], [ -6.255544503015198, 6.150749867977701 ] ] ] } },
{ "type": "Feature", "properties": { "id": 32751, "nb_points": 12 }, "geometry": { "type": "Polygon", "coordinates": [ [ [ -6.259156057320951, 6.717203116833449 ], [ -6.238920323217851, 6.717337451122523 ], [ -6.239054482516205, 6.737568059309365 ], [ -6.259291051195512, 6.737433316845785 ], [ -6.259156057320951, 6.717203116833449 ] ] ] } },
{ "type": "Feature", "properties": { "id": 32777, "nb_points": 1 }, "geometry": { "type": "Polygon", "coordinates": [ [ [ -6.262801093346561, 7.243181857311528 ], [ -6.242542824597064, 7.243326814909926 ], [ -6.24268774289546, 7.263556900447174 ], [ -6.262946913137502, 7.263411533800649 ], [ -6.262801093346561, 7.243181857311528 ] ] ] } },
{ "type": "Feature", "properties": { "id": 32858, "nb_points": 12 }, "geometry": { "type": "Polygon", "coordinates": [ [ [ -6.275973761319672, 8.88171300326184 ], [ -6.255634058112784, 8.881891215805789 ], [ -6.255812910628833, 8.902119424922832 ], [ -6.27615372636415, 8.901940800165219 ], [ -6.275973761319672, 8.88171300326184 ] ] ] } },
{ "type": "Feature", "properties": { "id": 32861, "nb_points": 1 }, "geometry": { "type": "Polygon", "coordinates": [ [ [ -6.276514934307174, 8.942396317274529 ], [ -6.256171885617811, 8.942575766589595 ], [ -6.25635200831821, 8.962803899025685 ], [ -6.276696177434589, 8.96262403736662 ], [ -6.276514934307174, 8.942396317274529 ] ] ] } },
{ "type": "Feature", "properties": { "id": 32970, "nb_points": 2 }, "geometry": { "type": "Polygon", "coordinates": [ [ [ -6.228918042583691, 4.977438962495602 ], [ -6.208744125374642, 4.977537687629511 ], [ -6.208842460537319, 4.997770150153102 ], [ -6.229016993384174, 4.997671021768491 ], [ -6.228918042583691, 4.977438962495602 ] ] ] } },
{ "type": "Feature", "properties": { "id": 32971, "nb_points": 8 }, "geometry": { "type": "Polygon", "coordinates": [ [ [ -6.229016993384174, 4.997671021768491 ], [ -6.208842460537319, 4.997770150153102 ], [ -6.208941199640575, 5.018002598285967 ], [ -6.229116350653907, 5.017903066627021 ], [ -6.229016993384174, 4.997671021768491 ] ] ] } },
{ "type": "Feature", "properties": { "id": 33015, "nb_points": 9 }, "geometry": { "type": "Polygon", "coordinates": [ [ [ -6.233774147505611, 5.887866537405372 ], [ -6.213570017565489, 5.88798343360997 ], [ -6.213686594427686, 5.90821519130647 ], [ -6.233891454195727, 5.908097890690489 ], [ -6.233774147505611, 5.887866537405372 ] ] ] } },
{ "type": "Feature", "properties": { "id": 33020, "nb_points": 4 }, "geometry": { "type": "Polygon", "coordinates": [ [ [ -6.234364776720844, 5.989023133061977 ], [ -6.214156972162586, 5.989142051605045 ], [ -6.214275584534512, 6.00937372376952 ], [ -6.234484131662236, 6.00925440067379 ], [ -6.234364776720844, 5.989023133061977 ] ] ] } },
{ "type": "Feature", "properties": { "id": 33065, "nb_points": 12 }, "geometry": { "type": "Polygon", "coordinates": [ [ [ -6.240142622223755, 6.899412222174922 ], [ -6.219898871068036, 6.899549375265119 ], [ -6.220035890189176, 6.919780212867892 ], [ -6.240280499129703, 6.919642653841652 ], [ -6.240142622223755, 6.899412222174922 ] ] ] } },
{ "type": "Feature", "properties": { "id": 33154, "nb_points": 12 }, "geometry": { "type": "Polygon", "coordinates": [ [ [ -6.254043414514855, 8.699836195473631 ], [ -6.233713183570713, 8.700009617766714 ], [ -6.23388714264092, 8.720238463131761 ], [ -6.254218462566063, 8.720064631564108 ], [ -6.254043414514855, 8.699836195473631 ] ] ] } },
{ "type": "Feature", "properties": { "id": 33157, "nb_points": 12 }, "geometry": { "type": "Polygon", "coordinates": [ [ [ -6.254569825593967, 8.760521428712792 ], [ -6.234236319827493, 8.760696078956098 ], [ -6.234411538164871, 8.780924849301831 ], [ -6.254746140793045, 8.780749789657229 ], [ -6.254569825593967, 8.760521428712792 ] ] ] } },
{ "type": "Feature", "properties": { "id": 33166, "nb_points": 23 }, "geometry": { "type": "Polygon", "coordinates": [ [ [ -6.256171885617811, 8.942575766589595 ], [ -6.235828413419932, 8.942754102981421 ], [ -6.236007415579153, 8.96298264520459 ], [ -6.25635200831821, 8.962803899025685 ], [ -6.256171885617811, 8.942575766589595 ] ] ] } },
{ "type": "Feature", "properties": { "id": 33183, "nb_points": 3 }, "geometry": { "type": "Polygon", "coordinates": [ [ [ -6.259291662712177, 9.286450487745373 ], [ -6.238928782530752, 9.28663579648947 ], [ -6.23911495714917, 9.306863895288636 ], [ -6.259479002756405, 9.306678176005619 ], [ -6.259291662712177, 9.286450487745373 ] ] ] } },
{ "type": "Feature", "properties": { "id": 33210, "nb_points": 4 }, "geometry": { "type": "Polygon", "coordinates": [ [ [ -6.264499585920847, 9.832588555089936 ], [ -6.244104308032304, 9.832784964549299 ], [ -6.244301945024628, 9.85301232550272 ], [ -6.264698460066093, 9.852815504247666 ], [ -6.264499585920847, 9.832588555089936 ] ] ] } },
{ "type": "Feature", "properties": { "id": 33233, "nb_points": 12 }, "geometry": { "type": "Polygon", "coordinates": [ [ [ -6.269182437998242, 10.297801159955682 ], [ -6.248758029361274, 10.298007053058177 ], [ -6.248965502847861, 10.318233753071219 ], [ -6.269391210187219, 10.318027447041143 ], [ -6.269182437998242, 10.297801159955682 ] ] ] } },
{ "type": "Feature", "properties": { "id": 33274, "nb_points": 1 }, "geometry": { "type": "Polygon", "coordinates": [ [ [ -6.208646194091451, 4.957305210773089 ], [ -6.188472486173303, 4.957402919000393 ], [ -6.188569804286145, 4.977635796567337 ], [ -6.208744125374642, 4.977537687629511 ], [ -6.208646194091451, 4.957305210773089 ] ] ] } },
{ "type": "Feature", "properties": { "id": 33275, "nb_points": 1 }, "geometry": { "type": "Polygon", "coordinates": [ [ [ -6.208744125374642, 4.977537687629511 ], [ -6.188569804286145, 4.977635796567337 ], [ -6.188667523749928, 4.997868659824841 ], [ -6.208842460537319, 4.997770150153102 ], [ -6.208744125374642, 4.977537687629511 ] ] ] } },
{ "type": "Feature", "properties": { "id": 33324, "nb_points": 8 }, "geometry": { "type": "Polygon", "coordinates": [ [ [ -6.214038767039535, 5.968910362218846 ], [ -6.193831295326417, 5.969028136536133 ], [ -6.193948760355497, 5.989260227921882 ], [ -6.214156972162586, 5.989142051605045 ], [ -6.214038767039535, 5.968910362218846 ] ] ] } },
{ "type": "Feature", "properties": { "id": 33487, "nb_points": 1 }, "geometry": { "type": "Polygon", "coordinates": [ [ [ -6.238743030754222, 9.266407671153633 ], [ -6.218380890628689, 9.266591415421813 ], [ -6.218565479507488, 9.286819948689956 ], [ -6.238928782530752, 9.28663579648947 ], [ -6.238743030754222, 9.266407671153633 ] ] ] } },
{ "type": "Feature", "properties": { "id": 33488, "nb_points": 7 }, "geometry": { "type": "Polygon", "coordinates": [ [ [ -6.238928782530752, 9.28663579648947 ], [ -6.218565479507488, 9.286819948689956 ], [ -6.218750488581827, 9.307048455466216 ], [ -6.23911495714917, 9.306863895288636 ], [ -6.238928782530752, 9.28663579648947 ] ] ] } },
{ "type": "Feature", "properties": { "id": 33540, "nb_points": 12 }, "geometry": { "type": "Polygon", "coordinates": [ [ [ -6.249173405575302, 10.338460423673155 ], [ -6.228745967473911, 10.338665852538064 ], [ -6.228952995367104, 10.358892904124239 ], [ -6.249381737676641, 10.358687064807848 ], [ -6.249173405575302, 10.338460423673155 ] ] ] } },
{ "type": "Feature", "properties": { "id": 33584, "nb_points": 1 }, "geometry": { "type": "Polygon", "coordinates": [ [ [ -6.188963090855299, 5.058567163162775 ], [ -6.168785890200866, 5.058666248851801 ], [ -6.168884589799437, 5.078899452604456 ], [ -6.189062416332496, 5.078799968604599 ], [ -6.188963090855299, 5.058567163162775 ] ] ] } },
{ "type": "Feature", "properties": { "id": 33585, "nb_points": 1 }, "geometry": { "type": "Polygon", "coordinates": [ [ [ -6.189062416332496, 5.078799968604599 ], [ -6.168884589799437, 5.078899452604456 ], [ -6.168983688524328, 5.099132641782461 ], [ -6.18916214346673, 5.099032759448045 ], [ -6.189062416332496, 5.078799968604599 ] ] ] } },
{ "type": "Feature", "properties": { "id": 33642, "nb_points": 3 }, "geometry": { "type": "Polygon", "coordinates": [ [ [ -6.195389928470671, 6.232043967006073 ], [ -6.17517223094488, 6.232166196939045 ], [ -6.175294189524994, 6.252398460170105 ], [ -6.195512660400992, 6.252275830389533 ], [ -6.195389928470671, 6.232043967006073 ] ] ] } },
{ "type": "Feature", "properties": { "id": 33657, "nb_points": 2 }, "geometry": { "type": "Polygon", "coordinates": [ [ [ -6.197273538694612, 6.535520007786634 ], [ -6.177043972330903, 6.535648238562779 ], [ -6.177171985847293, 6.555880227093993 ], [ -6.197402363950128, 6.555751596019289 ], [ -6.197273538694612, 6.535520007786634 ] ] ] } },
{ "type": "Feature", "properties": { "id": 33680, "nb_points": 12 }, "geometry": { "type": "Polygon", "coordinates": [ [ [ -6.200339599697958, 7.000841678432271 ], [ -6.180090713927513, 7.000979124055906 ], [ -6.180228046969101, 7.021210666346613 ], [ -6.200477803563743, 7.0210728196898 ], [ -6.200339599697958, 7.000841678432271 ] ] ] } },
{ "type": "Feature", "properties": { "id": 33732, "nb_points": 24 }, "geometry": { "type": "Polygon", "coordinates": [ [ [ -6.208070237838717, 8.052833079197464 ], [ -6.187772641943603, 8.052991424684013 ], [ -6.187931218082614, 8.073221846736459 ], [ -6.208229819473265, 8.073063098361319 ], [ -6.208070237838717, 8.052833079197464 ] ] ] } },
{ "type": "Feature", "properties": { "id": 33752, "nb_points": 12 }, "geometry": { "type": "Polygon", "coordinates": [ [ [ -6.211340581261242, 8.457429010497641 ], [ -6.191022379637665, 8.457595421158272 ], [ -6.191189196113537, 8.4778253713885 ], [ -6.211508455469212, 8.477658557052974 ], [ -6.211340581261242, 8.457429010497641 ] ] ] } },
{ "type": "Feature", "properties": { "id": 33889, "nb_points": 5 }, "geometry": { "type": "Polygon", "coordinates": [ [ [ -6.168785890200866, 5.058666248851801 ], [ -6.148608290481493, 5.058764708153762 ], [ -6.148706364140097, 5.078998307699372 ], [ -6.168884589799437, 5.078899452604456 ], [ -6.168785890200866, 5.058666248851801 ] ] ] } },
{ "type": "Feature", "properties": { "id": 33890, "nb_points": 2 }, "geometry": { "type": "Polygon", "coordinates": [ [ [ -6.168884589799437, 5.078899452604456 ], [ -6.148706364140097, 5.078998307699372 ], [ -6.148804834394054, 5.099231892693915 ], [ -6.168983688524328, 5.099132641782461 ], [ -6.168884589799437, 5.078899452604456 ] ] ] } },
{ "type": "Feature", "properties": { "id": 33947, "nb_points": 9 }, "geometry": { "type": "Polygon", "coordinates": [ [ [ -6.17517223094488, 6.232166196939045 ], [ -6.15495413037568, 6.232287654183962 ], [ -6.155075315529427, 6.252520314735126 ], [ -6.175294189524994, 6.252398460170105 ], [ -6.17517223094488, 6.232166196939045 ] ] ] } },
{ "type": "Feature", "properties": { "id": 33956, "nb_points": 1 }, "geometry": { "type": "Polygon", "coordinates": [ [ [ -6.176284376923909, 6.414255916373722 ], [ -6.156059223457027, 6.414380950558677 ], [ -6.156184016437788, 6.434613448104429 ], [ -6.17640996635343, 6.434488016333128 ], [ -6.176284376923909, 6.414255916373722 ] ] ] } },
{ "type": "Feature", "properties": { "id": 33962, "nb_points": 3 }, "geometry": { "type": "Polygon", "coordinates": [ [ [ -6.177043972330903, 6.535648238562779 ], [ -6.156814001754141, 6.535775658718829 ], [ -6.156941203451349, 6.556008045018287 ], [ -6.177171985847293, 6.555880227093993 ], [ -6.177043972330903, 6.535648238562779 ] ] ] } },
{ "type": "Feature", "properties": { "id": 33963, "nb_points": 2 }, "geometry": { "type": "Polygon", "coordinates": [ [ [ -6.177171985847293, 6.555880227093993 ], [ -6.156941203451349, 6.556008045018287 ], [ -6.15706880687822, 6.576240412576446 ], [ -6.177300403656836, 6.576112196853252 ], [ -6.177171985847293, 6.555880227093993 ] ] ] } },
{ "type": "Feature", "properties": { "id": 34109, "nb_points": 12 }, "geometry": { "type": "Polygon", "coordinates": [ [ [ -6.200247024854113, 9.509519511335411 ], [ -6.179869914781229, 9.509705783938582 ], [ -6.180057164059402, 9.529934804836952 ], [ -6.200435469075625, 9.529748128887753 ], [ -6.200247024854113, 9.509519511335411 ] ] ] } },
{ "type": "Feature", "properties": { "id": 34194, "nb_points": 3 }, "geometry": { "type": "Polygon", "coordinates": [ [ [ -6.148608290481493, 5.058764708153762 ], [ -6.128430294227765, 5.058862541007755 ], [ -6.128527741885447, 5.079096533828202 ], [ -6.148706364140097, 5.078998307699372 ], [ -6.148608290481493, 5.058764708153762 ] ] ] } },
{ "type": "Feature", "properties": { "id": 34258, "nb_points": 3 }, "geometry": { "type": "Polygon", "coordinates": [ [ [ -6.155687251273427, 6.353683348105935 ], [ -6.135464070849072, 6.353806401778697 ], [ -6.135586871680637, 6.374039349142804 ], [ -6.15581084095246, 6.373915900502183 ], [ -6.155687251273427, 6.353683348105935 ] ] ] } },
{ "type": "Feature", "properties": { "id": 34259, "nb_points": 9 }, "geometry": { "type": "Polygon", "coordinates": [ [ [ -6.15581084095246, 6.373915900502183 ], [ -6.135586871680637, 6.374039349142804 ], [ -6.135710070975933, 6.394272278310251 ], [ -6.155934831654498, 6.394148434672181 ], [ -6.15581084095246, 6.373915900502183 ] ] ] } },
{ "type": "Feature", "properties": { "id": 34260, "nb_points": 10 }, "geometry": { "type": "Polygon", "coordinates": [ [ [ -6.155934831654498, 6.394148434672181 ], [ -6.135710070975933, 6.394272278310251 ], [ -6.135833668811957, 6.414505189223884 ], [ -6.156059223457027, 6.414380950558677 ], [ -6.155934831654498, 6.394148434672181 ] ] ] } },
{ "type": "Feature", "properties": { "id": 34261, "nb_points": 1 }, "geometry": { "type": "Polygon", "coordinates": [ [ [ -6.156059223457027, 6.414380950558677 ], [ -6.135833668811957, 6.414505189223884 ], [ -6.135957665265956, 6.434738081826556 ], [ -6.156184016437788, 6.434613448104429 ], [ -6.156059223457027, 6.414380950558677 ] ] ] } },
{ "type": "Feature", "properties": { "id": 34262, "nb_points": 12 }, "geometry": { "type": "Polygon", "coordinates": [ [ [ -6.156184016437788, 6.434613448104429 ], [ -6.135957665265956, 6.434738081826556 ], [ -6.13608206041544, 6.454970956061125 ], [ -6.156309210674782, 6.454845927252194 ], [ -6.156184016437788, 6.434613448104429 ] ] ] } },
{ "type": "Feature", "properties": { "id": 34267, "nb_points": 5 }, "geometry": { "type": "Polygon", "coordinates": [ [ [ -6.156814001754141, 6.535775658718829 ], [ -6.136583629527309, 6.535902268175737 ], [ -6.136710019325784, 6.556135049712863 ], [ -6.156941203451349, 6.556008045018287 ], [ -6.156814001754141, 6.535775658718829 ] ] ] } },
{ "type": "Feature", "properties": { "id": 34284, "nb_points": 2 }, "geometry": { "type": "Polygon", "coordinates": [ [ [ -6.159031120729098, 6.879723638112203 ], [ -6.138786597206112, 6.879856970819162 ], [ -6.138919783785867, 6.900089426510461 ], [ -6.159165162861213, 6.899955698034644 ], [ -6.159031120729098, 6.879723638112203 ] ] ] } },
{ "type": "Feature", "properties": { "id": 34300, "nb_points": 1 }, "geometry": { "type": "Polygon", "coordinates": [ [ [ -6.161224217098326, 7.203434199365621 ], [ -6.140965695727415, 7.203573868284434 ], [ -6.141105301283326, 7.223806002247742 ], [ -6.161364719432668, 7.223665937034269 ], [ -6.161224217098326, 7.203434199365621 ] ] ] } },
{ "type": "Feature", "properties": { "id": 34319, "nb_points": 12 }, "geometry": { "type": "Polygon", "coordinates": [ [ [ -6.163963017804628, 7.587833632881352 ], [ -6.143687015690888, 7.587980837256779 ], [ -6.143834272997392, 7.608212570250102 ], [ -6.164111221031789, 7.608064968922856 ], [ -6.163963017804628, 7.587833632881352 ] ] ] } },
{ "type": "Feature", "properties": { "id": 34342, "nb_points": 12 }, "geometry": { "type": "Polygon", "coordinates": [ [ [ -6.167474635099421, 8.053148769198454 ], [ -6.147176219911549, 8.053305112642784 ], [ -6.147332784760207, 8.073536332832552 ], [ -6.167632205642924, 8.073379591592957 ], [ -6.167474635099421, 8.053148769198454 ] ] ] } },
{ "type": "Feature", "properties": { "id": 34362, "nb_points": 2 }, "geometry": { "type": "Polygon", "coordinates": [ [ [ -6.170703765013997, 8.457760779869725 ], [ -6.150384740008526, 8.457925086528881 ], [ -6.150549440704616, 8.47815583645427 ], [ -6.170869523652355, 8.477991131223394 ], [ -6.170703765013997, 8.457760779869725 ] ] ] } },
{ "type": "Feature", "properties": { "id": 34403, "nb_points": 1 }, "geometry": { "type": "Polygon", "coordinates": [ [ [ -6.177837615521113, 9.287184783000269 ], [ -6.157473059851545, 9.287365464881985 ], [ -6.157654571591376, 9.30759518021593 ], [ -6.178020293155424, 9.30741409804418 ], [ -6.177837615521113, 9.287184783000269 ] ] ] } },
{ "type": "Feature", "properties": { "id": 34528, "nb_points": 3 }, "geometry": { "type": "Polygon", "coordinates": [ [ [ -6.13141649450767, 5.645642224637869 ], [ -6.11121891923556, 5.645750772720961 ], [ -6.111327120722109, 5.665984712388171 ], [ -6.131525395631627, 5.66587577283482 ], [ -6.13141649450767, 5.645642224637869 ] ] ] } },
{ "type": "Feature", "properties": { "id": 34529, "nb_points": 3 }, "geometry": { "type": "Polygon", "coordinates": [ [ [ -6.131525395631627, 5.66587577283482 ], [ -6.111327120722109, 5.665984712388171 ], [ -6.111435715594826, 5.686218635888633 ], [ -6.131634692685117, 5.686109304838984 ], [ -6.131525395631627, 5.66587577283482 ] ] ] } },
{ "type": "Feature", "properties": { "id": 34530, "nb_points": 5 }, "geometry": { "type": "Polygon", "coordinates": [ [ [ -6.131634692685117, 5.686109304838984 ], [ -6.111435715594826, 5.686218635888633 ], [ -6.111544703921373, 5.7064525431651 ], [ -6.131744385736237, 5.706342820593013 ], [ -6.131634692685117, 5.686109304838984 ] ] ] } },
{ "type": "Feature", "properties": { "id": 34574, "nb_points": 12 }, "geometry": { "type": "Polygon", "coordinates": [ [ [ -6.136836808290174, 6.576367812539158 ], [ -6.116604410456954, 6.576494396662339 ], [ -6.116730781560261, 6.596727533488193 ], [ -6.136963996499781, 6.596600556597521 ], [ -6.136836808290174, 6.576367812539158 ] ] ] } },
{ "type": "Feature", "properties": { "id": 34590, "nb_points": 2 }, "geometry": { "type": "Polygon", "coordinates": [ [ [ -6.138919783785867, 6.900089426510461 ], [ -6.118674004161382, 6.900222298623752 ], [ -6.118806733081692, 6.920455127900912 ], [ -6.139053370914803, 6.920321862521027 ], [ -6.138919783785867, 6.900089426510461 ] ] ] } },
{ "type": "Feature", "properties": { "id": 34605, "nb_points": 11 }, "geometry": { "type": "Polygon", "coordinates": [ [ [ -6.140965695727415, 7.203573868284434 ], [ -6.120706772524597, 7.203712642803071 ], [ -6.120845481214474, 7.223945170523516 ], [ -6.141105301283326, 7.223806002247742 ], [ -6.140965695727415, 7.203573868284434 ] ] ] } },
{ "type": "Feature", "properties": { "id": 34669, "nb_points": 8 }, "geometry": { "type": "Polygon", "coordinates": [ [ [ -6.150714549268083, 8.498386562273009 ], [ -6.130392997787157, 8.498550608856531 ], [ -6.130557451036349, 8.518781706611252 ], [ -6.15088006580329, 8.518617263928626 ], [ -6.150714549268083, 8.498386562273009 ] ] ] } },
{ "type": "Feature", "properties": { "id": 34672, "nb_points": 2 }, "geometry": { "type": "Polygon", "coordinates": [ [ [ -6.151212323207724, 8.559078594524681 ], [ -6.130887574005601, 8.559243829525103 ], [ -6.1310532439344, 8.579474854571547 ], [ -6.151379064287029, 8.579309223352233 ], [ -6.151212323207724, 8.559078594524681 ] ] ] } },
{ "type": "Feature", "properties": { "id": 34675, "nb_points": 1 }, "geometry": { "type": "Polygon", "coordinates": [ [ [ -6.151713771727045, 8.619770407784211 ], [ -6.131385801204214, 8.619936831561791 ], [ -6.131552688755586, 8.640167783392954 ], [ -6.151881738299463, 8.640000963275796 ], [ -6.151713771727045, 8.619770407784211 ] ] ] } },
{ "type": "Feature", "properties": { "id": 34703, "nb_points": 12 }, "geometry": { "type": "Polygon", "coordinates": [ [ [ -6.156571682677584, 9.186216493947695 ], [ -6.13621250510491, 9.186394030846788 ], [ -6.136390803938682, 9.206624274924836 ], [ -6.156751134291137, 9.206446340515921 ], [ -6.156571682677584, 9.186216493947695 ] ] ] } },
{ "type": "Feature", "properties": { "id": 34798, "nb_points": 15 }, "geometry": { "type": "Polygon", "coordinates": [ [ [ -6.107679193226431, 4.937553144514848 ], [ -6.087504115082258, 4.937647395345127 ], [ -6.087597977798198, 4.957882252843714 ], [ -6.107773666881802, 4.957787613912404 ], [ -6.107679193226431, 4.937553144514848 ] ] ] } },
{ "type": "Feature", "properties": { "id": 34835, "nb_points": 1 }, "geometry": { "type": "Polygon", "coordinates": [ [ [ -6.111435715594826, 5.686218635888633 ], [ -6.091236345050748, 5.686327262220892 ], [ -6.091344628584811, 5.706561558496296 ], [ -6.111544703921373, 5.7064525431651 ], [ -6.111435715594826, 5.686218635888633 ] ] ] } },
{ "type": "Feature", "properties": { "id": 34840, "nb_points": 12 }, "geometry": { "type": "Polygon", "coordinates": [ [ [ -6.111984593127834, 5.787388008886228 ], [ -6.091781673172075, 5.78749858047477 ], [ -6.091891912272136, 5.807732794902927 ], [ -6.11209554974721, 5.807621834184169 ], [ -6.111984593127834, 5.787388008886228 ] ] ] } },
{ "type": "Feature", "properties": { "id": 34887, "nb_points": 12 }, "geometry": { "type": "Polygon", "coordinates": [ [ [ -6.117626493015998, 6.738358961830261 ], [ -6.097387089162925, 6.738487852776657 ], [ -6.097515798857438, 6.758721228131469 ], [ -6.117756040432422, 6.758591946704166 ], [ -6.117626493015998, 6.738358961830261 ] ] ] } },
{ "type": "Feature", "properties": { "id": 34895, "nb_points": 8 }, "geometry": { "type": "Polygon", "coordinates": [ [ [ -6.118674004161382, 6.900222298623752 ], [ -6.098427826560587, 6.900354314292 ], [ -6.098559697189105, 6.920587534301108 ], [ -6.118806733081692, 6.920455127900912 ], [ -6.118674004161382, 6.900222298623752 ] ] ] } },
{ "type": "Feature", "properties": { "id": 34899, "nb_points": 12 }, "geometry": { "type": "Polygon", "coordinates": [ [ [ -6.119207308533666, 6.981153497270546 ], [ -6.098957682321839, 6.981287076057876 ], [ -6.099091135392287, 7.001520217030641 ], [ -6.119341630193603, 7.001386247383518 ], [ -6.119207308533666, 6.981153497270546 ] ] ] } },
{ "type": "Feature", "properties": { "id": 34950, "nb_points": 3 }, "geometry": { "type": "Polygon", "coordinates": [ [ [ -6.126567490174116, 8.012997155455086 ], [ -6.10627027008143, 8.013150711177568 ], [ -6.10642402229012, 8.033382764948854 ], [ -6.126722243062701, 8.033228816599932 ], [ -6.126567490174116, 8.012997155455086 ] ] ] } },
{ "type": "Feature", "properties": { "id": 34980, "nb_points": 11 }, "geometry": { "type": "Polygon", "coordinates": [ [ [ -6.131385801204214, 8.619936831561791 ], [ -6.111057424702014, 8.620102182657874 ], [ -6.111223233126754, 8.640333528274347 ], [ -6.131552688755586, 8.640167783392954 ], [ -6.131385801204214, 8.619936831561791 ] ] ] } },
{ "type": "Feature", "properties": { "id": 35055, "nb_points": 12 }, "geometry": { "type": "Polygon", "coordinates": [ [ [ -6.145036732960957, 10.137186389992548 ], [ -6.124620089200087, 10.137381393272252 ], [ -6.124816467330796, 10.157610747650931 ], [ -6.145234389107472, 10.15741534729244 ], [ -6.145036732960957, 10.137186389992548 ] ] ] } },
{ "type": "Feature", "properties": { "id": 35103, "nb_points": 9 }, "geometry": { "type": "Polygon", "coordinates": [ [ [ -6.087504115082258, 4.937647395345127 ], [ -6.067328648350586, 4.937741034657059 ], [ -6.067421900068772, 4.957976277738704 ], [ -6.087597977798198, 4.957882252843714 ], [ -6.087504115082258, 4.937647395345127 ] ] ] } },
{ "type": "Feature", "properties": { "id": 35112, "nb_points": 12 }, "geometry": { "type": "Polygon", "coordinates": [ [ [ -6.088362875727264, 5.11976059907354 ], [ -6.068181818915775, 5.119857709448145 ], [ -6.068278547794986, 5.140092823435629 ], [ -6.088460238385, 5.139995327272775 ], [ -6.088362875727264, 5.11976059907354 ] ] ] } },
{ "type": "Feature", "properties": { "id": 35117, "nb_points": 2 }, "geometry": { "type": "Polygon", "coordinates": [ [ [ -6.088853581443143, 5.220934092965948 ], [ -6.068669330403774, 5.221033132515394 ], [ -6.068767993132742, 5.241268172781883 ], [ -6.08895289062024, 5.241168747326917 ], [ -6.088853581443143, 5.220934092965948 ] ] ] } },
{ "type": "Feature", "properties": { "id": 35140, "nb_points": 1 }, "geometry": { "type": "Polygon", "coordinates": [ [ [ -6.091236345050748, 5.686327262220892 ], [ -6.071036583596935, 5.686435183768481 ], [ -6.071144162271038, 5.706669866519074 ], [ -6.091344628584811, 5.706561558496296 ], [ -6.091236345050748, 5.686327262220892 ] ] ] } },
{ "type": "Feature", "properties": { "id": 35232, "nb_points": 1 }, "geometry": { "type": "Polygon", "coordinates": [ [ [ -6.102844268036073, 7.547807314844618 ], [ -6.082568947691269, 7.54795091244904 ], [ -6.082712575243622, 7.568183864010162 ], [ -6.102988836600826, 7.568039877149265 ], [ -6.102844268036073, 7.547807314844618 ] ] ] } },
{ "type": "Feature", "properties": { "id": 35233, "nb_points": 7 }, "geometry": { "type": "Polygon", "coordinates": [ [ [ -6.102988836600826, 7.568039877149265 ], [ -6.082712575243622, 7.568183864010162 ], [ -6.082856598470173, 7.588416794117777 ], [ -6.10313380343162, 7.588272417965694 ], [ -6.102988836600826, 7.568039877149265 ] ] ] } },
{ "type": "Feature", "properties": { "id": 35246, "nb_points": 12 }, "geometry": { "type": "Polygon", "coordinates": [ [ [ -6.104904503593821, 7.83106121109113 ], [ -6.084615773001578, 7.831210261479859 ], [ -6.084764948328568, 7.851442907553746 ], [ -6.105054656273237, 7.8512934674138 ], [ -6.104904503593821, 7.83106121109113 ] ] ] } },
{ "type": "Feature", "properties": { "id": 35256, "nb_points": 2 }, "geometry": { "type": "Polygon", "coordinates": [ [ [ -6.10642402229012, 8.033382764948854 ], [ -6.086125401088788, 8.033535714484666 ], [ -6.086278550343637, 8.053768135584303 ], [ -6.106578174927606, 8.053614795932164 ], [ -6.10642402229012, 8.033382764948854 ] ] ] } },
{ "type": "Feature", "properties": { "id": 35270, "nb_points": 12 }, "geometry": { "type": "Polygon", "coordinates": [ [ [ -6.108618642815968, 8.316629099345709 ], [ -6.08830573684007, 8.316787513917445 ], [ -6.088464465874768, 8.337019610591678 ], [ -6.108778411781495, 8.336860805375963 ], [ -6.108618642815968, 8.316629099345709 ] ] ] } },
{ "type": "Feature", "properties": { "id": 35317, "nb_points": 11 }, "geometry": { "type": "Polygon", "coordinates": [ [ [ -6.116563941749568, 9.26749282303634 ], [ -6.096199320848647, 9.267669641024915 ], [ -6.096376929904431, 9.287900568079737 ], [ -6.116742714395597, 9.28772335753362 ], [ -6.116563941749568, 9.26749282303634 ] ] ] } },
{ "type": "Feature", "properties": { "id": 35422, "nb_points": 10 }, "geometry": { "type": "Polygon", "coordinates": [ [ [ -6.068669330403774, 5.221033132515394 ], [ -6.048484692472738, 5.221131525220174 ], [ -6.048582708692205, 5.241366948871878 ], [ -6.068767993132742, 5.241268172781883 ], [ -6.068669330403774, 5.221033132515394 ] ] ] } },
{ "type": "Feature", "properties": { "id": 35505, "nb_points": 7 }, "geometry": { "type": "Polygon", "coordinates": [ [ [ -6.078181253556567, 6.900485473433214 ], [ -6.057934287722664, 6.900615775965933 ], [ -6.058064441520245, 6.920849769834033 ], [ -6.078312265810665, 6.920719081639385 ], [ -6.078181253556567, 6.900485473433214 ] ] ] } },
{ "type": "Feature", "properties": { "id": 35537, "nb_points": 4 }, "geometry": { "type": "Polygon", "coordinates": [ [ [ -6.082568947691269, 7.54795091244904 ], [ -6.062293231762614, 7.548093572216115 ], [ -6.06243591821226, 7.568326910491725 ], [ -6.082712575243622, 7.568183864010162 ], [ -6.082568947691269, 7.54795091244904 ] ] ] } },
{ "type": "Feature", "properties": { "id": 35560, "nb_points": 6 }, "geometry": { "type": "Polygon", "coordinates": [ [ [ -6.085972649656916, 8.013303270634003 ], [ -6.065674631505763, 8.013454833729362 ], [ -6.065826382064522, 8.033687665112078 ], [ -6.086125401088788, 8.033535714484666 ], [ -6.085972649656916, 8.013303270634003 ] ] ] } },
{ "type": "Feature", "properties": { "id": 35561, "nb_points": 1 }, "geometry": { "type": "Polygon", "coordinates": [ [ [ -6.086125401088788, 8.033535714484666 ], [ -6.065826382064522, 8.033687665112078 ], [ -6.065978527840175, 8.05392047378049 ], [ -6.086278550343637, 8.053768135584303 ], [ -6.086125401088788, 8.033535714484666 ] ] ] } },
{ "type": "Feature", "properties": { "id": 35577, "nb_points": 1 }, "geometry": { "type": "Polygon", "coordinates": [ [ [ -6.088623594208429, 8.357251683670736 ], [ -6.068308206356027, 8.35740983987044 ], [ -6.068466688826067, 8.377642277467578 ], [ -6.088783121941561, 8.377483733098412 ], [ -6.088623594208429, 8.357251683670736 ] ] ] } },
{ "type": "Feature", "properties": { "id": 35578, "nb_points": 1 }, "geometry": { "type": "Polygon", "coordinates": [ [ [ -6.088783121941561, 8.377483733098412 ], [ -6.068466688826067, 8.377642277467578 ], [ -6.068625568179358, 8.397874691395494 ], [ -6.088943049174939, 8.39771575881848 ], [ -6.088783121941561, 8.377483733098412 ] ] ] } },
{ "type": "Feature", "properties": { "id": 35579, "nb_points": 2 }, "geometry": { "type": "Polygon", "coordinates": [ [ [ -6.088943049174939, 8.39771575881848 ], [ -6.068625568179358, 8.397874691395494 ], [ -6.068784844516283, 8.418107081598079 ], [ -6.089103376009601, 8.417947760774751 ], [ -6.088943049174939, 8.39771575881848 ] ] ] } },
{ "type": "Feature", "properties": { "id": 35644, "nb_points": 1 }, "geometry": { "type": "Polygon", "coordinates": [ [ [ -6.100200292257667, 9.712743891386998 ], [ -6.079809052788557, 9.712928144526375 ], [ -6.079994361113243, 9.73315887261505 ], [ -6.100386822720568, 9.73297422851588 ], [ -6.100200292257667, 9.712743891386998 ] ] ] } },
{ "type": "Feature", "properties": { "id": 35743, "nb_points": 12 }, "geometry": { "type": "Polygon", "coordinates": [ [ [ -6.050099116835174, 5.544896484638088 ], [ -6.029903444920238, 5.545000327135347 ], [ -6.03000693211662, 5.565235886917404 ], [ -6.05020329122067, 5.565131663169503 ], [ -6.050099116835174, 5.544896484638088 ] ] ] } },
{ "type": "Feature", "properties": { "id": 35778, "nb_points": 12 }, "geometry": { "type": "Polygon", "coordinates": [ [ [ -6.053974988230653, 6.253117956699286 ], [ -6.033753749204797, 6.25323515840108 ], [ -6.03387067744933, 6.273470132070231 ], [ -6.054092692906076, 6.273352548190412 ], [ -6.053974988230653, 6.253117956699286 ] ] ] } },
{ "type": "Feature", "properties": { "id": 35810, "nb_points": 5 }, "geometry": { "type": "Polygon", "coordinates": [ [ [ -6.057934287722664, 6.900615775965933 ], [ -6.037686931632476, 6.900745221809226 ], [ -6.037816226891978, 6.920979598803878 ], [ -6.058064441520245, 6.920849769834033 ], [ -6.057934287722664, 6.900615775965933 ] ] ] } },
{ "type": "Feature", "properties": { "id": 35811, "nb_points": 12 }, "geometry": { "type": "Polygon", "coordinates": [ [ [ -6.058064441520245, 6.920849769834033 ], [ -6.037816226891978, 6.920979598803878 ], [ -6.037945909914987, 6.941213956218854 ], [ -6.058194985655716, 6.941083744091256 ], [ -6.058064441520245, 6.920849769834033 ] ] ] } },
{ "type": "Feature", "properties": { "id": 35835, "nb_points": 11 }, "geometry": { "type": "Polygon", "coordinates": [ [ [ -6.061305425409739, 7.406459609292583 ], [ -6.041035832298824, 7.406598642878903 ], [ -6.041174846609279, 7.426832513443253 ], [ -6.061445362782465, 7.426693095921785 ], [ -6.061305425409739, 7.406459609292583 ] ] ] } },
{ "type": "Feature", "properties": { "id": 35836, "nb_points": 12 }, "geometry": { "type": "Polygon", "coordinates": [ [ [ -6.061445362782465, 7.426693095921785 ], [ -6.041174846609279, 7.426832513443253 ], [ -6.041314250790907, 7.447066363017106 ], [ -6.061585692614647, 7.446926561526908 ], [ -6.061445362782465, 7.426693095921785 ] ] ] } },
{ "type": "Feature", "properties": { "id": 35882, "nb_points": 8 }, "geometry": { "type": "Polygon", "coordinates": [ [ [ -6.068308206356027, 8.35740983987044 ], [ -6.047992421720537, 8.3575669562731 ], [ -6.048149858827363, 8.377799779487987 ], [ -6.068466688826067, 8.377642277467578 ], [ -6.068308206356027, 8.35740983987044 ] ] ] } },
{ "type": "Feature", "properties": { "id": 35918, "nb_points": 12 }, "geometry": { "type": "Polygon", "coordinates": [ [ [ -6.074264344012368, 9.085762281625875 ], [ -6.05390927263385, 9.085933304985796 ], [ -6.054080968018875, 9.106165242252416 ], [ -6.074437179408378, 9.105993831840458 ], [ -6.074264344012368, 9.085762281625875 ] ] ] } },
{ "type": "Feature", "properties": { "id": 35948, "nb_points": 3 }, "geometry": { "type": "Polygon", "coordinates": [ [ [ -6.079624148544383, 9.692697389082614 ], [ -6.059233724586736, 9.692880042530959 ], [ -6.059417409238976, 9.713111186319958 ], [ -6.079809052788557, 9.712928144526375 ], [ -6.079624148544383, 9.692697389082614 ] ] ] } },
{ "type": "Feature", "properties": { "id": 35949, "nb_points": 2 }, "geometry": { "type": "Polygon", "coordinates": [ [ [ -6.079809052788557, 9.712928144526375 ], [ -6.059417409238976, 9.713111186319958 ], [ -6.059601495307339, 9.73334230279853 ], [ -6.079994361113243, 9.73315887261505 ], [ -6.079809052788557, 9.712928144526375 ] ] ] } },
{ "type": "Feature", "properties": { "id": 36033, "nb_points": 12 }, "geometry": { "type": "Polygon", "coordinates": [ [ [ -6.028397039833988, 5.241465075535773 ], [ -6.00821098909369, 5.241562552712834 ], [ -6.008308091457925, 5.261798720727669 ], [ -6.028494791365106, 5.261700865183434 ], [ -6.028397039833988, 5.241465075535773 ] ] ] } },
{ "type": "Feature", "properties": { "id": 36042, "nb_points": 12 }, "geometry": { "type": "Polygon", "coordinates": [ [ [ -6.029290558718881, 5.423586640254242 ], [ -6.009098574137776, 5.423687523584773 ], [ -6.00919909336595, 5.443923555431231 ], [ -6.029391749954774, 5.443822293519919 ], [ -6.029290558718881, 5.423586640254242 ] ] ] } },
{ "type": "Feature", "properties": { "id": 36081, "nb_points": 12 }, "geometry": { "type": "Polygon", "coordinates": [ [ [ -6.033521048307546, 6.21276515798547 ], [ -6.013300969394941, 6.212880824739218 ], [ -6.013416355880517, 6.233116213367251 ], [ -6.033637206181803, 6.233000167020586 ], [ -6.033521048307546, 6.21276515798547 ] ] ] } },
{ "type": "Feature", "properties": { "id": 36327, "nb_points": 2 }, "geometry": { "type": "Polygon", "coordinates": [ [ [ -6.007167886822625, 5.01896373726898 ], [ -5.986988430941908, 5.019056432098656 ], [ -5.987080742414792, 5.039293135880204 ], [ -6.007260819647593, 5.039200065453824 ], [ -6.007167886822625, 5.01896373726898 ] ] ] } },
{ "type": "Feature", "properties": { "id": 36328, "nb_points": 10 }, "geometry": { "type": "Polygon", "coordinates": [ [ [ -6.007260819647593, 5.039200065453824 ], [ -5.987080742414792, 5.039293135880204 ], [ -5.987173430110889, 5.059529825407658 ], [ -6.007354131227935, 5.059436379362367 ], [ -6.007260819647593, 5.039200065453824 ] ] ] } },
{ "type": "Feature", "properties": { "id": 36398, "nb_points": 12 }, "geometry": { "type": "Polygon", "coordinates": [ [ [ -6.014710874283598, 6.455704312451376 ], [ -5.994480986412253, 6.455823735064739 ], [ -5.994600166637006, 6.476059285836349 ], [ -6.014830856692789, 6.475939485821704 ], [ -6.014710874283598, 6.455704312451376 ] ] ] } },
{ "type": "Feature", "properties": { "id": 36415, "nb_points": 2 }, "geometry": { "type": "Polygon", "coordinates": [ [ [ -6.0168027796824, 6.799699731699596 ], [ -5.996558905694806, 6.79982557410659 ], [ -5.996684571760095, 6.820060806491619 ], [ -6.016929291580849, 6.819934586182107 ], [ -6.0168027796824, 6.799699731699596 ] ] ] } },
{ "type": "Feature", "properties": { "id": 36439, "nb_points": 4 }, "geometry": { "type": "Polygon", "coordinates": [ [ [ -6.01994543053303, 7.285330807541829 ], [ -5.999680545528441, 7.285465728168334 ], [ -5.999815407091093, 7.30570048334421 ], [ -6.020081199811384, 7.30556518406153 ], [ -6.01994543053303, 7.285330807541829 ] ] ] } },
{ "type": "Feature", "properties": { "id": 36440, "nb_points": 4 }, "geometry": { "type": "Polygon", "coordinates": [ [ [ -6.020081199811384, 7.30556518406153 ], [ -5.999815407091093, 7.30570048334421 ], [ -5.99995065283419, 7.325935217933181 ], [ -6.02021735585554, 7.325799539961749 ], [ -6.020081199811384, 7.30556518406153 ] ] ] } },
{ "type": "Feature", "properties": { "id": 36559, "nb_points": 6 }, "geometry": { "type": "Polygon", "coordinates": [ [ [ -6.039025364273317, 9.7132930166531 ], [ -6.018632920556244, 9.713473635411908 ], [ -6.01881456176072, 9.733705520959571 ], [ -6.039208227968018, 9.73352451895142 ], [ -6.039025364273317, 9.7132930166531 ] ] ] } },
{ "type": "Feature", "properties": { "id": 36672, "nb_points": 12 }, "geometry": { "type": "Polygon", "coordinates": [ [ [ -5.990974935127127, 5.82851290398717 ], [ -5.970768267477997, 5.828619918116855 ], [ -5.970874952166904, 5.848856381474566 ], [ -5.991082342837799, 5.848748993314686 ], [ -5.990974935127127, 5.82851290398717 ] ] ] } },
{ "type": "Feature", "properties": { "id": 36687, "nb_points": 2 }, "geometry": { "type": "Polygon", "coordinates": [ [ [ -5.99262584677263, 6.132052483117293 ], [ -5.97240806593892, 6.132165110439978 ], [ -5.972520400236832, 6.152401320388276 ], [ -5.992738942376155, 6.152288318640293 ], [ -5.99262584677263, 6.132052483117293 ] ] ] } },
{ "type": "Feature", "properties": { "id": 36710, "nb_points": 12 }, "geometry": { "type": "Polygon", "coordinates": [ [ [ -5.9953232497626, 6.597472204669264 ], [ -5.975087311384693, 6.597593450786641 ], [ -5.975208339356347, 6.617829247503821 ], [ -5.995445097950051, 6.617707626315135 ], [ -5.9953232497626, 6.597472204669264 ] ] ] } },
{ "type": "Feature", "properties": { "id": 36744, "nb_points": 4 }, "geometry": { "type": "Polygon", "coordinates": [ [ [ -5.999680545528441, 7.285465728168334 ], [ -5.97941527642814, 7.285599743644293 ], [ -5.9795492301904, 7.305834874936244 ], [ -5.999815407091093, 7.30570048334421 ], [ -5.999680545528441, 7.285465728168334 ] ] ] } },
{ "type": "Feature", "properties": { "id": 36765, "nb_points": 12 }, "geometry": { "type": "Polygon", "coordinates": [ [ [ -6.002593430710903, 7.71039118891036 ], [ -5.982308554059592, 7.710533109744534 ], [ -5.98245053936351, 7.730767797618494 ], [ -6.00273637823445, 7.730625499968942 ], [ -6.002593430710903, 7.71039118891036 ] ] ] } },
{ "type": "Feature", "properties": { "id": 36991, "nb_points": 24 }, "geometry": { "type": "Polygon", "coordinates": [ [ [ -5.972296108763658, 6.111928883202219 ], [ -5.952078709627357, 6.112040377882602 ], [ -5.952189907982597, 6.132276976989849 ], [ -5.97240806593892, 6.132165110439978 ], [ -5.972296108763658, 6.111928883202219 ] ] ] } },
{ "type": "Feature", "properties": { "id": 36992, "nb_points": 35 }, "geometry": { "type": "Polygon", "coordinates": [ [ [ -5.97240806593892, 6.132165110439978 ], [ -5.952189907982597, 6.132276976989849 ], [ -5.952301480904744, 6.152513558834439 ], [ -5.972520400236832, 6.152401320388276 ], [ -5.97240806593892, 6.132165110439978 ] ] ] } },
{ "type": "Feature", "properties": { "id": 37007, "nb_points": 12 }, "geometry": { "type": "Polygon", "coordinates": [ [ [ -5.974132718011921, 6.435706412659243 ], [ -5.95390287079857, 6.435823860518799 ], [ -5.954020070720658, 6.456060176661483 ], [ -5.974250717703523, 6.455942356492645 ], [ -5.974132718011921, 6.435706412659243 ] ] ] } },
{ "type": "Feature", "properties": { "id": 37008, "nb_points": 7 }, "geometry": { "type": "Polygon", "coordinates": [ [ [ -5.974250717703523, 6.455942356492645 ], [ -5.954020070720658, 6.456060176661483 ], [ -5.954137646353423, 6.476296474640171 ], [ -5.974369095669299, 6.476178282133787 ], [ -5.974250717703523, 6.455942356492645 ] ] ] } },
{ "type": "Feature", "properties": { "id": 37026, "nb_points": 6 }, "geometry": { "type": "Polygon", "coordinates": [ [ [ -5.976439469722715, 6.820186180014433 ], [ -5.956193988041178, 6.820310706672681 ], [ -5.956318339275991, 6.840546668081122 ], [ -5.976564669520323, 6.84042176856084 ], [ -5.976439469722715, 6.820186180014433 ] ] ] } },
{ "type": "Feature", "properties": { "id": 37078, "nb_points": 12 }, "geometry": { "type": "Polygon", "coordinates": [ [ [ -5.983455177262441, 7.872410001127783 ], [ -5.963162146027665, 7.872553958457745 ], [ -5.96330621809693, 7.892788845461049 ], [ -5.9836002324428, 7.892644513585255 ], [ -5.983455177262441, 7.872410001127783 ] ] ] } },
{ "type": "Feature", "properties": { "id": 37248, "nb_points": 3 }, "geometry": { "type": "Polygon", "coordinates": [ [ [ -5.947180373310095, 5.140664426263874 ], [ -5.926996029388961, 5.140757463826845 ], [ -5.927088689066377, 5.160995193300443 ], [ -5.947273669713637, 5.16090178756877 ], [ -5.947180373310095, 5.140664426263874 ] ] ] } },
{ "type": "Feature", "properties": { "id": 37296, "nb_points": 13 }, "geometry": { "type": "Polygon", "coordinates": [ [ [ -5.952078709627357, 6.112040377882602 ], [ -5.931860935993627, 6.112151114249863 ], [ -5.931971375459407, 6.132388082697536 ], [ -5.952189907982597, 6.132276976989849 ], [ -5.952078709627357, 6.112040377882602 ] ] ] } },
{ "type": "Feature", "properties": { "id": 37297, "nb_points": 22 }, "geometry": { "type": "Polygon", "coordinates": [ [ [ -5.952189907982597, 6.132276976989849 ], [ -5.931971375459407, 6.132388082697536 ], [ -5.93208218693611, 6.152625033909175 ], [ -5.952301480904744, 6.152513558834439 ], [ -5.952189907982597, 6.132276976989849 ] ] ] } },
{ "type": "Feature", "properties": { "id": 37313, "nb_points": 5 }, "geometry": { "type": "Polygon", "coordinates": [ [ [ -5.954020070720658, 6.456060176661483 ], [ -5.933789048027155, 6.456177195498131 ], [ -5.93390582125337, 6.476413863282146 ], [ -5.954137646353423, 6.476296474640171 ], [ -5.954020070720658, 6.456060176661483 ] ] ] } },
{ "type": "Feature", "properties": { "id": 37330, "nb_points": 4 }, "geometry": { "type": "Polygon", "coordinates": [ [ [ -5.95607001387784, 6.800074726088107 ], [ -5.935825001192611, 6.800198035507884 ], [ -5.935948129288207, 6.820434386389017 ], [ -5.956193988041178, 6.820310706672681 ], [ -5.95607001387784, 6.800074726088107 ] ] ] } },
{ "type": "Feature", "properties": { "id": 37554, "nb_points": 9 }, "geometry": { "type": "Polygon", "coordinates": [ [ [ -5.927088689066377, 5.160995193300443 ], [ -5.906903339451532, 5.161087959334467 ], [ -5.906995728777374, 5.181326039949849 ], [ -5.92718171771142, 5.181232908246308 ], [ -5.927088689066377, 5.160995193300443 ] ] ] } },
{ "type": "Feature", "properties": { "id": 37626, "nb_points": 5 }, "geometry": { "type": "Polygon", "coordinates": [ [ [ -5.934733688116719, 6.618070025245176 ], [ -5.914495800606101, 6.61818918164836 ], [ -5.914614738647912, 6.638426069821842 ], [ -5.934853449168044, 6.638306545919453 ], [ -5.934733688116719, 6.618070025245176 ] ] ] } },
{ "type": "Feature", "properties": { "id": 37653, "nb_points": 12 }, "geometry": { "type": "Polygon", "coordinates": [ [ [ -5.938098669072924, 7.164449376226951 ], [ -5.917837657221434, 7.164578465448081 ], [ -5.917966645783241, 7.18481483142514 ], [ -5.938228550179553, 7.184685373897982 ], [ -5.938098669072924, 7.164449376226951 ] ] ] } },
{ "type": "Feature", "properties": { "id": 37670, "nb_points": 12 }, "geometry": { "type": "Polygon", "coordinates": [ [ [ -5.940357830360718, 7.508458557543127 ], [ -5.920081293579339, 7.508593912266901 ], [ -5.920216640226837, 7.528829928548455 ], [ -5.940494113540639, 7.528694204976448 ], [ -5.940357830360718, 7.508458557543127 ] ] ] } },
{ "type": "Feature", "properties": { "id": 37686, "nb_points": 11 }, "geometry": { "type": "Polygon", "coordinates": [ [ [ -5.942583692059033, 7.832226352595289 ], [ -5.922291859304214, 7.83236761286913 ], [ -5.922433212481216, 7.85260328530532 ], [ -5.942726023322884, 7.85246165564861 ], [ -5.942583692059033, 7.832226352595289 ] ] ] } },
{ "type": "Feature", "properties": { "id": 37687, "nb_points": 1 }, "geometry": { "type": "Polygon", "coordinates": [ [ [ -5.942726023322884, 7.85246165564861 ], [ -5.922433212481216, 7.85260328530532 ], [ -5.922574941812752, 7.87283893577792 ], [ -5.942868733343552, 7.872696936704146 ], [ -5.942726023322884, 7.85246165564861 ] ] ] } },
{ "type": "Feature", "properties": { "id": 37804, "nb_points": 12 }, "geometry": { "type": "Polygon", "coordinates": [ [ [ -5.962019275605495, 10.219825447619884 ], [ -5.941593887975498, 10.220010556210507 ], [ -5.941780310980717, 10.240243255018262 ], [ -5.962206988465878, 10.240057772358426 ], [ -5.962019275605495, 10.219825447619884 ] ] ] } },
{ "type": "Feature", "properties": { "id": 37870, "nb_points": 2 }, "geometry": { "type": "Polygon", "coordinates": [ [ [ -5.907939788565574, 5.383706035878351 ], [ -5.887746899825379, 5.383802158012424 ], [ -5.887842656454259, 5.404040438736899 ], [ -5.908036212489973, 5.403943953207221 ], [ -5.907939788565574, 5.383706035878351 ] ] ] } },
{ "type": "Feature", "properties": { "id": 37871, "nb_points": 10 }, "geometry": { "type": "Polygon", "coordinates": [ [ [ -5.908036212489973, 5.403943953207221 ], [ -5.887842656454259, 5.404040438736899 ], [ -5.887938777679859, 5.424278704301688 ], [ -5.908133003551614, 5.424181855353348 ], [ -5.908036212489973, 5.403943953207221 ] ] ] } },
{ "type": "Feature", "properties": { "id": 37879, "nb_points": 12 }, "geometry": { "type": "Polygon", "coordinates": [ [ [ -5.908820825917957, 5.5658467405229 ], [ -5.88862184002429, 5.565946134054928 ], [ -5.888720880197924, 5.586184276315622 ], [ -5.90892055626686, 5.58608451917728 ], [ -5.908820825917957, 5.5658467405229 ] ] ] } },
{ "type": "Feature", "properties": { "id": 37895, "nb_points": 12 }, "geometry": { "type": "Polygon", "coordinates": [ [ [ -5.910460669426268, 5.889649284633381 ], [ -5.890250335167917, 5.889754498778721 ], [ -5.890355225205747, 5.909992383631052 ], [ -5.910566290400707, 5.909886805487061 ], [ -5.910460669426268, 5.889649284633381 ] ] ] } },
{ "type": "Feature", "properties": { "id": 37930, "nb_points": 11 }, "geometry": { "type": "Polygon", "coordinates": [ [ [ -5.91437723373426, 6.597952274918208 ], [ -5.894139795569425, 6.598070244641025 ], [ -5.894257541925553, 6.618307516307737 ], [ -5.914495800606101, 6.61818918164836 ], [ -5.91437723373426, 6.597952274918208 ] ] ] } },
{ "type": "Feature", "properties": { "id": 37931, "nb_points": 19 }, "geometry": { "type": "Polygon", "coordinates": [ [ [ -5.914495800606101, 6.61818918164836 ], [ -5.894257541925553, 6.618307516307737 ], [ -5.894375656883398, 6.63854476944619 ], [ -5.914614738647912, 6.638426069821842 ], [ -5.914495800606101, 6.61818918164836 ] ] ] } },
{ "type": "Feature", "properties": { "id": 37946, "nb_points": 4 }, "geometry": { "type": "Polygon", "coordinates": [ [ [ -5.91631888621056, 6.921740524422998 ], [ -5.896068011314057, 6.92186433659082 ], [ -5.896191664304066, 6.942101305093653 ], [ -5.916443400870718, 6.941977127523836 ], [ -5.91631888621056, 6.921740524422998 ] ] ] } },
{ "type": "Feature", "properties": { "id": 37947, "nb_points": 8 }, "geometry": { "type": "Polygon", "coordinates": [ [ [ -5.916443400870718, 6.941977127523836 ], [ -5.896191664304066, 6.942101305093653 ], [ -5.896315687107474, 6.962338254173618 ], [ -5.916568287920921, 6.962213711171952 ], [ -5.916443400870718, 6.941977127523836 ] ] ] } },
{ "type": "Feature", "properties": { "id": 37970, "nb_points": 12 }, "geometry": { "type": "Polygon", "coordinates": [ [ [ -5.919410178761235, 7.407413516723841 ], [ -5.899137911519753, 7.407546106964013 ], [ -5.899270461980857, 7.427782593915071 ], [ -5.919543652883938, 7.427649637531244 ], [ -5.919410178761235, 7.407413516723841 ] ] ] } },
{ "type": "Feature", "properties": { "id": 38049, "nb_points": 1 }, "geometry": { "type": "Polygon", "coordinates": [ [ [ -5.931114987985636, 9.005998594963753 ], [ -5.910761723309451, 9.00616021654962 ], [ -5.910923918561745, 9.026394892331378 ], [ -5.931278313428399, 9.026232901786273 ], [ -5.931114987985636, 9.005998594963753 ] ] ] } },
{ "type": "Feature", "properties": { "id": 38098, "nb_points": 1 }, "geometry": { "type": "Polygon", "coordinates": [ [ [ -5.939568838012038, 9.997449005773456 ], [ -5.919157074672422, 9.997628754410487 ], [ -5.919337972184348, 10.017862133807549 ], [ -5.939750995995226, 10.017682014170308 ], [ -5.939568838012038, 9.997449005773456 ] ] ] } },
{ "type": "Feature", "properties": { "id": 38183, "nb_points": 2 }, "geometry": { "type": "Polygon", "coordinates": [ [ [ -5.888523164932714, 5.545707976184238 ], [ -5.868324501649898, 5.545806318378124 ], [ -5.868422489048606, 5.566044837306423 ], [ -5.88862184002429, 5.565946134054928 ], [ -5.888523164932714, 5.545707976184238 ] ] ] } },
{ "type": "Feature", "properties": { "id": 38206, "nb_points": 12 }, "geometry": { "type": "Polygon", "coordinates": [ [ [ -5.890885169154997, 6.011181558282865 ], [ -5.870670044503798, 6.011288210929391 ], [ -5.870776386190189, 6.031526357167458 ], [ -5.890992257159905, 6.031419342898138 ], [ -5.890885169154997, 6.011181558282865 ] ] ] } },
{ "type": "Feature", "properties": { "id": 38220, "nb_points": 7 }, "geometry": { "type": "Polygon", "coordinates": [ [ [ -5.892417782880398, 6.294508984322076 ], [ -5.872191977152906, 6.29462070205276 ], [ -5.87230342107237, 6.314858606913514 ], [ -5.892530008922224, 6.314746527193074 ], [ -5.892417782880398, 6.294508984322076 ] ] ] } },
{ "type": "Feature", "properties": { "id": 38323, "nb_points": 8 }, "geometry": { "type": "Polygon", "coordinates": [ [ [ -5.905921155988809, 8.378873099695987 ], [ -5.885601245167384, 8.379022259444444 ], [ -5.885750689161673, 8.399258052375183 ], [ -5.906071648742934, 8.399108527395322 ], [ -5.905921155988809, 8.378873099695987 ] ] ] } },
{ "type": "Feature", "properties": { "id": 38398, "nb_points": 1 }, "geometry": { "type": "Polygon", "coordinates": [ [ [ -5.918258350037118, 9.896461441935839 ], [ -5.897852465136227, 9.896638100829875 ], [ -5.898030194849315, 9.916871986748008 ], [ -5.918437326957338, 9.916694959647083 ], [ -5.918258350037118, 9.896461441935839 ] ] ] } },
{ "type": "Feature", "properties": { "id": 38403, "nb_points": 12 }, "geometry": { "type": "Polygon", "coordinates": [ [ [ -5.919157074672422, 9.997628754410487 ], [ -5.898744926984406, 9.997807254772558 ], [ -5.898924563909492, 10.018041002593788 ], [ -5.919337972184348, 10.017862133807549 ], [ -5.919157074672422, 9.997628754410487 ] ] ] } },
{ "type": "Feature", "properties": { "id": 38487, "nb_points": 7 }, "geometry": { "type": "Polygon", "coordinates": [ [ [ -5.868226876728079, 5.525567783919613 ], [ -5.848028536178414, 5.525665079787884 ], [ -5.848125475890232, 5.545903972755489 ], [ -5.868324501649898, 5.545806318378124 ], [ -5.868226876728079, 5.525567783919613 ] ] ] } },
{ "type": "Feature", "properties": { "id": 38498, "nb_points": 12 }, "geometry": { "type": "Polygon", "coordinates": [ [ [ -5.869320697247106, 5.7481907995332 ], [ -5.849114679401002, 5.748292040300266 ], [ -5.849215581747878, 5.768530759608057 ], [ -5.869422312810798, 5.76842916007022 ], [ -5.869320697247106, 5.7481907995332 ] ] ] } },
{ "type": "Feature", "properties": { "id": 38524, "nb_points": 2 }, "geometry": { "type": "Polygon", "coordinates": [ [ [ -5.872080898123854, 6.274382779586762 ], [ -5.851855507137254, 6.274493356524519 ], [ -5.85196580653504, 6.294731638422037 ], [ -5.872191977152906, 6.29462070205276 ], [ -5.872080898123854, 6.274382779586762 ] ] ] } },
{ "type": "Feature", "properties": { "id": 38525, "nb_points": 3 }, "geometry": { "type": "Polygon", "coordinates": [ [ [ -5.872191977152906, 6.29462070205276 ], [ -5.85196580653504, 6.294731638422037 ], [ -5.852076468262482, 6.314969902740915 ], [ -5.87230342107237, 6.314858606913514 ], [ -5.872191977152906, 6.29462070205276 ] ] ] } },
{ "type": "Feature", "properties": { "id": 38537, "nb_points": 1 }, "geometry": { "type": "Polygon", "coordinates": [ [ [ -5.873553407045065, 6.537474382432369 ], [ -5.853317680972814, 6.537589634080256 ], [ -5.853432696118593, 6.55782768309836 ], [ -5.873669235150322, 6.557712071666207 ], [ -5.873553407045065, 6.537474382432369 ] ] ] } },
{ "type": "Feature", "properties": { "id": 38549, "nb_points": 12 }, "geometry": { "type": "Polygon", "coordinates": [ [ [ -5.874967504170896, 6.780325431007975 ], [ -5.854721853037153, 6.780445001918435 ], [ -5.854841231966441, 6.800682827599417 ], [ -5.875087726899929, 6.800562896565766 ], [ -5.874967504170896, 6.780325431007975 ] ] ] } },
{ "type": "Feature", "properties": { "id": 38659, "nb_points": 11 }, "geometry": { "type": "Polygon", "coordinates": [ [ [ -5.890408079630029, 9.006320715728595 ], [ -5.870054059587891, 9.006480092400352 ], [ -5.870213994151199, 9.026715498414402 ], [ -5.890569144588933, 9.026555757907611 ], [ -5.890408079630029, 9.006320715728595 ] ] ] } },
{ "type": "Feature", "properties": { "id": 38707, "nb_points": 5 }, "geometry": { "type": "Polygon", "coordinates": [ [ [ -5.898565671730233, 9.977573479222794 ], [ -5.878154400395172, 9.977750365393408 ], [ -5.878332397625526, 9.997984506747718 ], [ -5.898744926984406, 9.997807254772558 ], [ -5.898565671730233, 9.977573479222794 ] ] ] } },
{ "type": "Feature", "properties": { "id": 38792, "nb_points": 3 }, "geometry": { "type": "Polygon", "coordinates": [ [ [ -5.848028536178414, 5.525665079787884 ], [ -5.827829835756219, 5.525761690304359 ], [ -5.827926090197635, 5.546000939255834 ], [ -5.848125475890232, 5.545903972755489 ], [ -5.848028536178414, 5.525665079787884 ] ] ] } },
{ "type": "Feature", "properties": { "id": 38832, "nb_points": 12 }, "geometry": { "type": "Polygon", "coordinates": [ [ [ -5.852187492388758, 6.33520814942527 ], [ -5.831959392357399, 6.33531901824334 ], [ -5.832069991567277, 6.355557604216658 ], [ -5.852298878983274, 6.355446378419225 ], [ -5.852187492388758, 6.33520814942527 ] ] ] } },
{ "type": "Feature", "properties": { "id": 38843, "nb_points": 1 }, "geometry": { "type": "Polygon", "coordinates": [ [ [ -5.853432696118593, 6.55782768309836 ], [ -5.833195793839751, 6.557942480171384 ], [ -5.833310356633788, 6.578180868162545 ], [ -5.853548074511522, 6.578065713811832 ], [ -5.853432696118593, 6.55782768309836 ] ] ] } },
{ "type": "Feature", "properties": { "id": 38889, "nb_points": 12 }, "geometry": { "type": "Polygon", "coordinates": [ [ [ -5.859117275914401, 7.488757246955408 ], [ -5.838840190267733, 7.488888508762278 ], [ -5.838971425636919, 7.509125995888263 ], [ -5.859249445559872, 7.50899437544013 ], [ -5.859117275914401, 7.488757246955408 ] ] ] } },
{ "type": "Feature", "properties": { "id": 38923, "nb_points": 9 }, "geometry": { "type": "Polygon", "coordinates": [ [ [ -5.863817382724532, 8.176807547550684 ], [ -5.843507073385621, 8.17695102150269 ], [ -5.843650742935173, 8.197187767390369 ], [ -5.863962075053628, 8.197043933667572 ], [ -5.863817382724532, 8.176807547550684 ] ] ] } },
{ "type": "Feature", "properties": { "id": 39008, "nb_points": 1 }, "geometry": { "type": "Polygon", "coordinates": [ [ [ -5.877446199134445, 9.896813524213863 ], [ -5.857039554705593, 9.896987711977811 ], [ -5.857214789664781, 9.917222326585167 ], [ -5.877622681526925, 9.917047775764113 ], [ -5.877446199134445, 9.896813524213863 ] ] ] } },
{ "type": "Feature", "properties": { "id": 39010, "nb_points": 1 }, "geometry": { "type": "Polygon", "coordinates": [ [ [ -5.877799542459202, 9.937281999847118 ], [ -5.857390400488896, 9.937456913767944 ], [ -5.857566387290087, 9.957691473471733 ], [ -5.877976782044218, 9.957516196408381 ], [ -5.877799542459202, 9.937281999847118 ] ] ] } },
{ "type": "Feature", "properties": { "id": 39148, "nb_points": 10 }, "geometry": { "type": "Polygon", "coordinates": [ [ [ -5.833195793839751, 6.557942480171384 ], [ -5.812958530881234, 6.558056462813997 ], [ -5.813072278004671, 6.578295205548293 ], [ -5.833310356633788, 6.578180868162545 ], [ -5.833195793839751, 6.557942480171384 ] ] ] } },
{ "type": "Feature", "properties": { "id": 39208, "nb_points": 12 }, "geometry": { "type": "Polygon", "coordinates": [ [ [ -5.840710667408084, 7.772211407523302 ], [ -5.82041990031069, 7.772346726358799 ], [ -5.820555272826581, 7.792584272555038 ], [ -5.840847010643111, 7.792448597173141 ], [ -5.840710667408084, 7.772211407523302 ] ] ] } },
{ "type": "Feature", "properties": { "id": 39228, "nb_points": 3 }, "geometry": { "type": "Polygon", "coordinates": [ [ [ -5.843507073385621, 8.17695102150269 ], [ -5.823196396885409, 8.177093477593193 ], [ -5.823339043564712, 8.197330580699555 ], [ -5.843650742935173, 8.197187767390369 ], [ -5.843507073385621, 8.17695102150269 ] ] ] } },
{ "type": "Feature", "properties": { "id": 39242, "nb_points": 4 }, "geometry": { "type": "Polygon", "coordinates": [ [ [ -5.845551900364468, 8.460263372011793 ], [ -5.825226665554247, 8.460410832341493 ], [ -5.825374425469398, 8.48064761217813 ], [ -5.845700719807605, 8.480499794137714 ], [ -5.845551900364468, 8.460263372011793 ] ] ] } },
{ "type": "Feature", "properties": { "id": 39312, "nb_points": 1 }, "geometry": { "type": "Polygon", "coordinates": [ [ [ -5.85686469549944, 9.8767530700003 ], [ -5.836458920188443, 9.876925661595395 ], [ -5.836632534523747, 9.897160664012501 ], [ -5.857039554705593, 9.896987711977811 ], [ -5.85686469549944, 9.8767530700003 ] ] ] } },
{ "type": "Feature", "properties": { "id": 39315, "nb_points": 1 }, "geometry": { "type": "Polygon", "coordinates": [ [ [ -5.857390400488896, 9.937456913767944 ], [ -5.836980882541557, 9.937630586808712 ], [ -5.837155616446518, 9.957865507079187 ], [ -5.857566387290087, 9.957691473471733 ], [ -5.857390400488896, 9.937456913767944 ] ] ] } },
{ "type": "Feature", "properties": { "id": 39381, "nb_points": 12 }, "geometry": { "type": "Polygon", "coordinates": [ [ [ -5.805705692273483, 5.100822492487093 ], [ -5.785520085860515, 5.100910367662658 ], [ -5.785607584598266, 5.121150632291038 ], [ -5.805793823060104, 5.121062406643077 ], [ -5.805705692273483, 5.100822492487093 ] ] ] } },
{ "type": "Feature", "properties": { "id": 39385, "nb_points": 1 }, "geometry": { "type": "Polygon", "coordinates": [ [ [ -5.80606033748763, 5.181782063176589 ], [ -5.785872187661464, 5.181871340368491 ], [ -5.785961091148779, 5.202111547605274 ], [ -5.806149883170271, 5.202021919856187 ], [ -5.80606033748763, 5.181782063176589 ] ] ] } },
{ "type": "Feature", "properties": { "id": 39457, "nb_points": 12 }, "geometry": { "type": "Polygon", "coordinates": [ [ [ -5.813415668760394, 6.639011323696708 ], [ -5.793174769310192, 6.639125900835449 ], [ -5.793289123577617, 6.659364922332633 ], [ -5.813530849046308, 6.659249992875981 ], [ -5.813415668760394, 6.639011323696708 ] ] ] } },
{ "type": "Feature", "properties": { "id": 39473, "nb_points": 12 }, "geometry": { "type": "Polygon", "coordinates": [ [ [ -5.815301610717872, 6.962827776111602 ], [ -5.79504718622541, 6.962947993698633 ], [ -5.795167243640855, 6.983186712536031 ], [ -5.815422535341907, 6.983066142178905 ], [ -5.815301610717872, 6.962827776111602 ] ] ] } },
{ "type": "Feature", "properties": { "id": 39557, "nb_points": 2 }, "geometry": { "type": "Polygon", "coordinates": [ [ [ -5.826720742586846, 8.662777566480841 ], [ -5.80638442758943, 8.662927526265261 ], [ -5.806534765103928, 8.683164424115096 ], [ -5.826872165988966, 8.683014108816034 ], [ -5.826720742586846, 8.662777566480841 ] ] ] } },
{ "type": "Feature", "properties": { "id": 39619, "nb_points": 1 }, "geometry": { "type": "Polygon", "coordinates": [ [ [ -5.836806521937752, 9.917395639101715 ], [ -5.816397881020964, 9.917567713205068 ], [ -5.816570991293104, 9.937803018860512 ], [ -5.836980882541557, 9.937630586808712 ], [ -5.836806521937752, 9.917395639101715 ] ] ] } },
{ "type": "Feature", "properties": { "id": 39690, "nb_points": 11 }, "geometry": { "type": "Polygon", "coordinates": [ [ [ -5.785872187661464, 5.181871340368491 ], [ -5.765683686565516, 5.181959974946007 ], [ -5.765771947802177, 5.202200530216766 ], [ -5.785961091148779, 5.202111547605274 ], [ -5.785872187661464, 5.181871340368491 ] ] ] } },
{ "type": "Feature", "properties": { "id": 39733, "nb_points": 6 }, "geometry": { "type": "Polygon", "coordinates": [ [ [ -5.790012997337142, 6.052186479579038 ], [ -5.769794582683948, 6.052290099859428 ], [ -5.769897894317215, 6.072529982711936 ], [ -5.79011706072771, 6.072426013406845 ], [ -5.790012997337142, 6.052186479579038 ] ] ] } },
{ "type": "Feature", "properties": { "id": 39751, "nb_points": 12 }, "geometry": { "type": "Polygon", "coordinates": [ [ [ -5.791940341445517, 6.416495459236971 ], [ -5.771708003638913, 6.416605365844068 ], [ -5.771817649837049, 6.436844936664078 ], [ -5.792050785489807, 6.436734680570669 ], [ -5.791940341445517, 6.416495459236971 ] ] ] } },
{ "type": "Feature", "properties": { "id": 40036, "nb_points": 12 }, "geometry": { "type": "Polygon", "coordinates": [ [ [ -5.769589013238608, 6.011810283788464 ], [ -5.749371743265821, 6.011912459832285 ], [ -5.749473605663157, 6.032152722688481 ], [ -5.769691622345846, 6.032050200199732 ], [ -5.769589013238608, 6.011810283788464 ] ] ] } },
{ "type": "Feature", "properties": { "id": 40038, "nb_points": 6 }, "geometry": { "type": "Polygon", "coordinates": [ [ [ -5.769794582683948, 6.052290099859428 ], [ -5.749575816735629, 6.052392968817673 ], [ -5.74967837654707, 6.072633198164328 ], [ -5.769897894317215, 6.072529982711936 ], [ -5.769794582683948, 6.052290099859428 ] ] ] } },
{ "type": "Feature", "properties": { "id": 40077, "nb_points": 13 }, "geometry": { "type": "Polygon", "coordinates": [ [ [ -5.774084704226246, 6.841632528131591 ], [ -5.753834718324436, 6.84174892947048 ], [ -5.753950931137096, 6.861988461051221 ], [ -5.774201768932648, 6.861871712190217 ], [ -5.774084704226246, 6.841632528131591 ] ] ] } },
{ "type": "Feature", "properties": { "id": 40087, "nb_points": 12 }, "geometry": { "type": "Polygon", "coordinates": [ [ [ -5.775271292544788, 7.044023505876972 ], [ -5.755012671714653, 7.044143383710589 ], [ -5.755132402609065, 7.064382722819182 ], [ -5.775391901118587, 7.064262497178851 ], [ -5.775271292544788, 7.044023505876972 ] ] ] } },
{ "type": "Feature", "properties": { "id": 40126, "nb_points": 2 }, "geometry": { "type": "Polygon", "coordinates": [ [ [ -5.780238645912505, 7.833329153270203 ], [ -5.759943877501449, 7.833462617798421 ], [ -5.760077402829321, 7.853701153581881 ], [ -5.780373150022473, 7.853567340054189 ], [ -5.780238645912505, 7.833329153270203 ] ] ] } },
{ "type": "Feature", "properties": { "id": 40168, "nb_points": 2 }, "geometry": { "type": "Polygon", "coordinates": [ [ [ -5.786196999977214, 8.683313657486485 ], [ -5.765858873239416, 8.683461808836997 ], [ -5.766007397674024, 8.703699386096627 ], [ -5.786346613120006, 8.703550884313001 ], [ -5.786196999977214, 8.683313657486485 ] ] ] } },
{ "type": "Feature", "properties": { "id": 40198, "nb_points": 12 }, "geometry": { "type": "Polygon", "coordinates": [ [ [ -5.790843128681088, 9.290419785783508 ], [ -5.770471193148654, 9.290578466168018 ], [ -5.770630531819797, 9.310815299783119 ], [ -5.791003635312072, 9.310656267845339 ], [ -5.790843128681088, 9.290419785783508 ] ] ] } },
{ "type": "Feature", "properties": { "id": 40326, "nb_points": 2 }, "geometry": { "type": "Polygon", "coordinates": [ [ [ -5.747885605599107, 5.708306547526781 ], [ -5.727678882214615, 5.708402821397251 ], [ -5.72777481350412, 5.728643672049785 ], [ -5.747982245377568, 5.728547054620519 ], [ -5.747885605599107, 5.708306547526781 ] ] ] } },
{ "type": "Feature", "properties": { "id": 40388, "nb_points": 24 }, "geometry": { "type": "Polygon", "coordinates": [ [ [ -5.754537268814151, 6.963185832870811 ], [ -5.734281781052777, 6.963303454308114 ], [ -5.734399236392814, 6.98354321622081 ], [ -5.754655591587056, 6.983425249631125 ], [ -5.754537268814151, 6.963185832870811 ] ] ] } },
{ "type": "Feature", "properties": { "id": 40389, "nb_points": 24 }, "geometry": { "type": "Polygon", "coordinates": [ [ [ -5.754655591587056, 6.983425249631125 ], [ -5.734399236392814, 6.98354321622081 ], [ -5.73451704107173, 7.003782958831792 ], [ -5.754774266278438, 7.003664647061342 ], [ -5.754655591587056, 6.983425249631125 ] ] ] } },
{ "type": "Feature", "properties": { "id": 40431, "nb_points": 10 }, "geometry": { "type": "Polygon", "coordinates": [ [ [ -5.759943877501449, 7.833462617798421 ], [ -5.739648753847065, 7.833595107477906 ], [ -5.739781300308695, 7.853833989711899 ], [ -5.760077402829321, 7.853701153581881 ], [ -5.759943877501449, 7.833462617798421 ] ] ] } },
{ "type": "Feature", "properties": { "id": 40473, "nb_points": 3 }, "geometry": { "type": "Polygon", "coordinates": [ [ [ -5.765858873239416, 8.683461808836997 ], [ -5.745520387521367, 8.683608878074089 ], [ -5.745667823153711, 8.703846803207503 ], [ -5.766007397674024, 8.703699386096627 ], [ -5.765858873239416, 8.683461808836997 ] ] ] } },
{ "type": "Feature", "properties": { "id": 40491, "nb_points": 12 }, "geometry": { "type": "Polygon", "coordinates": [ [ [ -5.768587329139035, 9.0477344833138 ], [ -5.748228841754925, 9.047887819825407 ], [ -5.748382707874339, 9.068125305309904 ], [ -5.768742331538967, 9.067971620266926 ], [ -5.768587329139035, 9.0477344833138 ] ] ] } },
{ "type": "Feature", "properties": { "id": 40521, "nb_points": 9 }, "geometry": { "type": "Polygon", "coordinates": [ [ [ -5.773394760204195, 9.654837505330606 ], [ -5.753001031122441, 9.655001314406279 ], [ -5.75316568575954, 9.675238028043754 ], [ -5.773560630773812, 9.67507386927638 ], [ -5.773394760204195, 9.654837505330606 ] ] ] } },
{ "type": "Feature", "properties": { "id": 40631, "nb_points": 10 }, "geometry": { "type": "Polygon", "coordinates": [ [ [ -5.727678882214615, 5.708402821397251 ], [ -5.70747181369475, 5.708498386818362 ], [ -5.707567036435469, 5.728739578501658 ], [ -5.72777481350412, 5.728643672049785 ], [ -5.727678882214615, 5.708402821397251 ] ] ] } },
{ "type": "Feature", "properties": { "id": 40705, "nb_points": 2 }, "geometry": { "type": "Polygon", "coordinates": [ [ [ -5.735714317870737, 7.206179311219654 ], [ -5.71544790037704, 7.206300180357476 ], [ -5.715568654210693, 7.226540049968218 ], [ -5.735835970205011, 7.226418837873977 ], [ -5.735714317870737, 7.206179311219654 ] ] ] } },
{ "type": "Feature", "properties": { "id": 40779, "nb_points": 2 }, "geometry": { "type": "Polygon", "coordinates": [ [ [ -5.745667823153711, 8.703846803207503 ], [ -5.725327892190825, 8.703993135553532 ], [ -5.725474592738128, 8.724231382074493 ], [ -5.745815615228666, 8.724084704378726 ], [ -5.745667823153711, 8.703846803207503 ] ] ] } },
{ "type": "Feature", "properties": { "id": 40819, "nb_points": 12 }, "geometry": { "type": "Polygon", "coordinates": [ [ [ -5.75185855369552, 9.513343579592066 ], [ -5.731472901162203, 9.513503754571785 ], [ -5.731633832879903, 9.533740999511435 ], [ -5.752020682803272, 9.53358047768881 ], [ -5.75185855369552, 9.513343579592066 ] ] ] } },
{ "type": "Feature", "properties": { "id": 40826, "nb_points": 3 }, "geometry": { "type": "Polygon", "coordinates": [ [ [ -5.753001031122441, 9.655001314406279 ], [ -5.732606940937846, 9.655163918111699 ], [ -5.732770379537449, 9.675400978868028 ], [ -5.75316568575954, 9.675238028043754 ], [ -5.753001031122441, 9.655001314406279 ] ] ] } },
{ "type": "Feature", "properties": { "id": 40861, "nb_points": 3 }, "geometry": { "type": "Polygon", "coordinates": [ [ [ -5.758979563685786, 10.363270130629406 ], [ -5.738541320178154, 10.363444907754271 ], [ -5.738717371459369, 10.383681007984878 ], [ -5.759156924820731, 10.383505882295122 ], [ -5.758979563685786, 10.363270130629406 ] ] ] } },
{ "type": "Feature", "properties": { "id": 40862, "nb_points": 8 }, "geometry": { "type": "Polygon", "coordinates": [ [ [ -5.759156924820731, 10.383505882295122 ], [ -5.738717371459369, 10.383681007984878 ], [ -5.738893785083275, 10.403917079804366 ], [ -5.759334650993475, 10.403741605506763 ], [ -5.759156924820731, 10.383505882295122 ] ] ] } },
{ "type": "Feature", "properties": { "id": 40951, "nb_points": 12 }, "geometry": { "type": "Polygon", "coordinates": [ [ [ -5.708936160041264, 6.012114572882172 ], [ -5.688717851900693, 6.012214509762871 ], [ -5.68881747378853, 6.032455796770504 ], [ -5.709036528828435, 6.032355521036767 ], [ -5.708936160041264, 6.012114572882172 ] ] ] } },
{ "type": "Feature", "properties": { "id": 40968, "nb_points": 12 }, "geometry": { "type": "Polygon", "coordinates": [ [ [ -5.710689197289994, 6.356208385615803 ], [ -5.6904578438706, 6.356314086323064 ], [ -5.690563271511008, 6.376555082692669 ], [ -5.710795415352869, 6.376449042712508 ], [ -5.710689197289994, 6.356208385615803 ] ] ] } },
{ "type": "Feature", "properties": { "id": 40973, "nb_points": 3 }, "geometry": { "type": "Polygon", "coordinates": [ [ [ -5.711223734895529, 6.457411494359667 ], [ -5.690988403713548, 6.457518891686751 ], [ -5.691095542506887, 6.477759799538376 ], [ -5.711331676938939, 6.477652062810312 ], [ -5.711223734895529, 6.457411494359667 ] ] ] } },
{ "type": "Feature", "properties": { "id": 40974, "nb_points": 9 }, "geometry": { "type": "Polygon", "coordinates": [ [ [ -5.711331676938939, 6.477652062810312 ], [ -5.691095542506887, 6.477759799538376 ], [ -5.69120302373107, 6.498000689520935 ], [ -5.711439963980209, 6.497892613366026 ], [ -5.711331676938939, 6.477652062810312 ] ] ] } },
{ "type": "Feature", "properties": { "id": 41010, "nb_points": 4 }, "geometry": { "type": "Polygon", "coordinates": [ [ [ -5.71544790037704, 7.206300180357476 ], [ -5.69518113530494, 7.206420153399981 ], [ -5.695300990562128, 7.226660363424719 ], [ -5.715568654210693, 7.226540049968218 ], [ -5.71544790037704, 7.206300180357476 ] ] ] } },
{ "type": "Feature", "properties": { "id": 41011, "nb_points": 6 }, "geometry": { "type": "Polygon", "coordinates": [ [ [ -5.715568654210693, 7.226540049968218 ], [ -5.695300990562128, 7.226660363424719 ], [ -5.695421190886929, 7.246900553544684 ], [ -5.715689755698634, 7.246779899645209 ], [ -5.715568654210693, 7.226540049968218 ] ] ] } },
{ "type": "Feature", "properties": { "id": 41083, "nb_points": 1 }, "geometry": { "type": "Polygon", "coordinates": [ [ [ -5.725181545454139, 8.6837548651059 ], [ -5.704842349669041, 8.683899769841243 ], [ -5.704987607417364, 8.704138383043308 ], [ -5.725327892190825, 8.703993135553532 ], [ -5.725181545454139, 8.6837548651059 ] ] ] } },
{ "type": "Feature", "properties": { "id": 41084, "nb_points": 1 }, "geometry": { "type": "Polygon", "coordinates": [ [ [ -5.725327892190825, 8.703993135553532 ], [ -5.704987607417364, 8.704138383043308 ], [ -5.705133216344072, 8.724376972353964 ], [ -5.725474592738128, 8.724231382074493 ], [ -5.725327892190825, 8.703993135553532 ] ] ] } },
{ "type": "Feature", "properties": { "id": 41143, "nb_points": 12 }, "geometry": { "type": "Polygon", "coordinates": [ [ [ -5.734591890930199, 9.898006884478137 ], [ -5.714182672400259, 9.89817241988672 ], [ -5.714349172237778, 9.918409503773965 ], [ -5.734759638967621, 9.918243623339848 ], [ -5.734591890930199, 9.898006884478137 ] ] ] } },
{ "type": "Feature", "properties": { "id": 41233, "nb_points": 4 }, "geometry": { "type": "Polygon", "coordinates": [ [ [ -5.686520525964408, 5.546660439208701 ], [ -5.666318352416649, 5.54675190056575 ], [ -5.66640945959901, 5.566993891149639 ], [ -5.686612321431, 5.566902093996525 ], [ -5.686520525964408, 5.546660439208701 ] ] ] } },
{ "type": "Feature", "properties": { "id": 41234, "nb_points": 5 }, "geometry": { "type": "Polygon", "coordinates": [ [ [ -5.686612321431, 5.566902093996525 ], [ -5.66640945959901, 5.566993891149639 ], [ -5.666500903865729, 5.587235866374141 ], [ -5.6867044565283, 5.587143733403003 ], [ -5.686612321431, 5.566902093996525 ] ] ] } },
{ "type": "Feature", "properties": { "id": 41247, "nb_points": 19 }, "geometry": { "type": "Polygon", "coordinates": [ [ [ -5.68783659001403, 5.830042186371179 ], [ -5.667624548611512, 5.830138350901562 ], [ -5.667720380240678, 5.850380121421067 ], [ -5.687933145615918, 5.850283620779678 ], [ -5.68783659001403, 5.830042186371179 ] ] ] } },
{ "type": "Feature", "properties": { "id": 41248, "nb_points": 3 }, "geometry": { "type": "Polygon", "coordinates": [ [ [ -5.687933145615918, 5.850283620779678 ], [ -5.667720380240678, 5.850380121421067 ], [ -5.667816549771865, 5.870621875807084 ], [ -5.688030041672319, 5.870525039031575 ], [ -5.687933145615918, 5.850283620779678 ] ] ] } },
{ "type": "Feature", "properties": { "id": 41278, "nb_points": 12 }, "geometry": { "type": "Polygon", "coordinates": [ [ [ -5.690988403713548, 6.457518891686751 ], [ -5.670752730167806, 6.457625486776108 ], [ -5.670859065644028, 6.477866731493586 ], [ -5.691095542506887, 6.477759799538376 ], [ -5.690988403713548, 6.457518891686751 ] ] ] } },
{ "type": "Feature", "properties": { "id": 41379, "nb_points": 10 }, "geometry": { "type": "Polygon", "coordinates": [ [ [ -5.703550817855143, 8.501751184874548 ], [ -5.683220954358846, 8.501891947033446 ], [ -5.683361990195735, 8.522131112696206 ], [ -5.703692919110888, 8.521990010653933 ], [ -5.703550817855143, 8.501751184874548 ] ] ] } },
{ "type": "Feature", "properties": { "id": 41389, "nb_points": 1 }, "geometry": { "type": "Polygon", "coordinates": [ [ [ -5.704987607417364, 8.704138383043308 ], [ -5.684646971465559, 8.704282545586095 ], [ -5.684791488679416, 8.724521475126178 ], [ -5.705133216344072, 8.724376972353964 ], [ -5.704987607417364, 8.704138383043308 ] ] ] } },
{ "type": "Feature", "properties": { "id": 41392, "nb_points": 12 }, "geometry": { "type": "Polygon", "coordinates": [ [ [ -5.705425488101893, 8.764854079083779 ], [ -5.685081569111383, 8.764999262420183 ], [ -5.685227132513328, 8.785238120065683 ], [ -5.705572151118221, 8.785092596394346 ], [ -5.705425488101893, 8.764854079083779 ] ] ] } },
{ "type": "Feature", "properties": { "id": 41425, "nb_points": 12 }, "geometry": { "type": "Polygon", "coordinates": [ [ [ -5.710451503529474, 9.432712125206006 ], [ -5.690069902000547, 9.432868558730005 ], [ -5.690227029668753, 9.453106593393002 ], [ -5.710609818151098, 9.452949818321812 ], [ -5.710451503529474, 9.432712125206006 ] ] ] } },
{ "type": "Feature", "properties": { "id": 41537, "nb_points": 3 }, "geometry": { "type": "Polygon", "coordinates": [ [ [ -5.666227582261856, 5.526509894677814 ], [ -5.646025757481448, 5.526600334385414 ], [ -5.646115841841359, 5.546842673520358 ], [ -5.666318352416649, 5.54675190056575 ], [ -5.666227582261856, 5.526509894677814 ] ] ] } },
{ "type": "Feature", "properties": { "id": 41635, "nb_points": 4 }, "geometry": { "type": "Polygon", "coordinates": [ [ [ -5.676734369202245, 7.510145336808131 ], [ -5.656453163928499, 7.5102685504002 ], [ -5.656576328122426, 7.53050913017081 ], [ -5.67685847098937, 7.530385580813178 ], [ -5.676734369202245, 7.510145336808131 ] ] ] } },
{ "type": "Feature", "properties": { "id": 41662, "nb_points": 5 }, "geometry": { "type": "Polygon", "coordinates": [ [ [ -5.680205964019621, 8.056624500357955 ], [ -5.659898530871709, 8.056756790328903 ], [ -5.660030930880858, 8.076996792932681 ], [ -5.680339371918618, 8.076864166361798 ], [ -5.680205964019621, 8.056624500357955 ] ] ] } },
{ "type": "Feature", "properties": { "id": 41663, "nb_points": 1 }, "geometry": { "type": "Polygon", "coordinates": [ [ [ -5.680339371918618, 8.076864166361798 ], [ -5.660030930880858, 8.076996792932681 ], [ -5.660163674099744, 8.097236773397269 ], [ -5.68047312563958, 8.097103810194357 ], [ -5.680339371918618, 8.076864166361798 ] ] ] } },
{ "type": "Feature", "properties": { "id": 41664, "nb_points": 2 }, "geometry": { "type": "Polygon", "coordinates": [ [ [ -5.68047312563958, 8.097103810194357 ], [ -5.660163674099744, 8.097236773397269 ], [ -5.660296760612153, 8.117476731668262 ], [ -5.680607225266932, 8.11734343180116 ], [ -5.68047312563958, 8.097103810194357 ] ] ] } },
{ "type": "Feature", "properties": { "id": 41669, "nb_points": 4 }, "geometry": { "type": "Polygon", "coordinates": [ [ [ -5.681147084536724, 8.19830169488141 ], [ -5.660832541280782, 8.198436341728698 ], [ -5.660967345525603, 8.218676188216067 ], [ -5.681282914970386, 8.21854120454246 ], [ -5.681147084536724, 8.19830169488141 ] ] ] } },
{ "type": "Feature", "properties": { "id": 41670, "nb_points": 8 }, "geometry": { "type": "Polygon", "coordinates": [ [ [ -5.681282914970386, 8.21854120454246 ], [ -5.660967345525603, 8.218676188216067 ], [ -5.661102493571453, 8.238916012183632 ], [ -5.681419091821783, 8.238780691651021 ], [ -5.681282914970386, 8.21854120454246 ] ] ] } },
{ "type": "Feature", "properties": { "id": 41684, "nb_points": 2 }, "geometry": { "type": "Polygon", "coordinates": [ [ [ -5.683220954358846, 8.501891947033446 ], [ -5.662890743219577, 8.502031649745813 ], [ -5.663030713548361, 8.522271152734056 ], [ -5.683361990195735, 8.522131112696206 ], [ -5.683220954358846, 8.501891947033446 ] ] ] } },
{ "type": "Feature", "properties": { "id": 41873, "nb_points": 1 }, "geometry": { "type": "Polygon", "coordinates": [ [ [ -5.648974166580248, 6.154105493095532 ], [ -5.628749559968782, 6.154205509566062 ], [ -5.628849275429339, 6.174447680706703 ], [ -5.649074647034557, 6.174347332810755 ], [ -5.648974166580248, 6.154105493095532 ] ] ] } },
{ "type": "Feature", "properties": { "id": 41874, "nb_points": 11 }, "geometry": { "type": "Polygon", "coordinates": [ [ [ -5.649074647034557, 6.174347332810755 ], [ -5.628849275429339, 6.174447680706703 ], [ -5.628949324657784, 6.194689834878899 ], [ -5.649175463817093, 6.194589155533468 ], [ -5.649074647034557, 6.174347332810755 ] ] ] } },
{ "type": "Feature", "properties": { "id": 41911, "nb_points": 12 }, "geometry": { "type": "Polygon", "coordinates": [ [ [ -5.653029410164102, 6.923282992434145 ], [ -5.632773929723685, 6.923395620678022 ], [ -5.632886374142664, 6.943637108414808 ], [ -5.653142717219123, 6.943524147773523 ], [ -5.653029410164102, 6.923282992434145 ] ] ] } },
{ "type": "Feature", "properties": { "id": 41940, "nb_points": 3 }, "geometry": { "type": "Polygon", "coordinates": [ [ [ -5.656453163928499, 7.5102685504002 ], [ -5.636171617699647, 7.510390829505864 ], [ -5.636293844222885, 7.530631742495682 ], [ -5.656576328122426, 7.53050913017081 ], [ -5.656453163928499, 7.5102685504002 ] ] ] } },
{ "type": "Feature", "properties": { "id": 41948, "nb_points": 2 }, "geometry": { "type": "Polygon", "coordinates": [ [ [ -5.657448030761575, 7.672192606818351 ], [ -5.637158910446976, 7.672317552510655 ], [ -5.637283846635578, 7.69255829887109 ], [ -5.657573925405197, 7.69243301972058 ], [ -5.657448030761575, 7.672192606818351 ] ] ] } },
{ "type": "Feature", "properties": { "id": 41966, "nb_points": 3 }, "geometry": { "type": "Polygon", "coordinates": [ [ [ -5.659766473988736, 8.036516765640343 ], [ -5.639459703076275, 8.036647718277003 ], [ -5.639590754597664, 8.056888076981094 ], [ -5.659898530871709, 8.056756790328903 ], [ -5.659766473988736, 8.036516765640343 ] ] ] } },
{ "type": "Feature", "properties": { "id": 41967, "nb_points": 1 }, "geometry": { "type": "Polygon", "coordinates": [ [ [ -5.659898530871709, 8.056756790328903 ], [ -5.639590754597664, 8.056888076981094 ], [ -5.639722146633401, 8.077128413632165 ], [ -5.660030930880858, 8.076996792932681 ], [ -5.659898530871709, 8.056756790328903 ] ] ] } },
{ "type": "Feature", "properties": { "id": 41976, "nb_points": 1 }, "geometry": { "type": "Polygon", "coordinates": [ [ [ -5.661102493571453, 8.238916012183632 ], [ -5.640785551434752, 8.23905030641493 ], [ -5.6409200118585, 8.259290442145275 ], [ -5.661237985503708, 8.259155813577053 ], [ -5.661102493571453, 8.238916012183632 ] ] ] } },
{ "type": "Feature", "properties": { "id": 42037, "nb_points": 3 }, "geometry": { "type": "Polygon", "coordinates": [ [ [ -5.670000179141869, 9.473500536330551 ], [ -5.649615499326612, 9.47365528783914 ], [ -5.649770946429619, 9.493893946269003 ], [ -5.670156818717499, 9.493738858278713 ], [ -5.670000179141869, 9.473500536330551 ] ] ] } },
{ "type": "Feature", "properties": { "id": 42082, "nb_points": 12 }, "geometry": { "type": "Polygon", "coordinates": [ [ [ -5.677396548101103, 10.384198594867602 ], [ -5.656955561542316, 10.384368526738287 ], [ -5.657126723848447, 10.404605967146638 ], [ -5.677569023403365, 10.404435697005564 ], [ -5.677396548101103, 10.384198594867602 ] ] ] } },
{ "type": "Feature", "properties": { "id": 42152, "nb_points": 1 }, "geometry": { "type": "Polygon", "coordinates": [ [ [ -5.626273910731371, 5.627903284275045 ], [ -5.606067964642696, 5.62799399323925 ], [ -5.606158324744571, 5.64823691453803 ], [ -5.62636496947711, 5.648145877274039 ], [ -5.626273910731371, 5.627903284275045 ] ] ] } },
{ "type": "Feature", "properties": { "id": 42153, "nb_points": 11 }, "geometry": { "type": "Polygon", "coordinates": [ [ [ -5.62636496947711, 5.648145877274039 ], [ -5.606158324744571, 5.64823691453803 ], [ -5.606249014514606, 5.668479820322007 ], [ -5.626456360439725, 5.668388454736442 ], [ -5.62636496947711, 5.648145877274039 ] ] ] } },
{ "type": "Feature", "properties": { "id": 42202, "nb_points": 4 }, "geometry": { "type": "Polygon", "coordinates": [ [ [ -5.631234979814469, 6.640012822419812 ], [ -5.610990970455104, 6.640119974644139 ], [ -5.61109788739544, 6.660362052866025 ], [ -5.631342723399253, 6.660254571153668 ], [ -5.631234979814469, 6.640012822419812 ] ] ] } },
{ "type": "Feature", "properties": { "id": 42203, "nb_points": 7 }, "geometry": { "type": "Polygon", "coordinates": [ [ [ -5.631342723399253, 6.660254571153668 ], [ -5.61109788739544, 6.660362052866025 ], [ -5.611205137091435, 6.68060411282733 ], [ -5.631450802312162, 6.680496301601112 ], [ -5.631342723399253, 6.660254571153668 ] ] ] } },
{ "type": "Feature", "properties": { "id": 42281, "nb_points": 11 }, "geometry": { "type": "Polygon", "coordinates": [ [ [ -5.640785551434752, 8.23905030641493 ], [ -5.620468268029265, 8.23918357426113 ], [ -5.620601696859547, 8.259424041773347 ], [ -5.6409200118585, 8.259290442145275 ], [ -5.640785551434752, 8.23905030641493 ] ] ] } },
{ "type": "Feature", "properties": { "id": 42315, "nb_points": 1 }, "geometry": { "type": "Polygon", "coordinates": [ [ [ -5.64554922558408, 8.927201920776641 ], [ -5.62519539507658, 8.927346487861627 ], [ -5.62534038968096, 8.947586157883107 ], [ -5.645695341184506, 8.947441257868888 ], [ -5.64554922558408, 8.927201920776641 ] ] ] } },
{ "type": "Feature", "properties": { "id": 42335, "nb_points": 10 }, "geometry": { "type": "Polygon", "coordinates": [ [ [ -5.648537076447669, 9.331983958458778 ], [ -5.628160323310546, 9.332135190918917 ], [ -5.62831217042678, 9.352374362715398 ], [ -5.648690097527423, 9.352222796605265 ], [ -5.648537076447669, 9.331983958458778 ] ] ] } },
{ "type": "Feature", "properties": { "id": 42336, "nb_points": 2 }, "geometry": { "type": "Polygon", "coordinates": [ [ [ -5.648690097527423, 9.352222796605265 ], [ -5.62831217042678, 9.352374362715398 ], [ -5.628464361167748, 9.372613509036272 ], [ -5.648843464887967, 9.372461609239199 ], [ -5.648690097527423, 9.352222796605265 ] ] ] } },
{ "type": "Feature", "properties": { "id": 42341, "nb_points": 46 }, "geometry": { "type": "Polygon", "coordinates": [ [ [ -5.649460399093487, 9.453416603574262 ], [ -5.62907656231946, 9.453569838490166 ], [ -5.629230472641512, 9.473808856627953 ], [ -5.649615499326612, 9.47365528783914 ], [ -5.649460399093487, 9.453416603574262 ] ] ] } },
{ "type": "Feature", "properties": { "id": 42342, "nb_points": 31 }, "geometry": { "type": "Polygon", "coordinates": [ [ [ -5.649615499326612, 9.47365528783914 ], [ -5.629230472641512, 9.473808856627953 ], [ -5.629384727172893, 9.494047848968178 ], [ -5.649770946429619, 9.493893946269003 ], [ -5.649615499326612, 9.47365528783914 ] ] ] } },
{ "type": "Feature", "properties": { "id": 42377, "nb_points": 1 }, "geometry": { "type": "Polygon", "coordinates": [ [ [ -5.655263256281969, 10.18199257811281 ], [ -5.634834901060536, 10.182157856665762 ], [ -5.635001266487235, 10.202395912375829 ], [ -5.655430907888488, 10.202230298547134 ], [ -5.655263256281969, 10.18199257811281 ] ] ] } },
{ "type": "Feature", "properties": { "id": 42430, "nb_points": 3 }, "geometry": { "type": "Polygon", "coordinates": [ [ [ -5.603752655535307, 5.081429454940972 ], [ -5.583564282792692, 5.081510677284515 ], [ -5.583645132429939, 5.101754321864994 ], [ -5.603834135210377, 5.101672774304124 ], [ -5.603752655535307, 5.081429454940972 ] ] ] } },
{ "type": "Feature", "properties": { "id": 42431, "nb_points": 8 }, "geometry": { "type": "Polygon", "coordinates": [ [ [ -5.603834135210377, 5.101672774304124 ], [ -5.583645132429939, 5.101754321864994 ], [ -5.583726307749634, 5.121997952439033 ], [ -5.603915943105682, 5.12191607964135 ], [ -5.603834135210377, 5.101672774304124 ] ] ] } },
{ "type": "Feature", "properties": { "id": 42433, "nb_points": 12 }, "geometry": { "type": "Polygon", "coordinates": [ [ [ -5.603998079272134, 5.142159370897438 ], [ -5.5838078088023, 5.142241568951493 ], [ -5.583889635638663, 5.162485171347245 ], [ -5.604080543760855, 5.162402648017175 ], [ -5.603998079272134, 5.142159370897438 ] ] ] } },
{ "type": "Feature", "properties": { "id": 42449, "nb_points": 12 }, "geometry": { "type": "Polygon", "coordinates": [ [ [ -5.605356945163589, 5.466050070925902 ], [ -5.58515616735523, 5.466137475806924 ], [ -5.585243213798496, 5.486380844842113 ], [ -5.605444669931138, 5.486293114360053 ], [ -5.605356945163589, 5.466050070925902 ] ] ] } },
{ "type": "Feature", "properties": { "id": 42497, "nb_points": 2 }, "geometry": { "type": "Polygon", "coordinates": [ [ [ -5.609940087984421, 6.437698200143473 ], [ -5.589703871665864, 6.437801258926524 ], [ -5.589806663685196, 6.458043843439837 ], [ -5.610043681016456, 6.457940457958359 ], [ -5.609940087984421, 6.437698200143473 ] ] ] } },
{ "type": "Feature", "properties": { "id": 42498, "nb_points": 10 }, "geometry": { "type": "Polygon", "coordinates": [ [ [ -5.610043681016456, 6.457940457958359 ], [ -5.589806663685196, 6.458043843439837 ], [ -5.589909785232479, 6.478286410265281 ], [ -5.610147606144042, 6.478182698060546 ], [ -5.610043681016456, 6.457940457958359 ] ] ] } },
{ "type": "Feature", "properties": { "id": 42503, "nb_points": 3 }, "geometry": { "type": "Polygon", "coordinates": [ [ [ -5.610566628914038, 6.559151480246056 ], [ -5.59032556799522, 6.559256499593675 ], [ -5.590430338154693, 6.579498977158826 ], [ -5.610672215499356, 6.579393630962613 ], [ -5.610566628914038, 6.559151480246056 ] ] ] } },
{ "type": "Feature", "properties": { "id": 42504, "nb_points": 3 }, "geometry": { "type": "Polygon", "coordinates": [ [ [ -5.610672215499356, 6.579393630962613 ], [ -5.590430338154693, 6.579498977158826 ], [ -5.59053543823258, 6.59974143670778 ], [ -5.610778134573716, 6.599635763637666 ], [ -5.610672215499356, 6.579393630962613 ] ] ] } },
{ "type": "Feature", "properties": { "id": 42507, "nb_points": 12 }, "geometry": { "type": "Polygon", "coordinates": [ [ [ -5.610990970455104, 6.640119974644139 ], [ -5.590746628407093, 6.64022630153831 ], [ -5.590852718636003, 6.660468706710511 ], [ -5.61109788739544, 6.660362052866025 ], [ -5.610990970455104, 6.640119974644139 ] ] ] } },
{ "type": "Feature", "properties": { "id": 42508, "nb_points": 1 }, "geometry": { "type": "Polygon", "coordinates": [ [ [ -5.61109788739544, 6.660362052866025 ], [ -5.590852718636003, 6.660468706710511 ], [ -5.590959139047894, 6.680711093647765 ], [ -5.611205137091435, 6.68060411282733 ], [ -5.61109788739544, 6.660362052866025 ] ] ] } },
{ "type": "Feature", "properties": { "id": 42542, "nb_points": 3 }, "geometry": { "type": "Polygon", "coordinates": [ [ [ -5.614931504050812, 7.348581489377888 ], [ -5.594656692888781, 7.348699275315052 ], [ -5.594774380596064, 7.368941009780644 ], [ -5.615050108831723, 7.368822895947747 ], [ -5.614931504050812, 7.348581489377888 ] ] ] } },
{ "type": "Feature", "properties": { "id": 42549, "nb_points": 5 }, "geometry": { "type": "Polygon", "coordinates": [ [ [ -5.615768780099588, 7.490270909832458 ], [ -5.595487494974987, 7.490390991640682 ], [ -5.595607512758374, 7.510632583954018 ], [ -5.615889733111071, 7.51051217404899 ], [ -5.615768780099588, 7.490270909832458 ] ] ] } },
{ "type": "Feature", "properties": { "id": 42553, "nb_points": 12 }, "geometry": { "type": "Polygon", "coordinates": [ [ [ -5.616254607035961, 7.571235843156312 ], [ -5.595969565421689, 7.57135723752639 ], [ -5.596090916333681, 7.591598747413436 ], [ -5.616376903562872, 7.591477024829857 ], [ -5.616254607035961, 7.571235843156312 ] ] ] } },
{ "type": "Feature", "properties": { "id": 42557, "nb_points": 5 }, "geometry": { "type": "Polygon", "coordinates": [ [ [ -5.616745809877167, 7.652200445001812 ], [ -5.596456970211753, 7.652323152402514 ], [ -5.596579655474556, 7.672564578993749 ], [ -5.616869451151186, 7.672441543261535 ], [ -5.616745809877167, 7.652200445001812 ] ] ] } },
{ "type": "Feature", "properties": { "id": 42558, "nb_points": 2 }, "geometry": { "type": "Polygon", "coordinates": [ [ [ -5.616869451151186, 7.672441543261535 ], [ -5.596579655474556, 7.672564578993749 ], [ -5.59670267451767, 7.692805984625234 ], [ -5.616993428806086, 7.692682620531792 ], [ -5.616869451151186, 7.672441543261535 ] ] ] } },
{ "type": "Feature", "properties": { "id": 42620, "nb_points": 1 }, "geometry": { "type": "Polygon", "coordinates": [ [ [ -5.62519539507658, 8.927346487861627 ], [ -5.604841222924923, 8.927489941456471 ], [ -5.604985096441245, 8.947729941843139 ], [ -5.62534038968096, 8.947586157883107 ], [ -5.62519539507658, 8.927346487861627 ] ] ] } },
{ "type": "Feature", "properties": { "id": 42645, "nb_points": 20 }, "geometry": { "type": "Polygon", "coordinates": [ [ [ -5.628922996108723, 9.433330794608461 ], [ -5.608540002572473, 9.433482518015106 ], [ -5.608692381434156, 9.453721893161372 ], [ -5.62907656231946, 9.453569838490166 ], [ -5.628922996108723, 9.433330794608461 ] ] ] } },
{ "type": "Feature", "properties": { "id": 42646, "nb_points": 21 }, "geometry": { "type": "Polygon", "coordinates": [ [ [ -5.62907656231946, 9.453569838490166 ], [ -5.608692381434156, 9.453721893161372 ], [ -5.608845101747122, 9.473961242600796 ], [ -5.629230472641512, 9.473808856627953 ], [ -5.62907656231946, 9.453569838490166 ] ] ] } },
{ "type": "Feature", "properties": { "id": 42682, "nb_points": 11 }, "geometry": { "type": "Polygon", "coordinates": [ [ [ -5.634834901060536, 10.182157856665762 ], [ -5.614406198051474, 10.182321862223056 ], [ -5.614571277191854, 10.202560250626858 ], [ -5.635001266487235, 10.202395912375829 ], [ -5.634834901060536, 10.182157856665762 ] ] ] } },
{ "type": "Feature", "properties": { "id": 42735, "nb_points": 1 }, "geometry": { "type": "Polygon", "coordinates": [ [ [ -5.583564282792692, 5.081510677284515 ], [ -5.563375584417977, 5.081591269106926 ], [ -5.563455803967084, 5.101835236380182 ], [ -5.583645132429939, 5.101754321864994 ], [ -5.583564282792692, 5.081510677284515 ] ] ] } },
{ "type": "Feature", "properties": { "id": 42745, "nb_points": 2 }, "geometry": { "type": "Polygon", "coordinates": [ [ [ -5.584387440981251, 5.283946486184332 ], [ -5.564192327468166, 5.284030305813893 ], [ -5.56427578074226, 5.304274130739151 ], [ -5.584471549741224, 5.304189988219956 ], [ -5.584387440981251, 5.283946486184332 ] ] ] } },
{ "type": "Feature", "properties": { "id": 42780, "nb_points": 2 }, "geometry": { "type": "Polygon", "coordinates": [ [ [ -5.587525689852956, 5.992460035473253 ], [ -5.567306119101221, 5.992555168725662 ], [ -5.567400932698441, 6.012798452151087 ], [ -5.587621248158637, 6.012702995258008 ], [ -5.587525689852956, 5.992460035473253 ] ] ] } },
{ "type": "Feature", "properties": { "id": 42794, "nb_points": 12 }, "geometry": { "type": "Polygon", "coordinates": [ [ [ -5.588893390842009, 6.275859952627313 ], [ -5.568663161294418, 6.27595961896026 ], [ -5.568762538835967, 6.296202666973456 ], [ -5.588993548935912, 6.296102676672259 ], [ -5.588893390842009, 6.275859952627313 ] ] ] } },
{ "type": "Feature", "properties": { "id": 42808, "nb_points": 5 }, "geometry": { "type": "Polygon", "coordinates": [ [ [ -5.59032556799522, 6.559256499593675 ], [ -5.570084177223634, 6.55936070369479 ], [ -5.570188130891651, 6.579603505571398 ], [ -5.590430338154693, 6.579498977158826 ], [ -5.59032556799522, 6.559256499593675 ] ] ] } },
{ "type": "Feature", "properties": { "id": 42809, "nb_points": 1 }, "geometry": { "type": "Polygon", "coordinates": [ [ [ -5.590430338154693, 6.579498977158826 ], [ -5.570188130891651, 6.579603505571398 ], [ -5.570292411907243, 6.599846289456924 ], [ -5.59053543823258, 6.59974143670778 ], [ -5.590430338154693, 6.579498977158826 ] ] ] } },
{ "type": "Feature", "properties": { "id": 42847, "nb_points": 9 }, "geometry": { "type": "Polygon", "coordinates": [ [ [ -5.594656692888781, 7.348699275315052 ], [ -5.574381549156477, 7.348816146907034 ], [ -5.57449831971614, 7.36905820672315 ], [ -5.594774380596064, 7.368941009780644 ], [ -5.594656692888781, 7.348699275315052 ] ] ] } },
{ "type": "Feature", "properties": { "id": 42862, "nb_points": 3 }, "geometry": { "type": "Polygon", "coordinates": [ [ [ -5.596456970211753, 7.652323152402514 ], [ -5.576167796843325, 7.652444907256477 ], [ -5.576289526017649, 7.672686659630658 ], [ -5.596579655474556, 7.672564578993749 ], [ -5.596456970211753, 7.652323152402514 ] ] ] } },
{ "type": "Feature", "properties": { "id": 42925, "nb_points": 1 }, "geometry": { "type": "Polygon", "coordinates": [ [ [ -5.604841222924923, 8.927489941456471 ], [ -5.584486711770167, 8.92763228147148 ], [ -5.584629464107127, 8.947872609659074 ], [ -5.604985096441245, 8.947729941843139 ], [ -5.604841222924923, 8.927489941456471 ] ] ] } },
{ "type": "Feature", "properties": { "id": 42950, "nb_points": 12 }, "geometry": { "type": "Polygon", "coordinates": [ [ [ -5.608540002572473, 9.433482518015106 ], [ -5.588156667682009, 9.433633063653 ], [ -5.588307859097609, 9.45387276749263 ], [ -5.608692381434156, 9.453721893161372 ], [ -5.608540002572473, 9.433482518015106 ] ] ] } },
{ "type": "Feature", "properties": { "id": 42989, "nb_points": 1 }, "geometry": { "type": "Polygon", "coordinates": [ [ [ -5.614736701537276, 10.222798611348924 ], [ -5.594305077955529, 10.222962004070556 ], [ -5.594469555840361, 10.24320066724921 ], [ -5.614902471193655, 10.243036944336058 ], [ -5.614736701537276, 10.222798611348924 ] ] ] } },
{ "type": "Feature", "properties": { "id": 43049, "nb_points": 4 }, "geometry": { "type": "Polygon", "coordinates": [ [ [ -5.564109197797077, 5.263786466406211 ], [ -5.543914413677099, 5.263869309866887 ], [ -5.543996890352116, 5.284113469618035 ], [ -5.564192327468166, 5.284030305813893 ], [ -5.564109197797077, 5.263786466406211 ] ] ] } },
{ "type": "Feature", "properties": { "id": 43050, "nb_points": 5 }, "geometry": { "type": "Polygon", "coordinates": [ [ [ -5.564192327468166, 5.284030305813893 ], [ -5.543996890352116, 5.284113469618035 ], [ -5.544079688088352, 5.304357614906642 ], [ -5.56427578074226, 5.304274130739151 ], [ -5.564192327468166, 5.284030305813893 ] ] ] } },
{ "type": "Feature", "properties": { "id": 43085, "nb_points": 10 }, "geometry": { "type": "Polygon", "coordinates": [ [ [ -5.567306119101221, 5.992555168725662 ], [ -5.54708622280446, 5.992649557635605 ], [ -5.547180291633997, 6.012893162169574 ], [ -5.567400932698441, 6.012798452151087 ], [ -5.567306119101221, 5.992555168725662 ] ] ] } },
{ "type": "Feature", "properties": { "id": 43090, "nb_points": 12 }, "geometry": { "type": "Polygon", "coordinates": [ [ [ -5.567783443725525, 6.093771420713522 ], [ -5.547559798011442, 6.093867415394011 ], [ -5.547655482667017, 6.114110937198708 ], [ -5.567879885940572, 6.114014621295369 ], [ -5.567783443725525, 6.093771420713522 ] ] ] } },
{ "type": "Feature", "properties": { "id": 43108, "nb_points": 1 }, "geometry": { "type": "Polygon", "coordinates": [ [ [ -5.569569316826022, 6.458146426357585 ], [ -5.549331643006744, 6.45824820664789 ], [ -5.549433157200283, 6.478491419311128 ], [ -5.569671634728454, 6.478389317370111 ], [ -5.569569316826022, 6.458146426357585 ] ] ] } },
{ "type": "Feature", "properties": { "id": 43109, "nb_points": 11 }, "geometry": { "type": "Polygon", "coordinates": [ [ [ -5.569671634728454, 6.478389317370111 ], [ -5.549433157200283, 6.478491419311128 ], [ -5.54953499584948, 6.498734614280993 ], [ -5.569774279655071, 6.498632190664742 ], [ -5.569671634728454, 6.478389317370111 ] ] ] } },
{ "type": "Feature", "properties": { "id": 43231, "nb_points": 6 }, "geometry": { "type": "Polygon", "coordinates": [ [ [ -5.584629464107127, 8.947872609659074 ], [ -5.564273495320594, 8.948014161241691 ], [ -5.56441546019783, 8.968254790369743 ], [ -5.584772552896538, 8.968112913516253 ], [ -5.584629464107127, 8.947872609659074 ] ] ] } },
{ "type": "Feature", "properties": { "id": 43257, "nb_points": 4 }, "geometry": { "type": "Polygon", "coordinates": [ [ [ -5.588459389304228, 9.474112445662213 ], [ -5.568073337973846, 9.474262465717478 ], [ -5.568224014203892, 9.494502444358597 ], [ -5.588611258398373, 9.494352098108278 ], [ -5.588459389304228, 9.474112445662213 ] ] ] } },
{ "type": "Feature", "properties": { "id": 43282, "nb_points": 6 }, "geometry": { "type": "Polygon", "coordinates": [ [ [ -5.592358037868391, 9.980095900920084 ], [ -5.571941364569206, 9.980254087048799 ], [ -5.572100478243797, 10.000493406196437 ], [ -5.592518411188612, 10.000334892930404 ], [ -5.592358037868391, 9.980095900920084 ] ] ] } },
{ "type": "Feature", "properties": { "id": 43283, "nb_points": 2 }, "geometry": { "type": "Polygon", "coordinates": [ [ [ -5.592518411188612, 10.000334892930404 ], [ -5.572100478243797, 10.000493406196437 ], [ -5.572259930714526, 10.02073269827266 ], [ -5.592679125986459, 10.02057385783052 ], [ -5.592518411188612, 10.000334892930404 ] ] ] } },
{ "type": "Feature", "properties": { "id": 43294, "nb_points": 3 }, "geometry": { "type": "Polygon", "coordinates": [ [ [ -5.594305077955529, 10.222962004070556 ], [ -5.573873111753051, 10.223124118426151 ], [ -5.574036297761005, 10.243363109213272 ], [ -5.594469555840361, 10.24320066724921 ], [ -5.594305077955529, 10.222962004070556 ] ] ] } },
{ "type": "Feature", "properties": { "id": 43368, "nb_points": 12 }, "geometry": { "type": "Polygon", "coordinates": [ [ [ -5.545098322674241, 5.547286210302522 ], [ -5.524893843410088, 5.54737285167588 ], [ -5.5249801310366, 5.567617122055167 ], [ -5.545185298973553, 5.56753016258144 ], [ -5.545098322674241, 5.547286210302522 ] ] ] } },
{ "type": "Feature", "properties": { "id": 43373, "nb_points": 2 }, "geometry": { "type": "Polygon", "coordinates": [ [ [ -5.545536422734108, 5.648505818838041 ], [ -5.525328474623449, 5.648594050922147 ], [ -5.525416359061912, 5.668838244702521 ], [ -5.545625008588781, 5.668749694413209 ], [ -5.545536422734108, 5.648505818838041 ] ] ] } },
{ "type": "Feature", "properties": { "id": 43406, "nb_points": 1 }, "geometry": { "type": "Polygon", "coordinates": [ [ [ -5.548630123099019, 6.316545227176202 ], [ -5.528397679412051, 6.316643971651531 ], [ -5.528496138378289, 6.336887625585843 ], [ -5.548729367870489, 6.336788562164486 ], [ -5.548630123099019, 6.316545227176202 ] ] ] } },
{ "type": "Feature", "properties": { "id": 43487, "nb_points": 10 }, "geometry": { "type": "Polygon", "coordinates": [ [ [ -5.557724423256369, 7.956194624380632 ], [ -5.537419973260774, 7.956319287275615 ], [ -5.537544687732018, 7.976561364816019 ], [ -5.557850133050993, 7.976436380792092 ], [ -5.557724423256369, 7.956194624380632 ] ] ] } },
{ "type": "Feature", "properties": { "id": 43489, "nb_points": 1 }, "geometry": { "type": "Polygon", "coordinates": [ [ [ -5.557976172591027, 7.996678115491203 ], [ -5.537669729338259, 7.996803420674308 ], [ -5.5377950981584, 8.017045454796536 ], [ -5.558102541955999, 8.016919828423939 ], [ -5.557976172591027, 7.996678115491203 ] ] ] } },
{ "type": "Feature", "properties": { "id": 43562, "nb_points": 8 }, "geometry": { "type": "Polygon", "coordinates": [ [ [ -5.568073337973846, 9.474262465717478 ], [ -5.547686950417221, 9.474411302672614 ], [ -5.547836433687189, 9.494651604936593 ], [ -5.568224014203892, 9.494502444358597 ], [ -5.568073337973846, 9.474262465717478 ] ] ] } },
{ "type": "Feature", "properties": { "id": 43587, "nb_points": 1 }, "geometry": { "type": "Polygon", "coordinates": [ [ [ -5.571941364569206, 9.980254087048799 ], [ -5.551524352575638, 9.980411025684798 ], [ -5.551682206502881, 10.00065066939017 ], [ -5.572100478243797, 10.000493406196437 ], [ -5.571941364569206, 9.980254087048799 ] ] ] } },
{ "type": "Feature", "properties": { "id": 43593, "nb_points": 10 }, "geometry": { "type": "Polygon", "coordinates": [ [ [ -5.57290113060128, 10.101689594801183 ], [ -5.552476519881751, 10.10184848136263 ], [ -5.552636392017298, 10.122087962075149 ], [ -5.573062278586573, 10.121928750723765 ], [ -5.57290113060128, 10.101689594801183 ] ] ] } },
{ "type": "Feature", "properties": { "id": 43598, "nb_points": 2 }, "geometry": { "type": "Polygon", "coordinates": [ [ [ -5.573710265675449, 10.202885099983881 ], [ -5.553279248833389, 10.203045610885841 ], [ -5.55344080562026, 10.223284954313888 ], [ -5.573873111753051, 10.223124118426151 ], [ -5.573710265675449, 10.202885099983881 ] ] ] } },
{ "type": "Feature", "properties": { "id": 43599, "nb_points": 3 }, "geometry": { "type": "Polygon", "coordinates": [ [ [ -5.573873111753051, 10.223124118426151 ], [ -5.55344080562026, 10.223284954313888 ], [ -5.553602699646828, 10.243524270126198 ], [ -5.574036297761005, 10.243363109213272 ], [ -5.573873111753051, 10.223124118426151 ] ] ] } },
{ "type": "Feature", "properties": { "id": 43658, "nb_points": 1 }, "geometry": { "type": "Polygon", "coordinates": [ [ [ -5.523637803388, 5.243707008020702 ], [ -5.503443030346581, 5.243788229458105 ], [ -5.503523884949263, 5.264033036685463 ], [ -5.523719308547301, 5.263951499976945 ], [ -5.523637803388, 5.243707008020702 ] ] ] } },
{ "type": "Feature", "properties": { "id": 43664, "nb_points": 12 }, "geometry": { "type": "Polygon", "coordinates": [ [ [ -5.524131612390181, 5.365173742841724 ], [ -5.503932897874185, 5.365256856199771 ], [ -5.504015648798179, 5.385501576394741 ], [ -5.524215029127594, 5.385418147647459 ], [ -5.524131612390181, 5.365173742841724 ] ] ] } },
{ "type": "Feature", "properties": { "id": 43677, "nb_points": 1 }, "geometry": { "type": "Polygon", "coordinates": [ [ [ -5.525240909656199, 5.628349841712464 ], [ -5.50503334099564, 5.628437056709088 ], [ -5.505120207041609, 5.648681581573427 ], [ -5.525328474623449, 5.648594050922147 ], [ -5.525240909656199, 5.628349841712464 ] ] ] } },
{ "type": "Feature", "properties": { "id": 43678, "nb_points": 5 }, "geometry": { "type": "Polygon", "coordinates": [ [ [ -5.525328474623449, 5.648594050922147 ], [ -5.505120207041609, 5.648681581573427 ], [ -5.505207390009042, 5.668926091029417 ], [ -5.525416359061912, 5.668838244702521 ], [ -5.525328474623449, 5.648594050922147 ] ] ] } },
{ "type": "Feature", "properties": { "id": 43679, "nb_points": 1 }, "geometry": { "type": "Polygon", "coordinates": [ [ [ -5.525416359061912, 5.668838244702521 ], [ -5.505207390009042, 5.668926091029417 ], [ -5.505294889952323, 5.689170585022381 ], [ -5.525504563026408, 5.68908242299884 ], [ -5.525416359061912, 5.668838244702521 ] ] ] } },
{ "type": "Feature", "properties": { "id": 43711, "nb_points": 11 }, "geometry": { "type": "Polygon", "coordinates": [ [ [ -5.528397679412051, 6.316643971651531 ], [ -5.50816491433674, 6.316741931125593 ], [ -5.508262587436151, 6.336985901470483 ], [ -5.528496138378289, 6.336887625585843 ], [ -5.528397679412051, 6.316643971651531 ] ] ] } },
{ "type": "Feature", "properties": { "id": 43744, "nb_points": 2 }, "geometry": { "type": "Polygon", "coordinates": [ [ [ -5.531816896558362, 6.984675126440253 ], [ -5.511556840563705, 6.984783540346035 ], [ -5.511665070347256, 7.005026912266216 ], [ -5.531925997137457, 7.004918181130043 ], [ -5.531816896558362, 6.984675126440253 ] ] ] } },
{ "type": "Feature", "properties": { "id": 43781, "nb_points": 10 }, "geometry": { "type": "Polygon", "coordinates": [ [ [ -5.536069682637041, 7.733655018747179 ], [ -5.515775682883878, 7.733775188225209 ], [ -5.515895837289968, 7.754017818957985 ], [ -5.536190803769149, 7.753897331228324 ], [ -5.536069682637041, 7.733655018747179 ] ] ] } },
{ "type": "Feature", "properties": { "id": 43792, "nb_points": 1 }, "geometry": { "type": "Polygon", "coordinates": [ [ [ -5.537419973260774, 7.956319287275615 ], [ -5.517115196208902, 7.956442959135852 ], [ -5.517238915278082, 7.976685355252505 ], [ -5.537544687732018, 7.976561364816019 ], [ -5.537419973260774, 7.956319287275615 ] ] ] } },
{ "type": "Feature", "properties": { "id": 43891, "nb_points": 3 }, "geometry": { "type": "Polygon", "coordinates": [ [ [ -5.551366834661898, 9.960171354999536 ], [ -5.53095074382198, 9.960326724104474 ], [ -5.531107004568605, 9.980566716729582 ], [ -5.551524352575638, 9.980411025684798 ], [ -5.551366834661898, 9.960171354999536 ] ] ] } },
{ "type": "Feature", "properties": { "id": 43898, "nb_points": 1 }, "geometry": { "type": "Polygon", "coordinates": [ [ [ -5.552476519881751, 10.10184848136263 ], [ -5.532051572539811, 10.102006104849556 ], [ -5.532210168723315, 10.122245907770392 ], [ -5.552636392017298, 10.122087962075149 ], [ -5.552476519881751, 10.10184848136263 ] ] ] } },
{ "type": "Feature", "properties": { "id": 43904, "nb_points": 3 }, "geometry": { "type": "Polygon", "coordinates": [ [ [ -5.55344080562026, 10.223284954313888 ], [ -5.53300816224781, 10.223444511632724 ], [ -5.533168764189309, 10.243684149886745 ], [ -5.553602699646828, 10.243524270126198 ], [ -5.55344080562026, 10.223284954313888 ] ] ] } },
{ "type": "Feature", "properties": { "id": 43982, "nb_points": 2 }, "geometry": { "type": "Polygon", "coordinates": [ [ [ -5.50503334099564, 5.628437056709088 ], [ -5.484825455467833, 5.628523572748238 ], [ -5.484911622538341, 5.648768410737608 ], [ -5.505120207041609, 5.648681581573427 ], [ -5.50503334099564, 5.628437056709088 ] ] ] } },
{ "type": "Feature", "properties": { "id": 44018, "nb_points": 1 }, "geometry": { "type": "Polygon", "coordinates": [ [ [ -5.508360579420063, 6.357229854551559 ], [ -5.488125921099851, 6.357327656736786 ], [ -5.488223440969803, 6.377571906421402 ], [ -5.508458890349788, 6.377473790314359 ], [ -5.508360579420063, 6.357229854551559 ] ] ] } },
{ "type": "Feature", "properties": { "id": 44019, "nb_points": 8 }, "geometry": { "type": "Polygon", "coordinates": [ [ [ -5.508458890349788, 6.377473790314359 ], [ -5.488223440969803, 6.377571906421402 ], [ -5.488321277280423, 6.397816138756845 ], [ -5.508557520286837, 6.397717708704428 ], [ -5.508458890349788, 6.377473790314359 ] ] ] } },
{ "type": "Feature", "properties": { "id": 44036, "nb_points": 12 }, "geometry": { "type": "Polygon", "coordinates": [ [ [ -5.510179035269553, 6.721617995844904 ], [ -5.489929744766245, 6.721721452290442 ], [ -5.490032970102439, 6.741965381376711 ], [ -5.51028309794235, 6.74186161057345 ], [ -5.510179035269553, 6.721617995844904 ] ] ] } },
{ "type": "Feature", "properties": { "id": 44049, "nb_points": 10 }, "geometry": { "type": "Polygon", "coordinates": [ [ [ -5.511556840563705, 6.984783540346035 ], [ -5.491296463620365, 6.984891085410699 ], [ -5.491403822540442, 7.005134772019089 ], [ -5.511665070347256, 7.005026912266216 ], [ -5.511556840563705, 6.984783540346035 ] ] ] } },
{ "type": "Feature", "properties": { "id": 44087, "nb_points": 2 }, "geometry": { "type": "Polygon", "coordinates": [ [ [ -5.515895837289968, 7.754017818957985 ], [ -5.495600547133373, 7.754137341091793 ], [ -5.495720055811122, 7.774380266495659 ], [ -5.51601631537351, 7.77426042863166 ], [ -5.515895837289968, 7.754017818957985 ] ] ] } },
{ "type": "Feature", "properties": { "id": 44145, "nb_points": 3 }, "geometry": { "type": "Polygon", "coordinates": [ [ [ -5.523421170701246, 8.92805261915087 ], [ -5.503065329949156, 8.928190503963387 ], [ -5.50320359666978, 8.94843211770789 ], [ -5.52356055895937, 8.948293915353581 ], [ -5.523421170701246, 8.92805261915087 ] ] ] } },
{ "type": "Feature", "properties": { "id": 44160, "nb_points": 6 }, "geometry": { "type": "Polygon", "coordinates": [ [ [ -5.525546530368432, 9.231669493948711 ], [ -5.505173588725717, 9.231812145454075 ], [ -5.505316753017889, 9.252053390683905 ], [ -5.525690855916705, 9.251910421124068 ], [ -5.525546530368432, 9.231669493948711 ] ] ] } },
{ "type": "Feature", "properties": { "id": 44161, "nb_points": 5 }, "geometry": { "type": "Polygon", "coordinates": [ [ [ -5.525690855916705, 9.251910421124068 ], [ -5.505316753017889, 9.252053390683905 ], [ -5.505460244535057, 9.27229461091985 ], [ -5.525835511343693, 9.272151323270712 ], [ -5.525690855916705, 9.251910421124068 ] ] ] } },
{ "type": "Feature", "properties": { "id": 44181, "nb_points": 3 }, "geometry": { "type": "Polygon", "coordinates": [ [ [ -5.528646765122794, 9.656723637756322 ], [ -5.508248878830019, 9.656872975829039 ], [ -5.508398934309245, 9.677113685022203 ], [ -5.528798037743354, 9.676964028146349 ], [ -5.528646765122794, 9.656723637756322 ] ] ] } },
{ "type": "Feature", "properties": { "id": 44182, "nb_points": 3 }, "geometry": { "type": "Polygon", "coordinates": [ [ [ -5.528798037743354, 9.676964028146349 ], [ -5.508398934309245, 9.677113685022203 ], [ -5.50854931897678, 9.697354368105714 ], [ -5.528949642221794, 9.697204392390169 ], [ -5.528798037743354, 9.676964028146349 ] ] ] } },
{ "type": "Feature", "properties": { "id": 44204, "nb_points": 1 }, "geometry": { "type": "Polygon", "coordinates": [ [ [ -5.532210168723315, 10.122245907770392 ], [ -5.51178361139142, 10.122402587710306 ], [ -5.511941262872323, 10.142642682983725 ], [ -5.532369098944771, 10.142485683378945 ], [ -5.532210168723315, 10.122245907770392 ] ] ] } },
{ "type": "Feature", "properties": { "id": 44288, "nb_points": 1 }, "geometry": { "type": "Polygon", "coordinates": [ [ [ -5.484911622538341, 5.648768410737608 ], [ -5.464702723663594, 5.648854538360847 ], [ -5.464788503526251, 5.669099671578489 ], [ -5.484998103980359, 5.669013233339418 ], [ -5.484911622538341, 5.648768410737608 ] ] ] } },
{ "type": "Feature", "properties": { "id": 44295, "nb_points": 1 }, "geometry": { "type": "Polygon", "coordinates": [ [ [ -5.48552359746936, 5.790481842754482 ], [ -5.465309733961353, 5.790570145125864 ], [ -5.465397698083021, 5.810815169248679 ], [ -5.485612281033751, 5.810726556114982 ], [ -5.48552359746936, 5.790481842754482 ] ] ] } },
{ "type": "Feature", "properties": { "id": 44324, "nb_points": 3 }, "geometry": { "type": "Polygon", "coordinates": [ [ [ -5.488223440969803, 6.377571906421402 ], [ -5.467987675149185, 6.377669229797902 ], [ -5.468084717772147, 6.397913773542308 ], [ -5.488321277280423, 6.397816138756845 ], [ -5.488223440969803, 6.377571906421402 ] ] ] } },
{ "type": "Feature", "properties": { "id": 44354, "nb_points": 12 }, "geometry": { "type": "Polygon", "coordinates": [ [ [ -5.491296463620365, 6.984891085410699 ], [ -5.471035768310545, 6.984997761567354 ], [ -5.471142256299766, 7.005241760321574 ], [ -5.491403822540442, 7.005134772019089 ], [ -5.491296463620365, 6.984891085410699 ] ] ] } },
{ "type": "Feature", "properties": { "id": 44467, "nb_points": 1 }, "geometry": { "type": "Polygon", "coordinates": [ [ [ -5.505460244535057, 9.27229461091985 ], [ -5.485084650410186, 9.272436740903819 ], [ -5.48522730258785, 9.292678251646894 ], [ -5.505604063368496, 9.292535806108685 ], [ -5.505460244535057, 9.27229461091985 ] ] ] } },
{ "type": "Feature", "properties": { "id": 44475, "nb_points": 4 }, "geometry": { "type": "Polygon", "coordinates": [ [ [ -5.506619967771633, 9.434223466642221 ], [ -5.486234966007302, 9.434368122036634 ], [ -5.486380218763379, 9.454609430767734 ], [ -5.506766408447652, 9.4544644595391 ], [ -5.506619967771633, 9.434223466642221 ] ] ] } },
{ "type": "Feature", "properties": { "id": 44476, "nb_points": 8 }, "geometry": { "type": "Polygon", "coordinates": [ [ [ -5.506766408447652, 9.4544644595391 ], [ -5.486380218763379, 9.454609430767734 ], [ -5.486525797005759, 9.474850714008467 ], [ -5.506913177271367, 9.474705426910246 ], [ -5.506766408447652, 9.4544644595391 ] ] ] } },
{ "type": "Feature", "properties": { "id": 44486, "nb_points": 1 }, "geometry": { "type": "Polygon", "coordinates": [ [ [ -5.508248878830019, 9.656872975829039 ], [ -5.487850663444688, 9.657021107358348 ], [ -5.487999501686862, 9.677262132779219 ], [ -5.508398934309245, 9.677113685022203 ], [ -5.508248878830019, 9.656872975829039 ] ] ] } },
{ "type": "Feature", "properties": { "id": 44487, "nb_points": 5 }, "geometry": { "type": "Polygon", "coordinates": [ [ [ -5.508398934309245, 9.677113685022203 ], [ -5.487999501686862, 9.677262132779219 ], [ -5.488148666447555, 9.697503132126702 ], [ -5.50854931897678, 9.697354368105714 ], [ -5.508398934309245, 9.677113685022203 ] ] ] } },
{ "type": "Feature", "properties": { "id": 44569, "nb_points": 2 }, "geometry": { "type": "Polygon", "coordinates": [ [ [ -5.462737433257137, 5.162966856541193 ], [ -5.442544297622497, 5.163044894478268 ], [ -5.442621967544513, 5.183290689056747 ], [ -5.462815743720127, 5.183212343504221 ], [ -5.462737433257137, 5.162966856541193 ] ] ] } },
{ "type": "Feature", "properties": { "id": 44655, "nb_points": 11 }, "geometry": { "type": "Polygon", "coordinates": [ [ [ -5.470612973529332, 6.904021577575052 ], [ -5.450355420605457, 6.9041261465983 ], [ -5.4504597851868, 6.924370530336309 ], [ -5.470718198781144, 6.924265651811242 ], [ -5.470612973529332, 6.904021577575052 ] ] ] } },
{ "type": "Feature", "properties": { "id": 44666, "nb_points": 1 }, "geometry": { "type": "Polygon", "coordinates": [ [ [ -5.471787819458552, 7.126705351834255 ], [ -5.451520657115202, 7.126813326778604 ], [ -5.451628468384758, 7.147057501141119 ], [ -5.471896519819468, 7.146949216413041 ], [ -5.471787819458552, 7.126705351834255 ] ] ] } },
{ "type": "Feature", "properties": { "id": 44678, "nb_points": 1 }, "geometry": { "type": "Polygon", "coordinates": [ [ [ -5.473113116379314, 7.369630435546283 ], [ -5.452835114072831, 7.369742129634297 ], [ -5.452946694721052, 7.389986068141573 ], [ -5.473225617200304, 7.389874063951657 ], [ -5.473113116379314, 7.369630435546283 ] ] ] } },
{ "type": "Feature", "properties": { "id": 44679, "nb_points": 1 }, "geometry": { "type": "Polygon", "coordinates": [ [ [ -5.473225617200304, 7.389874063951657 ], [ -5.452946694721052, 7.389986068141573 ], [ -5.45305858993544, 7.410229986643941 ], [ -5.473338435181281, 7.410117672325101 ], [ -5.473225617200304, 7.389874063951657 ] ] ] } },
{ "type": "Feature", "properties": { "id": 44783, "nb_points": 6 }, "geometry": { "type": "Polygon", "coordinates": [ [ [ -5.486671700827177, 9.495091971705778 ], [ -5.466282801646135, 9.495236388667324 ], [ -5.466427835139989, 9.515477934135426 ], [ -5.486817930320585, 9.515333203806632 ], [ -5.486671700827177, 9.495091971705778 ] ] ] } },
{ "type": "Feature", "properties": { "id": 44784, "nb_points": 6 }, "geometry": { "type": "Polygon", "coordinates": [ [ [ -5.486817930320585, 9.515333203806632 ], [ -5.466427835139989, 9.515477934135426 ], [ -5.466573191735126, 9.535719453989358 ], [ -5.486964485579161, 9.535574410257999 ], [ -5.486817930320585, 9.515333203806632 ] ] ] } },
{ "type": "Feature", "properties": { "id": 44789, "nb_points": 12 }, "geometry": { "type": "Polygon", "coordinates": [ [ [ -5.487553966136336, 9.616538978508254 ], [ -5.467157850984507, 9.616685276204711 ], [ -5.467304824479974, 9.636926667193876 ], [ -5.487702151626086, 9.63678005591704 ], [ -5.487553966136336, 9.616538978508254 ] ] ] } },
{ "type": "Feature", "properties": { "id": 44813, "nb_points": 5 }, "geometry": { "type": "Polygon", "coordinates": [ [ [ -5.49120067873286, 10.102317562204743 ], [ -5.4707747376405, 10.102471395877428 ], [ -5.470929505362218, 10.122712149931385 ], [ -5.491356722708638, 10.122558001796506 ], [ -5.49120067873286, 10.102317562204743 ] ] ] } },
{ "type": "Feature", "properties": { "id": 44874, "nb_points": 6 }, "geometry": { "type": "Polygon", "coordinates": [ [ [ -5.442544297622497, 5.163044894478268 ], [ -5.422350853931714, 5.163122291448353 ], [ -5.422427883264391, 5.183368391115749 ], [ -5.442621967544513, 5.183290689056747 ], [ -5.442544297622497, 5.163044894478268 ] ] ] } },
{ "type": "Feature", "properties": { "id": 44901, "nb_points": 10 }, "geometry": { "type": "Polygon", "coordinates": [ [ [ -5.444749675682391, 5.709676242042375 ], [ -5.424538043004099, 5.709761883150909 ], [ -5.42462334002593, 5.730007583704682 ], [ -5.444835682044443, 5.729921636979564 ], [ -5.444749675682391, 5.709676242042375 ] ] ] } },
{ "type": "Feature", "properties": { "id": 44902, "nb_points": 2 }, "geometry": { "type": "Polygon", "coordinates": [ [ [ -5.444835682044443, 5.729921636979564 ], [ -5.42462334002593, 5.730007583704682 ], [ -5.424708943979955, 5.750253268714812 ], [ -5.444921997890992, 5.750167016352522 ], [ -5.444835682044443, 5.729921636979564 ] ] ] } },
{ "type": "Feature", "properties": { "id": 44907, "nb_points": 11 }, "geometry": { "type": "Polygon", "coordinates": [ [ [ -5.445270357202478, 5.831148377113704 ], [ -5.425054430189452, 5.831235852232043 ], [ -5.425141569609751, 5.85148145870887 ], [ -5.445358221283479, 5.851393677849304 ], [ -5.445270357202478, 5.831148377113704 ] ] ] } },
{ "type": "Feature", "properties": { "id": 45083, "nb_points": 5 }, "geometry": { "type": "Polygon", "coordinates": [ [ [ -5.465562477469232, 9.394028278967845 ], [ -5.445179195804207, 9.39416995635116 ], [ -5.445321432390689, 9.414411939715452 ], [ -5.465705896838529, 9.414269951712356 ], [ -5.465562477469232, 9.394028278967845 ] ] ] } },
{ "type": "Feature", "properties": { "id": 45118, "nb_points": 7 }, "geometry": { "type": "Polygon", "coordinates": [ [ [ -5.4707747376405, 10.102471395877428 ], [ -5.450348470671026, 10.102623966084435 ], [ -5.450501962039638, 10.122865032018138 ], [ -5.470929505362218, 10.122712149931385 ], [ -5.4707747376405, 10.102471395877428 ] ] ] } },
{ "type": "Feature", "properties": { "id": 45127, "nb_points": 1 }, "geometry": { "type": "Polygon", "coordinates": [ [ [ -5.472179390645903, 10.284637198812236 ], [ -5.451741539672573, 10.284792577292183 ], [ -5.451897944200675, 10.305033396889163 ], [ -5.472337095745908, 10.304877706189435 ], [ -5.472179390645903, 10.284637198812236 ] ] ] } },
{ "type": "Feature", "properties": { "id": 45178, "nb_points": 4 }, "geometry": { "type": "Polygon", "coordinates": [ [ [ -5.422274130114639, 5.142876177761409 ], [ -5.402081019004821, 5.142952631172713 ], [ -5.402157104725362, 5.163199047403498 ], [ -5.422350853931714, 5.163122291448353 ], [ -5.422274130114639, 5.142876177761409 ] ] ] } },
{ "type": "Feature", "properties": { "id": 45239, "nb_points": 12 }, "geometry": { "type": "Polygon", "coordinates": [ [ [ -5.427515204453698, 6.377861498117979 ], [ -5.407278504713158, 6.377956442942133 ], [ -5.407373165910736, 6.398201905693002 ], [ -5.427610659519646, 6.398106657070291 ], [ -5.427515204453698, 6.377861498117979 ] ] ] } },
{ "type": "Feature", "properties": { "id": 45256, "nb_points": 12 }, "geometry": { "type": "Polygon", "coordinates": [ [ [ -5.429179978502908, 6.722026806117716 ], [ -5.408929433416306, 6.72212691867946 ], [ -5.409029308764259, 6.742372079797417 ], [ -5.429280691443148, 6.742271663038022 ], [ -5.429179978502908, 6.722026806117716 ] ] ] } },
{ "type": "Feature", "properties": { "id": 45280, "nb_points": 11 }, "geometry": { "type": "Polygon", "coordinates": [ [ [ -5.431682736715562, 7.207898225078618 ], [ -5.411411377187515, 7.208005645202826 ], [ -5.411518644724988, 7.228250353951193 ], [ -5.431790903832343, 7.228142629028831 ], [ -5.431682736715562, 7.207898225078618 ] ] ] } },
{ "type": "Feature", "properties": { "id": 45388, "nb_points": 3 }, "geometry": { "type": "Polygon", "coordinates": [ [ [ -5.445179195804207, 9.39416995635116 ], [ -5.424795594248728, 9.394310460376769 ], [ -5.424936647961818, 9.414552751788566 ], [ -5.445321432390689, 9.414411939715452 ], [ -5.445179195804207, 9.39416995635116 ] ] ] } },
{ "type": "Feature", "properties": { "id": 45389, "nb_points": 3 }, "geometry": { "type": "Polygon", "coordinates": [ [ [ -5.445321432390689, 9.414411939715452 ], [ -5.424936647961818, 9.414552751788566 ], [ -5.425078018995435, 9.434795017920017 ], [ -5.445463988958235, 9.434653897765052 ], [ -5.445321432390689, 9.414411939715452 ] ] ] } },
{ "type": "Feature", "properties": { "id": 45390, "nb_points": 1 }, "geometry": { "type": "Polygon", "coordinates": [ [ [ -5.445463988958235, 9.434653897765052 ], [ -5.425078018995435, 9.434795017920017 ], [ -5.425219707439616, 9.455037258718292 ], [ -5.44560686559764, 9.454895830447054 ], [ -5.445463988958235, 9.434653897765052 ] ] ] } },
{ "type": "Feature", "properties": { "id": 45399, "nb_points": 3 }, "geometry": { "type": "Polygon", "coordinates": [ [ [ -5.446761412266064, 9.616830372323561 ], [ -5.426364652648929, 9.616974266773839 ], [ -5.426509201875403, 9.637216277197815 ], [ -5.446907173673515, 9.637072074317857 ], [ -5.446761412266064, 9.616830372323561 ] ] ] } },
{ "type": "Feature", "properties": { "id": 45401, "nb_points": 5 }, "geometry": { "type": "Polygon", "coordinates": [ [ [ -5.447053256072657, 9.657313750415998 ], [ -5.42665406942466, 9.657458261760853 ], [ -5.426799255389109, 9.677700220410243 ], [ -5.447199659556671, 9.677555400565186 ], [ -5.447053256072657, 9.657313750415998 ] ] ] } },
{ "type": "Feature", "properties": { "id": 45421, "nb_points": 12 }, "geometry": { "type": "Polygon", "coordinates": [ [ [ -5.450042457406577, 10.062141752945477 ], [ -5.429618412089042, 10.062292441107937 ], [ -5.429769986097209, 10.082533870428184 ], [ -5.450195302492676, 10.082382873042688 ], [ -5.450042457406577, 10.062141752945477 ] ] ] } },
{ "type": "Feature", "properties": { "id": 45431, "nb_points": 2 }, "geometry": { "type": "Polygon", "coordinates": [ [ [ -5.451585459226823, 10.264551730114418 ], [ -5.431148582148818, 10.264705512181296 ], [ -5.431303364616927, 10.284946668955593 ], [ -5.451741539672573, 10.284792577292183 ], [ -5.451585459226823, 10.264551730114418 ] ] ] } },
{ "type": "Feature", "properties": { "id": 45432, "nb_points": 1 }, "geometry": { "type": "Polygon", "coordinates": [ [ [ -5.451741539672573, 10.284792577292183 ], [ -5.431303364616927, 10.284946668955593 ], [ -5.431458468472893, 10.305187798186896 ], [ -5.451897944200675, 10.305033396889163 ], [ -5.451741539672573, 10.284792577292183 ] ] ] } },
{ "type": "Feature", "properties": { "id": 45433, "nb_points": 6 }, "geometry": { "type": "Polygon", "coordinates": [ [ [ -5.451897944200675, 10.305033396889163 ], [ -5.431458468472893, 10.305187798186896 ], [ -5.431613893816123, 10.325428899822812 ], [ -5.452054672911364, 10.32527418885288 ], [ -5.451897944200675, 10.305033396889163 ] ] ] } },
{ "type": "Feature", "properties": { "id": 45544, "nb_points": 12 }, "geometry": { "type": "Polygon", "coordinates": [ [ [ -5.407278504713158, 6.377956442942133 ], [ -5.387041498800638, 6.378050594796902 ], [ -5.3871353660706, 6.398296358809139 ], [ -5.407373165910736, 6.398201905693002 ], [ -5.407278504713158, 6.377956442942133 ] ] ] } },
{ "type": "Feature", "properties": { "id": 45548, "nb_points": 2 }, "geometry": { "type": "Polygon", "coordinates": [ [ [ -5.40765898712901, 6.458938189863974 ], [ -5.387418790095102, 6.459033546900634 ], [ -5.387513872371957, 6.479279241436127 ], [ -5.40775487360909, 6.479183583046908 ], [ -5.40765898712901, 6.458938189863974 ] ] ] } },
{ "type": "Feature", "properties": { "id": 45593, "nb_points": 10 }, "geometry": { "type": "Polygon", "coordinates": [ [ [ -5.412278168565458, 7.369962765573952 ], [ -5.391999230551673, 7.370071707288217 ], [ -5.39210805026282, 7.390316560819363 ], [ -5.412387908658181, 7.390207316644309 ], [ -5.412278168565458, 7.369962765573952 ] ] ] } },
{ "type": "Feature", "properties": { "id": 45611, "nb_points": 5 }, "geometry": { "type": "Polygon", "coordinates": [ [ [ -5.414300882164779, 7.734361588455551 ], [ -5.39400497985741, 7.73447597855801 ], [ -5.39411933233862, 7.754720465236956 ], [ -5.414416201817196, 7.754605772187743 ], [ -5.414300882164779, 7.734361588455551 ] ] ] } },
{ "type": "Feature", "properties": { "id": 45705, "nb_points": 1 }, "geometry": { "type": "Polygon", "coordinates": [ [ [ -5.426509201875403, 9.637216277197815 ], [ -5.406110911754542, 9.637359275743336 ], [ -5.406254564361506, 9.657601566195336 ], [ -5.42665406942466, 9.657458261760853 ], [ -5.426509201875403, 9.637216277197815 ] ] ] } },
{ "type": "Feature", "properties": { "id": 45706, "nb_points": 1 }, "geometry": { "type": "Polygon", "coordinates": [ [ [ -5.42665406942466, 9.657458261760853 ], [ -5.406254564361506, 9.657601566195336 ], [ -5.406398532713766, 9.677843830768683 ], [ -5.426799255389109, 9.677700220410243 ], [ -5.42665406942466, 9.657458261760853 ] ] ] } },
{ "type": "Feature", "properties": { "id": 45707, "nb_points": 2 }, "geometry": { "type": "Polygon", "coordinates": [ [ [ -5.426799255389109, 9.677700220410243 ], [ -5.406398532713766, 9.677843830768683 ], [ -5.406542816903175, 9.698086069410753 ], [ -5.426944759861374, 9.697942153093262 ], [ -5.426799255389109, 9.677700220410243 ] ] ] } },
{ "type": "Feature", "properties": { "id": 45737, "nb_points": 1 }, "geometry": { "type": "Polygon", "coordinates": [ [ [ -5.431303364616927, 10.284946668955593 ], [ -5.410864868173456, 10.285099473705619 ], [ -5.411018671257884, 10.305340909985592 ], [ -5.431458468472893, 10.305187798186896 ], [ -5.431303364616927, 10.284946668955593 ] ] ] } },
{ "type": "Feature", "properties": { "id": 45738, "nb_points": 1 }, "geometry": { "type": "Polygon", "coordinates": [ [ [ -5.431458468472893, 10.305187798186896 ], [ -5.411018671257884, 10.305340909985592 ], [ -5.411172793134031, 10.325582318707738 ], [ -5.431613893816123, 10.325428899822812 ], [ -5.431458468472893, 10.305187798186896 ] ] ] } },
{ "type": "Feature", "properties": { "id": 45809, "nb_points": 12 }, "geometry": { "type": "Polygon", "coordinates": [ [ [ -5.383535159071021, 5.568206478554989 ], [ -5.363327508458421, 5.568287906026198 ], [ -5.36340858366582, 5.588534615106769 ], [ -5.383616925919061, 5.588452889751277 ], [ -5.383535159071021, 5.568206478554989 ] ] ] } },
{ "type": "Feature", "properties": { "id": 45821, "nb_points": 15 }, "geometry": { "type": "Polygon", "coordinates": [ [ [ -5.38453626926989, 5.811162402834955 ], [ -5.364320150584947, 5.811247406225125 ], [ -5.364404816161986, 5.831493930485745 ], [ -5.384621657114383, 5.831408628971661 ], [ -5.38453626926989, 5.811162402834955 ] ] ] } },
{ "type": "Feature", "properties": { "id": 45822, "nb_points": 12 }, "geometry": { "type": "Polygon", "coordinates": [ [ [ -5.384621657114383, 5.831408628971661 ], [ -5.364404816161986, 5.831493930485745 ], [ -5.364489781275543, 5.851740438992894 ], [ -5.384707347050508, 5.851654839334453 ], [ -5.384621657114383, 5.831408628971661 ] ] ] } },
{ "type": "Feature", "properties": { "id": 45824, "nb_points": 2 }, "geometry": { "type": "Polygon", "coordinates": [ [ [ -5.384793339131773, 5.871901033869163 ], [ -5.364575045978672, 5.87198693169248 ], [ -5.364660610324621, 5.89223340853041 ], [ -5.384879633411872, 5.892147212521631 ], [ -5.384793339131773, 5.871901033869163 ] ] ] } },
{ "type": "Feature", "properties": { "id": 45825, "nb_points": 2 }, "geometry": { "type": "Polygon", "coordinates": [ [ [ -5.384879633411872, 5.892147212521631 ], [ -5.364660610324621, 5.89223340853041 ], [ -5.364746474366825, 5.912479869452602 ], [ -5.384966229944702, 5.912393375237699 ], [ -5.384879633411872, 5.892147212521631 ] ] ] } },
{ "type": "Feature", "properties": { "id": 45826, "nb_points": 8 }, "geometry": { "type": "Polygon", "coordinates": [ [ [ -5.384966229944702, 5.912393375237699 ], [ -5.364746474366825, 5.912479869452602 ], [ -5.364832638158915, 5.932726314404979 ], [ -5.385053128784342, 5.932639521963218 ], [ -5.384966229944702, 5.912393375237699 ] ] ] } },
{ "type": "Feature", "properties": { "id": 45852, "nb_points": 10 }, "geometry": { "type": "Polygon", "coordinates": [ [ [ -5.387324011658785, 6.438787834914989 ], [ -5.367084312477289, 6.438882089981427 ], [ -5.367178289220691, 6.459128100758773 ], [ -5.387418790095102, 6.459033546900634 ], [ -5.387324011658785, 6.438787834914989 ] ] ] } },
{ "type": "Feature", "properties": { "id": 45872, "nb_points": 12 }, "geometry": { "type": "Polygon", "coordinates": [ [ [ -5.389277378909293, 6.843698697611063 ], [ -5.369021157019095, 6.843798932911924 ], [ -5.369121170614876, 6.864044584908946 ], [ -5.389378245692069, 6.863944050348009 ], [ -5.389277378909293, 6.843698697611063 ] ] ] } },
{ "type": "Feature", "properties": { "id": 45916, "nb_points": 7 }, "geometry": { "type": "Polygon", "coordinates": [ [ [ -5.39400497985741, 7.73447597855801 ], [ -5.373708769572192, 7.734589405178169 ], [ -5.373822154810121, 7.754834192252377 ], [ -5.39411933233862, 7.754720465236956 ], [ -5.39400497985741, 7.73447597855801 ] ] ] } },
{ "type": "Feature", "properties": { "id": 45959, "nb_points": 7 }, "geometry": { "type": "Polygon", "coordinates": [ [ [ -5.399201222732748, 8.604969383667473 ], [ -5.378861060676145, 8.605095753038691 ], [ -5.378987647242918, 8.625339594928599 ], [ -5.399328889141585, 8.62521292391172 ], [ -5.399201222732748, 8.604969383667473 ] ] ] } },
{ "type": "Feature", "properties": { "id": 45960, "nb_points": 5 }, "geometry": { "type": "Polygon", "coordinates": [ [ [ -5.399328889141585, 8.62521292391172 ], [ -5.378987647242918, 8.625339594928599 ], [ -5.379114542518825, 8.645583413667678 ], [ -5.399456866892585, 8.645456440974385 ], [ -5.399328889141585, 8.62521292391172 ] ] ] } },
{ "type": "Feature", "properties": { "id": 46099, "nb_points": 2 }, "geometry": { "type": "Polygon", "coordinates": [ [ [ -5.362147216187051, 5.264585494208955 ], [ -5.341949336363905, 5.264661801920247 ], [ -5.342025280319863, 5.284909026125665 ], [ -5.362223813634517, 5.284832423342959 ], [ -5.362147216187051, 5.264585494208955 ] ] ] } },
{ "type": "Feature", "properties": { "id": 46100, "nb_points": 6 }, "geometry": { "type": "Polygon", "coordinates": [ [ [ -5.362223813634517, 5.284832423342959 ], [ -5.342025280319863, 5.284909026125665 ], [ -5.342101519908277, 5.305156236058798 ], [ -5.36230070925819, 5.305079338186352 ], [ -5.362223813634517, 5.284832423342959 ] ] ] } },
{ "type": "Feature", "properties": { "id": 46126, "nb_points": 24 }, "geometry": { "type": "Polygon", "coordinates": [ [ [ -5.364320150584947, 5.811247406225125 ], [ -5.344103732416382, 5.811331687506589 ], [ -5.344187675673103, 5.831578507358627 ], [ -5.364404816161986, 5.831493930485745 ], [ -5.364320150584947, 5.811247406225125 ] ] ] } },
{ "type": "Feature", "properties": { "id": 46127, "nb_points": 21 }, "geometry": { "type": "Polygon", "coordinates": [ [ [ -5.364404816161986, 5.831493930485745 ], [ -5.344187675673103, 5.831578507358627 ], [ -5.344271915911037, 5.851825311477469 ], [ -5.364489781275543, 5.851740438992894 ], [ -5.364404816161986, 5.831493930485745 ] ] ] } },
{ "type": "Feature", "properties": { "id": 46396, "nb_points": 12 }, "geometry": { "type": "Polygon", "coordinates": [ [ [ -5.341352421846327, 5.102683500978475 ], [ -5.321159383215284, 5.102756815148168 ], [ -5.321232330597356, 5.123004443980983 ], [ -5.341426002430197, 5.122930837410895 ], [ -5.341352421846327, 5.102683500978475 ] ] ] } },
{ "type": "Feature", "properties": { "id": 46405, "nb_points": 4 }, "geometry": { "type": "Polygon", "coordinates": [ [ [ -5.342025280319863, 5.284909026125665 ], [ -5.321826451372782, 5.28498497253841 ], [ -5.321902034878436, 5.305232475032877 ], [ -5.342101519908277, 5.305156236058798 ], [ -5.342025280319863, 5.284909026125665 ] ] ] } },
{ "type": "Feature", "properties": { "id": 46415, "nb_points": 1 }, "geometry": { "type": "Polygon", "coordinates": [ [ [ -5.342800987564527, 5.487380474265537 ], [ -5.322595483245, 5.487459347120914 ], [ -5.322674000256874, 5.507706704098912 ], [ -5.342880186121183, 5.50762753849661 ], [ -5.342800987564527, 5.487380474265537 ] ] ] } },
{ "type": "Feature", "properties": { "id": 46598, "nb_points": 1 }, "geometry": { "type": "Polygon", "coordinates": [ [ [ -5.362284845675091, 9.192291556976086 ], [ -5.341911677227547, 9.192424390943211 ], [ -5.34204493653514, 9.212668137385769 ], [ -5.362419261637966, 9.212535005990055 ], [ -5.362284845675091, 9.192291556976086 ] ] ] } },
{ "type": "Feature", "properties": { "id": 46634, "nb_points": 3 }, "geometry": { "type": "Polygon", "coordinates": [ [ [ -5.367318781421427, 9.921039814734478 ], [ -5.346902296037474, 9.921183377114643 ], [ -5.347046619774991, 9.941426204155908 ], [ -5.367464357832376, 9.941282343130975 ], [ -5.367318781421427, 9.921039814734478 ] ] ] } },
{ "type": "Feature", "properties": { "id": 46721, "nb_points": 7 }, "geometry": { "type": "Polygon", "coordinates": [ [ [ -5.322674000256874, 5.507706704098912 ], [ -5.302467520775766, 5.507785185461003 ], [ -5.302545647262035, 5.52803281782549 ], [ -5.322752810885578, 5.527954046227868 ], [ -5.322674000256874, 5.507706704098912 ] ] ] } },
{ "type": "Feature", "properties": { "id": 46722, "nb_points": 4 }, "geometry": { "type": "Polygon", "coordinates": [ [ [ -5.322752810885578, 5.527954046227868 ], [ -5.302545647262035, 5.52803281782549 ], [ -5.30262406486517, 5.548280435305744 ], [ -5.32283191518026, 5.548201373453729 ], [ -5.322752810885578, 5.527954046227868 ] ] ] } },
{ "type": "Feature", "properties": { "id": 46905, "nb_points": 2 }, "geometry": { "type": "Polygon", "coordinates": [ [ [ -5.342178501660042, 9.232911859208237 ], [ -5.321802711345733, 9.233044134850351 ], [ -5.321935420323793, 9.253288126922648 ], [ -5.342312372687216, 9.25315555635799 ], [ -5.342178501660042, 9.232911859208237 ] ] ] } },
{ "type": "Feature", "properties": { "id": 46906, "nb_points": 9 }, "geometry": { "type": "Polygon", "coordinates": [ [ [ -5.342312372687216, 9.25315555635799 ], [ -5.321935420323793, 9.253288126922648 ], [ -5.322068432633652, 9.273532094301945 ], [ -5.342446549701831, 9.273399228782433 ], [ -5.342312372687216, 9.25315555635799 ] ] ] } },
{ "type": "Feature", "properties": { "id": 46939, "nb_points": 3 }, "geometry": { "type": "Polygon", "coordinates": [ [ [ -5.346902296037474, 9.921183377114643 ], [ -5.326485501738973, 9.921325698705122 ], [ -5.3266285727108, 9.941568821810257 ], [ -5.347046619774991, 9.941426204155908 ], [ -5.346902296037474, 9.921183377114643 ] ] ] } },
{ "type": "Feature", "properties": { "id": 46941, "nb_points": 3 }, "geometry": { "type": "Polygon", "coordinates": [ [ [ -5.347191252519353, 9.961669004689137 ], [ -5.326771950007726, 9.961811918442262 ], [ -5.326915633721425, 9.982054988548963 ], [ -5.347336194363027, 9.98191177866207 ], [ -5.347191252519353, 9.961669004689137 ] ] ] } },
{ "type": "Feature", "properties": { "id": 46942, "nb_points": 3 }, "geometry": { "type": "Polygon", "coordinates": [ [ [ -5.347336194363027, 9.98191177866207 ], [ -5.326915633721425, 9.982054988548963 ], [ -5.327059623943778, 10.002298032078185 ], [ -5.347481445398699, 10.002154526022464 ], [ -5.347336194363027, 9.98191177866207 ] ] ] } },
{ "type": "Feature", "properties": { "id": 47056, "nb_points": 12 }, "geometry": { "type": "Polygon", "coordinates": [ [ [ -5.304938154870204, 6.115207462794097 ], [ -5.284709747863613, 6.115293899435999 ], [ -5.284795869024774, 6.135541350117001 ], [ -5.305025036893738, 6.135454625178574 ], [ -5.304938154870204, 6.115207462794097 ] ] ] } },
{ "type": "Feature", "properties": { "id": 47059, "nb_points": 10 }, "geometry": { "type": "Polygon", "coordinates": [ [ [ -5.305199678990935, 6.17594890039162 ], [ -5.284968981708322, 6.176036201985607 ], [ -5.285055973338967, 6.196283603065791 ], [ -5.305287439173806, 6.19619601311263 ], [ -5.305199678990935, 6.17594890039162 ] ] ] } },
{ "type": "Feature", "properties": { "id": 47060, "nb_points": 2 }, "geometry": { "type": "Polygon", "coordinates": [ [ [ -5.305287439173806, 6.19619601311263 ], [ -5.285055973338967, 6.196283603065791 ], [ -5.285143255234675, 6.21653098750496 ], [ -5.305375492185978, 6.2164431091716 ], [ -5.305287439173806, 6.19619601311263 ] ] ] } },
{ "type": "Feature", "properties": { "id": 47079, "nb_points": 3 }, "geometry": { "type": "Polygon", "coordinates": [ [ [ -5.307010583915607, 6.580887927766828 ], [ -5.286764027827414, 6.580981000620032 ], [ -5.286856835345586, 6.601228058686107 ], [ -5.307104211363942, 6.601134697039726 ], [ -5.307010583915607, 6.580887927766828 ] ] ] } },
{ "type": "Feature", "properties": { "id": 47086, "nb_points": 12 }, "geometry": { "type": "Polygon", "coordinates": [ [ [ -5.307672151420939, 6.722614938344146 ], [ -5.287419801746209, 6.722710033223501 ], [ -5.287514650243849, 6.742956966170214 ], [ -5.307767837878704, 6.742861582339047 ], [ -5.307672151420939, 6.722614938344146 ] ] ] } },
{ "type": "Feature", "properties": { "id": 47092, "nb_points": 12 }, "geometry": { "type": "Polygon", "coordinates": [ [ [ -5.308250687114301, 6.844094529573451 ], [ -5.287993271001454, 6.844191358509343 ], [ -5.288089871227153, 6.864438182123853 ], [ -5.308348140774766, 6.864341064097385 ], [ -5.308250687114301, 6.844094529573451 ] ] ] } },
{ "type": "Feature", "properties": { "id": 47094, "nb_points": 12 }, "geometry": { "type": "Polygon", "coordinates": [ [ [ -5.308445889181903, 6.884587580188725 ], [ -5.288186763618556, 6.884684987329151 ], [ -5.288283948236465, 6.904931774071773 ], [ -5.308543932397043, 6.904834077793944 ], [ -5.308445889181903, 6.884587580188725 ] ] ] } },
{ "type": "Feature", "properties": { "id": 47140, "nb_points": 9 }, "geometry": { "type": "Polygon", "coordinates": [ [ [ -5.313262035269125, 7.815906470340019 ], [ -5.292960733380413, 7.81601720323911 ], [ -5.293071429438643, 7.836263083040164 ], [ -5.313373709280897, 7.836152059847024 ], [ -5.313262035269125, 7.815906470340019 ] ] ] } },
{ "type": "Feature", "properties": { "id": 47141, "nb_points": 3 }, "geometry": { "type": "Polygon", "coordinates": [ [ [ -5.313373709280897, 7.836152059847024 ], [ -5.293071429438643, 7.836263083040164 ], [ -5.29318242079643, 7.856508941874607 ], [ -5.313485681200765, 7.856397628360575 ], [ -5.313373709280897, 7.836152059847024 ] ] ] } },
{ "type": "Feature", "properties": { "id": 47339, "nb_points": 2 }, "geometry": { "type": "Polygon", "coordinates": [ [ [ -5.282888371207133, 5.669845923837015 ], [ -5.262675766813435, 5.669925318490295 ], [ -5.262754814369505, 5.690173403451078 ], [ -5.282968123410579, 5.69009372347329 ], [ -5.282888371207133, 5.669845923837015 ] ] ] } },
{ "type": "Feature", "properties": { "id": 47340, "nb_points": 2 }, "geometry": { "type": "Polygon", "coordinates": [ [ [ -5.282968123410579, 5.69009372347329 ], [ -5.262754814369505, 5.690173403451078 ], [ -5.262834148333216, 5.710421473134367 ], [ -5.283048164574608, 5.710341507812981 ], [ -5.282968123410579, 5.69009372347329 ] ] ] } },
{ "type": "Feature", "properties": { "id": 47393, "nb_points": 23 }, "geometry": { "type": "Polygon", "coordinates": [ [ [ -5.287609790546374, 6.76320388102863 ], [ -5.267355470509085, 6.763298712260749 ], [ -5.267450059500081, 6.783545895433122 ], [ -5.287705222713451, 6.783450777745245 ], [ -5.287609790546374, 6.76320388102863 ] ] ] } },
{ "type": "Feature", "properties": { "id": 47394, "nb_points": 37 }, "geometry": { "type": "Polygon", "coordinates": [ [ [ -5.287705222713451, 6.783450777745245 ], [ -5.267450059500081, 6.783545895433122 ], [ -5.267544937836449, 6.803793060433084 ], [ -5.287800946804929, 6.80369765626656 ], [ -5.287705222713451, 6.783450777745245 ] ] ] } },
{ "type": "Feature", "properties": { "id": 47395, "nb_points": 36 }, "geometry": { "type": "Polygon", "coordinates": [ [ [ -5.287800946804929, 6.80369765626656 ], [ -5.267544937836449, 6.803793060433084 ], [ -5.267640105577703, 6.824040207207219 ], [ -5.287896962880855, 6.823944516539087 ], [ -5.287800946804929, 6.80369765626656 ] ] ] } },
{ "type": "Feature", "properties": { "id": 47405, "nb_points": 12 }, "geometry": { "type": "Polygon", "coordinates": [ [ [ -5.288774256864844, 7.006165428974192 ], [ -5.268509648381523, 7.006263699201729 ], [ -5.268607713486188, 7.026510660781178 ], [ -5.288873196129193, 7.026412103818523 ], [ -5.288774256864844, 7.006165428974192 ] ] ] } },
{ "type": "Feature", "properties": { "id": 47415, "nb_points": 2 }, "geometry": { "type": "Polygon", "coordinates": [ [ [ -5.289776826610055, 7.208631323360112 ], [ -5.269503360117076, 7.20873246201582 ], [ -5.269604328743346, 7.228979233066923 ], [ -5.289878695275703, 7.22887780743546 ], [ -5.289776826610055, 7.208631323360112 ] ] ] } },
{ "type": "Feature", "properties": { "id": 47441, "nb_points": 4 }, "geometry": { "type": "Polygon", "coordinates": [ [ [ -5.292520900749693, 7.735033475430792 ], [ -5.272223189649615, 7.735142083590911 ], [ -5.272331737611273, 7.755388334362336 ], [ -5.292630416305895, 7.755279438567276 ], [ -5.292520900749693, 7.735033475430792 ] ] ] } },
{ "type": "Feature", "properties": { "id": 47486, "nb_points": 6 }, "geometry": { "type": "Polygon", "coordinates": [ [ [ -5.297742183468895, 8.646080517477859 ], [ -5.277398341488796, 8.64620209630127 ], [ -5.277520118814723, 8.666447361927311 ], [ -5.297865046299844, 8.666325494212426 ], [ -5.297742183468895, 8.646080517477859 ] ] ] } },
{ "type": "Feature", "properties": { "id": 47533, "nb_points": 3 }, "geometry": { "type": "Polygon", "coordinates": [ [ [ -5.303840533490055, 9.597568560926177 ], [ -5.283442812442433, 9.597703750849606 ], [ -5.283578574316127, 9.617947873722485 ], [ -5.303977505504288, 9.617812393436139 ], [ -5.303840533490055, 9.597568560926177 ] ] ] } },
{ "type": "Feature", "properties": { "id": 47542, "nb_points": 2 }, "geometry": { "type": "Polygon", "coordinates": [ [ [ -5.305084168822487, 9.779762127401256 ], [ -5.28467546033901, 9.779899931788728 ], [ -5.284813921283748, 9.800143822650075 ], [ -5.305223863962165, 9.800005727599103 ], [ -5.305084168822487, 9.779762127401256 ] ] ] } },
{ "type": "Feature", "properties": { "id": 47543, "nb_points": 1 }, "geometry": { "type": "Polygon", "coordinates": [ [ [ -5.305223863962165, 9.800005727599103 ], [ -5.284813921283748, 9.800143822650075 ], [ -5.284952682564708, 9.820387687471674 ], [ -5.305363862114681, 9.820249301723432 ], [ -5.305223863962165, 9.800005727599103 ] ] ] } },
{ "type": "Feature", "properties": { "id": 47647, "nb_points": 1 }, "geometry": { "type": "Polygon", "coordinates": [ [ [ -5.262913768754082, 5.73066952748638 ], [ -5.242698756252157, 5.730749065936723 ], [ -5.242777950822465, 5.750997387752948 ], [ -5.262993675681803, 5.75091756645334 ], [ -5.262913768754082, 5.73066952748638 ] ] ] } },
{ "type": "Feature", "properties": { "id": 47687, "nb_points": 12 }, "geometry": { "type": "Polygon", "coordinates": [ [ [ -5.266334071569309, 6.540578513270628 ], [ -5.246088567756645, 6.540669381298123 ], [ -5.246179162924471, 6.560917044507927 ], [ -5.266425481635561, 6.560825892811798 ], [ -5.266334071569309, 6.540578513270628 ] ] ] } },
{ "type": "Feature", "properties": { "id": 47699, "nb_points": 12 }, "geometry": { "type": "Polygon", "coordinates": [ [ [ -5.267450059500081, 6.783545895433122 ], [ -5.247194606941367, 6.783640168946008 ], [ -5.24728863946311, 6.803887617882212 ], [ -5.267544937836449, 6.803793060433084 ], [ -5.267450059500081, 6.783545895433122 ] ] ] } },
{ "type": "Feature", "properties": { "id": 47700, "nb_points": 48 }, "geometry": { "type": "Polygon", "coordinates": [ [ [ -5.267544937836449, 6.803793060433084 ], [ -5.24728863946311, 6.803887617882212 ], [ -5.247382958809994, 6.824135048615345 ], [ -5.267640105577703, 6.824040207207219 ], [ -5.267544937836449, 6.803793060433084 ] ] ] } },
{ "type": "Feature", "properties": { "id": 47701, "nb_points": 12 }, "geometry": { "type": "Polygon", "coordinates": [ [ [ -5.267640105577703, 6.824040207207219 ], [ -5.247382958809994, 6.824135048615345 ], [ -5.24747756504119, 6.844382461092065 ], [ -5.267735562783546, 6.844287335702115 ], [ -5.267640105577703, 6.824040207207219 ] ] ] } },
{ "type": "Feature", "properties": { "id": 47720, "nb_points": 6 }, "geometry": { "type": "Polygon", "coordinates": [ [ [ -5.269503360117076, 7.20873246201582 ], [ -5.249229602989472, 7.208832703062571 ], [ -5.249329671512895, 7.229079758542633 ], [ -5.269604328743346, 7.228979233066923 ], [ -5.269503360117076, 7.20873246201582 ] ] ] } },
{ "type": "Feature", "properties": { "id": 47745, "nb_points": 5 }, "geometry": { "type": "Polygon", "coordinates": [ [ [ -5.272114934034705, 7.714895812144667 ], [ -5.251817895645016, 7.715003171350958 ], [ -5.251925186202823, 7.735249727853502 ], [ -5.272223189649615, 7.735142083590911 ], [ -5.272114934034705, 7.714895812144667 ] ] ] } },
{ "type": "Feature", "properties": { "id": 47746, "nb_points": 3 }, "geometry": { "type": "Polygon", "coordinates": [ [ [ -5.272223189649615, 7.735142083590911 ], [ -5.251925186202823, 7.735249727853502 ], [ -5.252032766501503, 7.755496263707252 ], [ -5.272331737611273, 7.755388334362336 ], [ -5.272223189649615, 7.735142083590911 ] ] ] } },
{ "type": "Feature", "properties": { "id": 47765, "nb_points": 4 }, "geometry": { "type": "Polygon", "coordinates": [ [ [ -5.274335671158467, 8.119817252416318 ], [ -5.254018835810048, 8.11993031777434 ], [ -5.254131934289365, 8.140176451244406 ], [ -5.27444978692973, 8.140063100296038 ], [ -5.274335671158467, 8.119817252416318 ] ] ] } },
{ "type": "Feature", "properties": { "id": 47791, "nb_points": 6 }, "geometry": { "type": "Polygon", "coordinates": [ [ [ -5.277398341488796, 8.64620209630127 ], [ -5.257054203890798, 8.646322596120017 ], [ -5.257174895634515, 8.666568148073823 ], [ -5.277520118814723, 8.666447361927311 ], [ -5.277398341488796, 8.64620209630127 ] ] ] } },
{ "type": "Feature", "properties": { "id": 47838, "nb_points": 3 }, "geometry": { "type": "Polygon", "coordinates": [ [ [ -5.283442812442433, 9.597703750849606 ], [ -5.263044791933765, 9.597837740980484 ], [ -5.263179343580322, 9.618082151639564 ], [ -5.283578574316127, 9.617947873722485 ], [ -5.283442812442433, 9.597703750849606 ] ] ] } },
{ "type": "Feature", "properties": { "id": 47951, "nb_points": 5 }, "geometry": { "type": "Polygon", "coordinates": [ [ [ -5.242619845634696, 5.710500728754503 ], [ -5.222405259032618, 5.710579274624217 ], [ -5.222483459797417, 5.730827892103914 ], [ -5.242698756252157, 5.730749065936723 ], [ -5.242619845634696, 5.710500728754503 ] ] ] } },
{ "type": "Feature", "properties": { "id": 47952, "nb_points": 2 }, "geometry": { "type": "Polygon", "coordinates": [ [ [ -5.242698756252157, 5.730749065936723 ], [ -5.222483459797417, 5.730827892103914 ], [ -5.222561941960873, 5.751076494236508 ], [ -5.242777950822465, 5.750997387752948 ], [ -5.242698756252157, 5.730749065936723 ] ] ] } },
{ "type": "Feature", "properties": { "id": 47998, "nb_points": 9 }, "geometry": { "type": "Polygon", "coordinates": [ [ [ -5.246636431848707, 6.662155096052317 ], [ -5.226385713616451, 6.662246837439403 ], [ -5.226477196014473, 6.682494675733251 ], [ -5.246728744651791, 6.682402653086376 ], [ -5.246636431848707, 6.662155096052317 ] ] ] } },
{ "type": "Feature", "properties": { "id": 48006, "nb_points": 12 }, "geometry": { "type": "Polygon", "coordinates": [ [ [ -5.247382958809994, 6.824135048615345 ], [ -5.227125525158004, 6.824229040704477 ], [ -5.227219280355197, 6.84447673462003 ], [ -5.24747756504119, 6.844382461092065 ], [ -5.247382958809994, 6.824135048615345 ] ] ] } },
{ "type": "Feature", "properties": { "id": 48025, "nb_points": 4 }, "geometry": { "type": "Polygon", "coordinates": [ [ [ -5.249229602989472, 7.208832703062571 ], [ -5.228955557817909, 7.208932046437964 ], [ -5.229054726175575, 7.229179383800008 ], [ -5.249329671512895, 7.229079758542633 ], [ -5.249229602989472, 7.208832703062571 ] ] ] } },
{ "type": "Feature", "properties": { "id": 48039, "nb_points": 7 }, "geometry": { "type": "Polygon", "coordinates": [ [ [ -5.250656803199899, 7.49228970216288 ], [ -5.230369919681157, 7.492392994097845 ], [ -5.230473091013597, 7.512640056462855 ], [ -5.250760911030024, 7.512536482303162 ], [ -5.250656803199899, 7.49228970216288 ] ] ] } },
{ "type": "Feature", "properties": { "id": 48071, "nb_points": 5 }, "geometry": { "type": "Polygon", "coordinates": [ [ [ -5.254131934289365, 8.140176451244406 ], [ -5.233813790515389, 8.140288787127204 ], [ -5.2339261601464, 8.160535181950724 ], [ -5.254245323902326, 8.160422563007693 ], [ -5.254131934289365, 8.140176451244406 ] ] ] } },
{ "type": "Feature", "properties": { "id": 48133, "nb_points": 3 }, "geometry": { "type": "Polygon", "coordinates": [ [ [ -5.261715584967949, 9.395392241295554 ], [ -5.241329224114305, 9.39552218122876 ], [ -5.241459628014821, 9.415767129283248 ], [ -5.261847172523263, 9.415636904461804 ], [ -5.261715584967949, 9.395392241295554 ] ] ] } },
{ "type": "Feature", "properties": { "id": 48142, "nb_points": 1 }, "geometry": { "type": "Polygon", "coordinates": [ [ [ -5.262910537079243, 9.577593304835943 ], [ -5.242513427422292, 9.57772580991338 ], [ -5.242646474633097, 9.59797053123479 ], [ -5.263044791933765, 9.597837740980484 ], [ -5.262910537079243, 9.577593304835943 ] ] ] } },
{ "type": "Feature", "properties": { "id": 48143, "nb_points": 5 }, "geometry": { "type": "Polygon", "coordinates": [ [ [ -5.263044791933765, 9.597837740980484 ], [ -5.242646474633097, 9.59797053123479 ], [ -5.242779815966687, 9.618215227103178 ], [ -5.263179343580322, 9.618082151639564 ], [ -5.263044791933765, 9.597837740980484 ] ] ] } },
{ "type": "Feature", "properties": { "id": 48151, "nb_points": 1 }, "geometry": { "type": "Polygon", "coordinates": [ [ [ -5.264129522518175, 9.759792308282961 ], [ -5.243721447910006, 9.7599273811262 ], [ -5.243857145304822, 9.780171871497384 ], [ -5.264266451607778, 9.780036513182672 ], [ -5.264129522518175, 9.759792308282961 ] ] ] } },
{ "type": "Feature", "properties": { "id": 48152, "nb_points": 2 }, "geometry": { "type": "Polygon", "coordinates": [ [ [ -5.264266451607778, 9.780036513182672 ], [ -5.243857145304822, 9.780171871497384 ], [ -5.243993137595159, 9.800416335947439 ], [ -5.264403678269139, 9.800280692128148 ], [ -5.264266451607778, 9.780036513182672 ] ] ] } },
{ "type": "Feature", "properties": { "id": 48153, "nb_points": 1 }, "geometry": { "type": "Polygon", "coordinates": [ [ [ -5.264403678269139, 9.800280692128148 ], [ -5.243993137595159, 9.800416335947439 ], [ -5.244129424867882, 9.8206607744244 ], [ -5.264541202589905, 9.820524845067354 ], [ -5.264403678269139, 9.800280692128148 ] ] ] } },
{ "type": "Feature", "properties": { "id": 48168, "nb_points": 2 }, "geometry": { "type": "Polygon", "coordinates": [ [ [ -5.266497846884306, 10.103940226443571 ], [ -5.246068468958433, 10.104080156854447 ], [ -5.246209191527381, 10.124324199506921 ], [ -5.266639846752081, 10.124183983051703 ], [ -5.266497846884306, 10.103940226443571 ] ] ] } },
{ "type": "Feature", "properties": { "id": 48274, "nb_points": 12 }, "geometry": { "type": "Polygon", "coordinates": [ [ [ -5.223855967326399, 6.075051997406428 ], [ -5.203627929962728, 6.075134836159005 ], [ -5.203710447597675, 6.095383447302073 ], [ -5.223939240910611, 6.095300330437546 ], [ -5.223855967326399, 6.075051997406428 ] ] ] } },
{ "type": "Feature", "properties": { "id": 48281, "nb_points": 11 }, "geometry": { "type": "Polygon", "coordinates": [ [ [ -5.224444812722806, 6.216789984209361 ], [ -5.204211429883165, 6.216874770166861 ], [ -5.204295906830798, 6.237123266146692 ], [ -5.224530063567859, 6.237038201936177 ], [ -5.224444812722806, 6.216789984209361 ] ] ] } },
{ "type": "Feature", "properties": { "id": 48282, "nb_points": 1 }, "geometry": { "type": "Polygon", "coordinates": [ [ [ -5.224530063567859, 6.237038201936177 ], [ -5.204295906830798, 6.237123266146692 ], [ -5.204380663890217, 6.257371745460947 ], [ -5.224615597090634, 6.257286402976995 ], [ -5.224530063567859, 6.237038201936177 ] ] ] } },
{ "type": "Feature", "properties": { "id": 48327, "nb_points": 24 }, "geometry": { "type": "Polygon", "coordinates": [ [ [ -5.22865976521528, 7.148189919097292 ], [ -5.208388119730911, 7.148287526877155 ], [ -5.208485539458797, 7.168535201077154 ], [ -5.228758077399826, 7.168437314033476 ], [ -5.22865976521528, 7.148189919097292 ] ] ] } },
{ "type": "Feature", "properties": { "id": 48345, "nb_points": 5 }, "geometry": { "type": "Polygon", "coordinates": [ [ [ -5.230473091013597, 7.512640056462855 ], [ -5.210184984589327, 7.51274269465901 ], [ -5.210287503167324, 7.532990016682827 ], [ -5.230576548753913, 7.532887098787395 ], [ -5.230473091013597, 7.512640056462855 ] ] ] } },
{ "type": "Feature", "properties": { "id": 48365, "nb_points": 5 }, "geometry": { "type": "Polygon", "coordinates": [ [ [ -5.232596751084889, 7.917577024825328 ], [ -5.212289366682016, 7.917685261809493 ], [ -5.212397575228744, 7.93793217241553 ], [ -5.232705950913446, 7.937823655221644 ], [ -5.232596751084889, 7.917577024825328 ] ] ] } },
{ "type": "Feature", "properties": { "id": 48377, "nb_points": 2 }, "geometry": { "type": "Polygon", "coordinates": [ [ [ -5.2339261601464, 8.160535181950724 ], [ -5.213606707804396, 8.160646783200315 ], [ -5.213718343349183, 8.180893436821037 ], [ -5.234038818363524, 8.180781555041932 ], [ -5.2339261601464, 8.160535181950724 ] ] ] } },
{ "type": "Feature", "properties": { "id": 48437, "nb_points": 5 }, "geometry": { "type": "Polygon", "coordinates": [ [ [ -5.241199113496936, 9.375277208242348 ], [ -5.220813640436191, 9.375405691687975 ], [ -5.220942569977548, 9.395650946957009 ], [ -5.241329224114305, 9.39552218122876 ], [ -5.241199113496936, 9.375277208242348 ] ] ] } },
{ "type": "Feature", "properties": { "id": 48444, "nb_points": 3 }, "geometry": { "type": "Polygon", "coordinates": [ [ [ -5.242116049678992, 9.516991493751739 ], [ -5.221722253160862, 9.517121953838039 ], [ -5.221853218786838, 9.537367033710153 ], [ -5.242248215029801, 9.537236291119777 ], [ -5.242116049678992, 9.516991493751739 ] ] ] } },
{ "type": "Feature", "properties": { "id": 48457, "nb_points": 2 }, "geometry": { "type": "Polygon", "coordinates": [ [ [ -5.243857145304822, 9.780171871497384 ], [ -5.223447544106374, 9.780306006647926 ], [ -5.223582301938828, 9.800550754022819 ], [ -5.243993137595159, 9.800416335947439 ], [ -5.243857145304822, 9.780171871497384 ] ] ] } },
{ "type": "Feature", "properties": { "id": 48458, "nb_points": 2 }, "geometry": { "type": "Polygon", "coordinates": [ [ [ -5.243993137595159, 9.800416335947439 ], [ -5.223582301938828, 9.800550754022819 ], [ -5.223717352076446, 9.820795475457501 ], [ -5.244129424867882, 9.8206607744244 ], [ -5.243993137595159, 9.800416335947439 ] ] ] } },
{ "type": "Feature", "properties": { "id": 48467, "nb_points": 4 }, "geometry": { "type": "Polygon", "coordinates": [ [ [ -5.245230352905386, 9.982615340977059 ], [ -5.224808286558279, 9.982752306864398 ], [ -5.224945971348729, 10.002996792503996 ], [ -5.245369298961578, 10.002859543359714 ], [ -5.245230352905386, 9.982615340977059 ] ] ] } },
{ "type": "Feature", "properties": { "id": 48473, "nb_points": 2 }, "geometry": { "type": "Polygon", "coordinates": [ [ [ -5.246068468958433, 10.104080156854447 ], [ -5.225638794723082, 10.10421882278917 ], [ -5.225778239903109, 10.124463148901389 ], [ -5.246209191527381, 10.124324199506921 ], [ -5.246068468958433, 10.104080156854447 ] ] ] } },
{ "type": "Feature", "properties": { "id": 48474, "nb_points": 7 }, "geometry": { "type": "Polygon", "coordinates": [ [ [ -5.246209191527381, 10.124324199506921 ], [ -5.225778239903109, 10.124463148901389 ], [ -5.225917978792705, 10.144707448244638 ], [ -5.246350210495935, 10.144568215356363 ], [ -5.246209191527381, 10.124324199506921 ] ] ] } },
{ "type": "Feature", "properties": { "id": 48569, "nb_points": 12 }, "geometry": { "type": "Polygon", "coordinates": [ [ [ -5.20281812835886, 5.872647840454966 ], [ -5.18259723045997, 5.872727169053208 ], [ -5.182676223048357, 5.892976215552713 ], [ -5.202897851345987, 5.892896611572685 ], [ -5.20281812835886, 5.872647840454966 ] ] ] } },
{ "type": "Feature", "properties": { "id": 48578, "nb_points": 4 }, "geometry": { "type": "Polygon", "coordinates": [ [ [ -5.20354569202178, 6.054886208777816 ], [ -5.183318128402695, 6.054968016505001 ], [ -5.183399612905089, 6.075216919442211 ], [ -5.203627929962728, 6.075134836159005 ], [ -5.20354569202178, 6.054886208777816 ] ] ] } },
{ "type": "Feature", "properties": { "id": 48579, "nb_points": 8 }, "geometry": { "type": "Polygon", "coordinates": [ [ [ -5.203627929962728, 6.075134836159005 ], [ -5.183399612905089, 6.075216919442211 ], [ -5.183481374539174, 6.095465806160997 ], [ -5.203710447597675, 6.095383447302073 ], [ -5.203627929962728, 6.075134836159005 ] ] ] } },
{ "type": "Feature", "properties": { "id": 48655, "nb_points": 9 }, "geometry": { "type": "Polygon", "coordinates": [ [ [ -5.210700416855216, 7.613979103562839 ], [ -5.190407304477971, 7.614082191721661 ], [ -5.190510290833972, 7.634329690145782 ], [ -5.210804355446275, 7.634226324714487 ], [ -5.210700416855216, 7.613979103562839 ] ] ] } },
{ "type": "Feature", "properties": { "id": 48656, "nb_points": 3 }, "geometry": { "type": "Polygon", "coordinates": [ [ [ -5.210804355446275, 7.634226324714487 ], [ -5.190510290833972, 7.634329690145782 ], [ -5.190613558784878, 7.654577168261751 ], [ -5.210908578235661, 7.654473525533 ], [ -5.210804355446275, 7.634226324714487 ] ] ] } },
{ "type": "Feature", "properties": { "id": 48679, "nb_points": 1 }, "geometry": { "type": "Polygon", "coordinates": [ [ [ -5.21327351668916, 8.099906692317191 ], [ -5.192956830894306, 8.100016442050132 ], [ -5.193066593863681, 8.120263438519828 ], [ -5.213384294544657, 8.120153410895714 ], [ -5.21327351668916, 8.099906692317191 ] ] ] } },
{ "type": "Feature", "properties": { "id": 48728, "nb_points": 1 }, "geometry": { "type": "Polygon", "coordinates": [ [ [ -5.219039096461685, 9.091969532557881 ], [ -5.198669589976815, 9.092092931601121 ], [ -5.198793315386359, 9.112338809283296 ], [ -5.219163965838541, 9.112215130959823 ], [ -5.219039096461685, 9.091969532557881 ] ] ] } },
{ "type": "Feature", "properties": { "id": 48740, "nb_points": 1 }, "geometry": { "type": "Polygon", "coordinates": [ [ [ -5.220556652889067, 9.334915106656762 ], [ -5.200173243622292, 9.335041859066878 ], [ -5.200300416330952, 9.355287443627125 ], [ -5.220685001434005, 9.355160411570528 ], [ -5.220556652889067, 9.334915106656762 ] ] ] } },
{ "type": "Feature", "properties": { "id": 48749, "nb_points": 5 }, "geometry": { "type": "Polygon", "coordinates": [ [ [ -5.221722253160862, 9.517121953838039 ], [ -5.201328165524609, 9.517251224188124 ], [ -5.201457931342254, 9.537496583988215 ], [ -5.221853218786838, 9.537367033710153 ], [ -5.221722253160862, 9.517121953838039 ] ] ] } },
{ "type": "Feature", "properties": { "id": 48752, "nb_points": 12 }, "geometry": { "type": "Polygon", "coordinates": [ [ [ -5.222116023727449, 9.577857117607765 ], [ -5.201718328663393, 9.577987227836752 ], [ -5.201848960332949, 9.59823251178134 ], [ -5.222247863209676, 9.598102121529248 ], [ -5.222116023727449, 9.577857117607765 ] ] ] } },
{ "type": "Feature", "properties": { "id": 48762, "nb_points": 1 }, "geometry": { "type": "Polygon", "coordinates": [ [ [ -5.223447544106374, 9.780306006647926 ], [ -5.203037650688874, 9.780438918550129 ], [ -5.203171173977365, 9.800683946269938 ], [ -5.223582301938828, 9.800550754022819 ], [ -5.223447544106374, 9.780306006647926 ] ] ] } },
{ "type": "Feature", "properties": { "id": 48772, "nb_points": 8 }, "geometry": { "type": "Polygon", "coordinates": [ [ [ -5.224808286558279, 9.982752306864398 ], [ -5.204385927122374, 9.982888023690672 ], [ -5.204522350559005, 10.00313279000428 ], [ -5.224945971348729, 10.002996792503996 ], [ -5.224808286558279, 9.982752306864398 ] ] ] } },
{ "type": "Feature", "properties": { "id": 48774, "nb_points": 1 }, "geometry": { "type": "Polygon", "coordinates": [ [ [ -5.225083949316084, 10.023241251685093 ], [ -5.204659064487165, 10.023377529892693 ], [ -5.204796068994326, 10.043622243304219 ], [ -5.225222220548623, 10.043485684355911 ], [ -5.225083949316084, 10.023241251685093 ] ] ] } },
{ "type": "Feature", "properties": { "id": 48843, "nb_points": 6 }, "geometry": { "type": "Polygon", "coordinates": [ [ [ -5.180285431271725, 5.244999213598438 ], [ -5.160085634122881, 5.245069362786231 ], [ -5.160155421887971, 5.265319142902482 ], [ -5.180355870394578, 5.265248721420805 ], [ -5.180285431271725, 5.244999213598438 ] ] ] } },
{ "type": "Feature", "properties": { "id": 48968, "nb_points": 10 }, "geometry": { "type": "Polygon", "coordinates": [ [ [ -5.191239083640432, 7.776061607529473 ], [ -5.170937998398913, 7.776165945302077 ], [ -5.1710422662009, 7.796413554703163 ], [ -5.191344324588111, 7.796308942010119 ], [ -5.191239083640432, 7.776061607529473 ] ] ] } },
{ "type": "Feature", "properties": { "id": 48978, "nb_points": 3 }, "geometry": { "type": "Polygon", "coordinates": [ [ [ -5.192304196573486, 7.978534013140191 ], [ -5.171993262420751, 7.978641101263996 ], [ -5.172100328334513, 7.99888850124469 ], [ -5.192412261745262, 7.998781137944332 ], [ -5.192304196573486, 7.978534013140191 ] ] ] } },
{ "type": "Feature", "properties": { "id": 48984, "nb_points": 2 }, "geometry": { "type": "Polygon", "coordinates": [ [ [ -5.192956830894306, 8.100016442050132 ], [ -5.172639861960929, 8.100125181624529 ], [ -5.17274860997483, 8.120372453427771 ], [ -5.193066593863681, 8.120263438519828 ], [ -5.192956830894306, 8.100016442050132 ] ] ] } },
{ "type": "Feature", "properties": { "id": 48985, "nb_points": 4 }, "geometry": { "type": "Polygon", "coordinates": [ [ [ -5.193066593863681, 8.120263438519828 ], [ -5.17274860997483, 8.120372453427771 ], [ -5.172857638578168, 8.140619703684152 ], [ -5.193176640040961, 8.140510413416251 ], [ -5.193066593863681, 8.120263438519828 ] ] ] } },
{ "type": "Feature", "properties": { "id": 49033, "nb_points": 3 }, "geometry": { "type": "Polygon", "coordinates": [ [ [ -5.198669589976815, 9.092092931601121 ], [ -5.178299796732943, 9.092215194863259 ], [ -5.178422378096518, 9.112461349255314 ], [ -5.198793315386359, 9.112338809283296 ], [ -5.198669589976815, 9.092092931601121 ] ] ] } },
{ "type": "Feature", "properties": { "id": 49054, "nb_points": 4 }, "geometry": { "type": "Polygon", "coordinates": [ [ [ -5.201328165524609, 9.517251224188124 ], [ -5.180933789436823, 9.517379304720949 ], [ -5.181062355363396, 9.537624941872723 ], [ -5.201457931342254, 9.537496583988215 ], [ -5.201328165524609, 9.517251224188124 ] ] ] } },
{ "type": "Feature", "properties": { "id": 49057, "nb_points": 9 }, "geometry": { "type": "Polygon", "coordinates": [ [ [ -5.201718328663393, 9.577987227836752 ], [ -5.181320344899001, 9.578116140518757 ], [ -5.181449768672563, 9.598361701909294 ], [ -5.201848960332949, 9.59823251178134 ], [ -5.201718328663393, 9.577987227836752 ] ] ] } },
{ "type": "Feature", "properties": { "id": 49058, "nb_points": 24 }, "geometry": { "type": "Polygon", "coordinates": [ [ [ -5.201848960332949, 9.59823251178134 ], [ -5.181449768672563, 9.598361701909294 ], [ -5.181579478559977, 9.618607237942376 ], [ -5.201979880786199, 9.618477770336913 ], [ -5.201848960332949, 9.59823251178134 ] ] ] } },
{ "type": "Feature", "properties": { "id": 49073, "nb_points": 2 }, "geometry": { "type": "Polygon", "coordinates": [ [ [ -5.203843136548714, 9.901908695218639 ], [ -5.183425505633234, 9.902042050863663 ], [ -5.183559517267658, 9.922287200320442 ], [ -5.203978398889946, 9.922153566715828 ], [ -5.203843136548714, 9.901908695218639 ] ] ] } },
{ "type": "Feature", "properties": { "id": 49180, "nb_points": 12 }, "geometry": { "type": "Polygon", "coordinates": [ [ [ -5.162454318071181, 5.893055086831997 ], [ -5.142232138972775, 5.893133225361582 ], [ -5.142309942178861, 5.913382799320609 ], [ -5.162532854332741, 5.913304390459931 ], [ -5.162454318071181, 5.893055086831997 ] ] ] } },
{ "type": "Feature", "properties": { "id": 49205, "nb_points": 4 }, "geometry": { "type": "Polygon", "coordinates": [ [ [ -5.164500091198311, 6.399282823223843 ], [ -5.14425881695434, 6.399367725825288 ], [ -5.144343425482212, 6.419616889975061 ], [ -5.164585496896549, 6.419531716552437 ], [ -5.164500091198311, 6.399282823223843 ] ] ] } },
{ "type": "Feature", "properties": { "id": 49273, "nb_points": 2 }, "geometry": { "type": "Polygon", "coordinates": [ [ [ -5.170937998398913, 7.776165945302077 ], [ -5.150636633710958, 7.776269313740329 ], [ -5.150739928301494, 7.796517195507877 ], [ -5.1710422662009, 7.796413554703163 ], [ -5.170937998398913, 7.776165945302077 ] ] ] } },
{ "type": "Feature", "properties": { "id": 49282, "nb_points": 4 }, "geometry": { "type": "Polygon", "coordinates": [ [ [ -5.17188647661933, 7.958393680104434 ], [ -5.151576259065688, 7.958499500748991 ], [ -5.15168204815571, 7.978747194503075 ], [ -5.171993262420751, 7.978641101263996 ], [ -5.17188647661933, 7.958393680104434 ] ] ] } },
{ "type": "Feature", "properties": { "id": 49289, "nb_points": 3 }, "geometry": { "type": "Polygon", "coordinates": [ [ [ -5.172639861960929, 8.100125181624529 ], [ -5.152322612506859, 8.100232910972508 ], [ -5.152430345496574, 8.120480455551501 ], [ -5.17274860997483, 8.120372453427771 ], [ -5.172639861960929, 8.100125181624529 ] ] ] } },
{ "type": "Feature", "properties": { "id": 49290, "nb_points": 3 }, "geometry": { "type": "Polygon", "coordinates": [ [ [ -5.17274860997483, 8.120372453427771 ], [ -5.152430345496574, 8.120480455551501 ], [ -5.15253835645707, 8.140727978609796 ], [ -5.172857638578168, 8.140619703684152 ], [ -5.17274860997483, 8.120372453427771 ] ] ] } },
{ "type": "Feature", "properties": { "id": 49336, "nb_points": 12 }, "geometry": { "type": "Polygon", "coordinates": [ [ [ -5.178055486251584, 9.05172281395649 ], [ -5.157687689194293, 9.051843393170715 ], [ -5.157808563598052, 9.072089869707591 ], [ -5.178177499477212, 9.071969016412952 ], [ -5.178055486251584, 9.05172281395649 ] ] ] } },
{ "type": "Feature", "properties": { "id": 49339, "nb_points": 6 }, "geometry": { "type": "Polygon", "coordinates": [ [ [ -5.178422378096518, 9.112461349255314 ], [ -5.158051156620927, 9.112582750799159 ], [ -5.158172875394273, 9.132829155249812 ], [ -5.178545243645872, 9.132707479537036 ], [ -5.178422378096518, 9.112461349255314 ] ] ] } },
{ "type": "Feature", "properties": { "id": 49340, "nb_points": 2 }, "geometry": { "type": "Polygon", "coordinates": [ [ [ -5.178545243645872, 9.132707479537036 ], [ -5.158172875394273, 9.132829155249812 ], [ -5.158294875778696, 9.153075535567687 ], [ -5.178668393459134, 9.152953585656341 ], [ -5.178545243645872, 9.132707479537036 ] ] ] } },
{ "type": "Feature", "properties": { "id": 49352, "nb_points": 1 }, "geometry": { "type": "Polygon", "coordinates": [ [ [ -5.180041825358582, 9.37565914336477 ], [ -5.159655488664517, 9.375784111437106 ], [ -5.159780874488106, 9.396030198108734 ], [ -5.1801683925023, 9.395904955476594 ], [ -5.180041825358582, 9.37565914336477 ] ] ] } },
{ "type": "Feature", "properties": { "id": 49353, "nb_points": 2 }, "geometry": { "type": "Polygon", "coordinates": [ [ [ -5.1801683925023, 9.395904955476594 ], [ -5.159780874488106, 9.396030198108734 ], [ -5.159906542946254, 9.416276259972399 ], [ -5.180295244943013, 9.416150742749887 ], [ -5.1801683925023, 9.395904955476594 ] ] ] } },
{ "type": "Feature", "properties": { "id": 49362, "nb_points": 3 }, "geometry": { "type": "Polygon", "coordinates": [ [ [ -5.181320344899001, 9.578116140518757 ], [ -5.160922075103348, 9.578243855572937 ], [ -5.161050290898357, 9.598489691832087 ], [ -5.181449768672563, 9.598361701909294 ], [ -5.181320344899001, 9.578116140518757 ] ] ] } },
{ "type": "Feature", "properties": { "id": 49378, "nb_points": 1 }, "geometry": { "type": "Polygon", "coordinates": [ [ [ -5.183425505633234, 9.902042050863663 ], [ -5.163007587342198, 9.902174167608099 ], [ -5.163140348184134, 9.922419592442388 ], [ -5.183559517267658, 9.922287200320442 ], [ -5.183425505633234, 9.902042050863663 ] ] ] } },
{ "type": "Feature", "properties": { "id": 49379, "nb_points": 9 }, "geometry": { "type": "Polygon", "coordinates": [ [ [ -5.183559517267658, 9.922287200320442 ], [ -5.163140348184134, 9.922419592442388 ], [ -5.16327339380477, 9.942664991123511 ], [ -5.183693816363349, 9.942532323591642 ], [ -5.183559517267658, 9.922287200320442 ] ] ] } },
{ "type": "Feature", "properties": { "id": 49454, "nb_points": 6 }, "geometry": { "type": "Polygon", "coordinates": [ [ [ -5.139954700694598, 5.265388910134962 ], [ -5.119753709359603, 5.265458023074987 ], [ -5.119822461875438, 5.285708326162184 ], [ -5.140024107200087, 5.285638945971269 ], [ -5.139954700694598, 5.265388910134962 ] ] ] } },
{ "type": "Feature", "properties": { "id": 49470, "nb_points": 1 }, "geometry": { "type": "Polygon", "coordinates": [ [ [ -5.141097651603796, 5.589387761848804 ], [ -5.120885890715824, 5.589461152831953 ], [ -5.120958930716387, 5.609711224213608 ], [ -5.141171386375479, 5.609637565706092 ], [ -5.141097651603796, 5.589387761848804 ] ] ] } },
{ "type": "Feature", "properties": { "id": 49471, "nb_points": 2 }, "geometry": { "type": "Polygon", "coordinates": [ [ [ -5.141171386375479, 5.609637565706092 ], [ -5.120958930716387, 5.609711224213608 ], [ -5.121032239064914, 5.629961280659987 ], [ -5.141245392047574, 5.629887354610459 ], [ -5.141171386375479, 5.609637565706092 ] ] ] } },
{ "type": "Feature", "properties": { "id": 49477, "nb_points": 12 }, "geometry": { "type": "Polygon", "coordinates": [ [ [ -5.141619485536748, 5.731136072969571 ], [ -5.121402807634332, 5.731211336996162 ], [ -5.121477727037432, 5.751461302711025 ], [ -5.141695117587255, 5.751385771035162 ], [ -5.141619485536748, 5.731136072969571 ] ] ] } },
{ "type": "Feature", "properties": { "id": 49505, "nb_points": 12 }, "geometry": { "type": "Polygon", "coordinates": [ [ [ -5.143839865718184, 6.298121650677302 ], [ -5.123602266211892, 6.298204415942392 ], [ -5.123684726738404, 6.318453932895724 ], [ -5.14392311062014, 6.31837089944958 ], [ -5.143839865718184, 6.298121650677302 ] ] ] } },
{ "type": "Feature", "properties": { "id": 49515, "nb_points": 4 }, "geometry": { "type": "Polygon", "coordinates": [ [ [ -5.144684588960524, 6.500613375203209 ], [ -5.124439030053702, 6.500698823184452 ], [ -5.124524193448413, 6.520948169766635 ], [ -5.14477056243893, 6.520862453401881 ], [ -5.144684588960524, 6.500613375203209 ] ] ] } },
{ "type": "Feature", "properties": { "id": 49516, "nb_points": 12 }, "geometry": { "type": "Polygon", "coordinates": [ [ [ -5.14477056243893, 6.520862453401881 ], [ -5.124524193448413, 6.520948169766635 ], [ -5.124609627420539, 6.541197499019853 ], [ -5.144856809068336, 6.54111151425098 ], [ -5.14477056243893, 6.520862453401881 ] ] ] } },
{ "type": "Feature", "properties": { "id": 49535, "nb_points": 12 }, "geometry": { "type": "Polygon", "coordinates": [ [ [ -5.146456019681135, 6.905591582257573 ], [ -5.126193769533568, 6.905682401900557 ], [ -5.12628435484765, 6.925931391835174 ], [ -5.146547466648828, 6.925840303383866 ], [ -5.146456019681135, 6.905591582257573 ] ] ] } },
{ "type": "Feature", "properties": { "id": 49610, "nb_points": 3 }, "geometry": { "type": "Polygon", "coordinates": [ [ [ -5.154079735395122, 8.424191012387057 ], [ -5.133745651939489, 8.424302058074527 ], [ -5.133856783684164, 8.444549522671988 ], [ -5.154191924211358, 8.444438206343809 ], [ -5.154079735395122, 8.424191012387057 ] ] ] } },
{ "type": "Feature", "properties": { "id": 49611, "nb_points": 3 }, "geometry": { "type": "Polygon", "coordinates": [ [ [ -5.154191924211358, 8.444438206343809 ], [ -5.133856783684164, 8.444549522671988 ], [ -5.133968191884558, 8.464796964937369 ], [ -5.154304392112616, 8.464685377941469 ], [ -5.154191924211358, 8.444438206343809 ] ] ] } },
{ "type": "Feature", "properties": { "id": 49686, "nb_points": 34 }, "geometry": { "type": "Polygon", "coordinates": [ [ [ -5.163406724289187, 9.962910363599873 ], [ -5.142984760623167, 9.963042059842914 ], [ -5.143117117128583, 9.983287678954715 ], [ -5.163540339722655, 9.983155709819886 ], [ -5.163406724289187, 9.962910363599873 ] ] ] } },
{ "type": "Feature", "properties": { "id": 49758, "nb_points": 3 }, "geometry": { "type": "Polygon", "coordinates": [ [ [ -5.119685224440096, 5.245207705960179 ], [ -5.099484616995817, 5.245275899860564 ], [ -5.099552450428307, 5.265526481679704 ], [ -5.119753709359603, 5.265458023074987 ], [ -5.119685224440096, 5.245207705960179 ] ] ] } },
{ "type": "Feature", "properties": { "id": 49759, "nb_points": 9 }, "geometry": { "type": "Polygon", "coordinates": [ [ [ -5.119753709359603, 5.265458023074987 ], [ -5.099552450428307, 5.265526481679704 ], [ -5.099620548911636, 5.285777049487617 ], [ -5.119822461875438, 5.285708326162184 ], [ -5.119753709359603, 5.265458023074987 ] ] ] } },
{ "type": "Feature", "properties": { "id": 49775, "nb_points": 3 }, "geometry": { "type": "Polygon", "coordinates": [ [ [ -5.120885890715824, 5.589461152831953 ], [ -5.100673861525496, 5.589533848977882 ], [ -5.100746206709356, 5.609784185351149 ], [ -5.120958930716387, 5.609711224213608 ], [ -5.120885890715824, 5.589461152831953 ] ] ] } },
{ "type": "Feature", "properties": { "id": 49776, "nb_points": 6 }, "geometry": { "type": "Polygon", "coordinates": [ [ [ -5.120958930716387, 5.609711224213608 ], [ -5.100746206709356, 5.609784185351149 ], [ -5.100818817688565, 5.630034506806624 ], [ -5.121032239064914, 5.629961280659987 ], [ -5.120958930716387, 5.609711224213608 ] ] ] } },
{ "type": "Feature", "properties": { "id": 49820, "nb_points": 1 }, "geometry": { "type": "Polygon", "coordinates": [ [ [ -5.124439030053702, 6.500698823184452 ], [ -5.104193200622851, 6.500783462181122 ], [ -5.104277553880504, 6.521033074605963 ], [ -5.124524193448413, 6.520948169766635 ], [ -5.124439030053702, 6.500698823184452 ] ] ] } },
{ "type": "Feature", "properties": { "id": 49821, "nb_points": 3 }, "geometry": { "type": "Polygon", "coordinates": [ [ [ -5.124524193448413, 6.520948169766635 ], [ -5.104277553880504, 6.521033074605963 ], [ -5.104362175141818, 6.541282669722259 ], [ -5.124609627420539, 6.541197499019853 ], [ -5.124524193448413, 6.520948169766635 ] ] ] } },
{ "type": "Feature", "properties": { "id": 49915, "nb_points": 6 }, "geometry": { "type": "Polygon", "coordinates": [ [ [ -5.133745651939489, 8.424302058074527 ], [ -5.113411292098525, 8.424412052441724 ], [ -5.113521366701277, 8.444659785117762 ], [ -5.133856783684164, 8.444549522671988 ], [ -5.133745651939489, 8.424302058074527 ] ] ] } },
{ "type": "Feature", "properties": { "id": 49991, "nb_points": 2 }, "geometry": { "type": "Polygon", "coordinates": [ [ [ -5.142984760623167, 9.963042059842914 ], [ -5.122562514692488, 9.963172509272015 ], [ -5.122693612185184, 9.983418398692255 ], [ -5.143117117128583, 9.983287678954715 ], [ -5.142984760623167, 9.963042059842914 ] ] ] } },
{ "type": "Feature", "properties": { "id": 50140, "nb_points": 10 }, "geometry": { "type": "Polygon", "coordinates": [ [ [ -5.105486664235622, 6.804525807065124 ], [ -5.085228143509679, 6.804613588702019 ], [ -5.085315673616001, 6.824863199551989 ], [ -5.105575043194828, 6.8247751543033 ], [ -5.105486664235622, 6.804525807065124 ] ] ] } },
{ "type": "Feature", "properties": { "id": 50141, "nb_points": 2 }, "geometry": { "type": "Polygon", "coordinates": [ [ [ -5.105575043194828, 6.8247751543033 ], [ -5.085315673616001, 6.824863199551989 ], [ -5.085403469957874, 6.845112792320839 ], [ -5.105663690971303, 6.845024483439158 ], [ -5.105575043194828, 6.8247751543033 ] ] ] } },
{ "type": "Feature", "properties": { "id": 50204, "nb_points": 1 }, "geometry": { "type": "Polygon", "coordinates": [ [ [ -5.111687282508889, 8.100445338720863 ], [ -5.091369207201569, 8.100550036988636 ], [ -5.091473894712843, 8.120798384546362 ], [ -5.111792985246652, 8.12069342117727 ], [ -5.111687282508889, 8.100445338720863 ] ] ] } },
{ "type": "Feature", "properties": { "id": 50205, "nb_points": 23 }, "geometry": { "type": "Polygon", "coordinates": [ [ [ -5.111792985246652, 8.12069342117727 ], [ -5.091473894712843, 8.120798384546362 ], [ -5.091578852337836, 8.141046710660415 ], [ -5.111898960717334, 8.140941482164573 ], [ -5.111792985246652, 8.12069342117727 ] ] ] } },
{ "type": "Feature", "properties": { "id": 50206, "nb_points": 12 }, "geometry": { "type": "Polygon", "coordinates": [ [ [ -5.111898960717334, 8.140941482164573 ], [ -5.091578852337836, 8.141046710660415 ], [ -5.091684080142883, 8.161295015278528 ], [ -5.112005208987914, 8.161189521630439 ], [ -5.111898960717334, 8.140941482164573 ] ] ] } },
{ "type": "Feature", "properties": { "id": 50413, "nb_points": 1 }, "geometry": { "type": "Polygon", "coordinates": [ [ [ -5.08256743177739, 6.156616810975136 ], [ -5.062334449783568, 6.156695401919365 ], [ -5.062412721856792, 6.17694582387599 ], [ -5.082646470409265, 6.176866972501926 ], [ -5.08256743177739, 6.156616810975136 ] ] ] } },
{ "type": "Feature", "properties": { "id": 50414, "nb_points": 1 }, "geometry": { "type": "Polygon", "coordinates": [ [ [ -5.082646470409265, 6.176866972501926 ], [ -5.062412721856792, 6.17694582387599 ], [ -5.062491255927365, 6.197196229463686 ], [ -5.082725773604209, 6.197117117640849 ], [ -5.082646470409265, 6.176866972501926 ] ] ] } },
{ "type": "Feature", "properties": { "id": 50430, "nb_points": 12 }, "geometry": { "type": "Polygon", "coordinates": [ [ [ -5.08394710324122, 6.500867292140606 ], [ -5.063700740482231, 6.500950313010788 ], [ -5.063783473307716, 6.521200449497721 ], [ -5.084030646308962, 6.521117167867086 ], [ -5.08394710324122, 6.500867292140606 ] ] ] } },
{ "type": "Feature", "properties": { "id": 50439, "nb_points": 3 }, "geometry": { "type": "Polygon", "coordinates": [ [ [ -5.084708550754518, 6.683115546856108 ], [ -5.064454803104785, 6.683200915296736 ], [ -5.064539903517651, 6.703450894467346 ], [ -5.084794484594949, 6.703365265083705 ], [ -5.084708550754518, 6.683115546856108 ] ] ] } },
{ "type": "Feature", "properties": { "id": 50455, "nb_points": 4 }, "geometry": { "type": "Polygon", "coordinates": [ [ [ -5.086115431820794, 7.007108877217884 ], [ -5.06584803958686, 7.007198423255817 ], [ -5.065937359797991, 7.027448112200344 ], [ -5.086205626782799, 7.027358304881916 ], [ -5.086115431820794, 7.007108877217884 ] ] ] } },
{ "type": "Feature", "properties": { "id": 50456, "nb_points": 6 }, "geometry": { "type": "Polygon", "coordinates": [ [ [ -5.086205626782799, 7.027358304881916 ], [ -5.065937359797991, 7.027448112200344 ], [ -5.066026944216149, 7.047697782557814 ], [ -5.086296088539123, 7.047607713937245 ], [ -5.086205626782799, 7.027358304881916 ] ] ] } },
{ "type": "Feature", "properties": { "id": 50479, "nb_points": 1 }, "geometry": { "type": "Polygon", "coordinates": [ [ [ -5.088353863011015, 7.493089898539326 ], [ -5.068064761533941, 7.49318572141461 ], [ -5.068160438595767, 7.513434949754104 ], [ -5.088450477073739, 7.513338865060894 ], [ -5.088353863011015, 7.493089898539326 ] ] ] } },
{ "type": "Feature", "properties": { "id": 50480, "nb_points": 6 }, "geometry": { "type": "Polygon", "coordinates": [ [ [ -5.088450477073739, 7.513338865060894 ], [ -5.068160438595767, 7.513434949754104 ], [ -5.068256381262955, 7.533684158245113 ], [ -5.088547359342761, 7.533587811710763 ], [ -5.088450477073739, 7.513338865060894 ] ] ] } },
{ "type": "Feature", "properties": { "id": 50487, "nb_points": 12 }, "geometry": { "type": "Polygon", "coordinates": [ [ [ -5.089134288718599, 7.655081071363783 ], [ -5.068837618374863, 7.655178989436035 ], [ -5.068935421981342, 7.675428057519334 ], [ -5.089233050150114, 7.675329877441643 ], [ -5.089134288718599, 7.655081071363783 ] ] ] } },
{ "type": "Feature", "properties": { "id": 50718, "nb_points": 3 }, "geometry": { "type": "Polygon", "coordinates": [ [ [ -5.062334449783568, 6.156695401919365 ], [ -5.042101205841393, 6.156773226896502 ], [ -5.042178711306997, 6.177023906744826 ], [ -5.062412721856792, 6.17694582387599 ], [ -5.062334449783568, 6.156695401919365 ] ] ] } },
{ "type": "Feature", "properties": { "id": 50719, "nb_points": 5 }, "geometry": { "type": "Polygon", "coordinates": [ [ [ -5.062412721856792, 6.17694582387599 ], [ -5.042178711306997, 6.177023906744826 ], [ -5.042256476204062, 6.197274570242969 ], [ -5.062491255927365, 6.197196229463686 ], [ -5.062412721856792, 6.17694582387599 ] ] ] } },
{ "type": "Feature", "properties": { "id": 50744, "nb_points": 3 }, "geometry": { "type": "Polygon", "coordinates": [ [ [ -5.064454803104785, 6.683200915296736 ], [ -5.044200792178602, 6.683285451717245 ], [ -5.044285059110529, 6.703535689287745 ], [ -5.064539903517651, 6.703450894467346 ], [ -5.064454803104785, 6.683200915296736 ] ] ] } },
{ "type": "Feature", "properties": { "id": 50785, "nb_points": 5 }, "geometry": { "type": "Polygon", "coordinates": [ [ [ -5.068160438595767, 7.513434949754104 ], [ -5.047870134512467, 7.513530097988411 ], [ -5.047965137517388, 7.533779565768718 ], [ -5.068256381262955, 7.533684158245113 ], [ -5.068160438595767, 7.513434949754104 ] ] ] } },
{ "type": "Feature", "properties": { "id": 50786, "nb_points": 12 }, "geometry": { "type": "Polygon", "coordinates": [ [ [ -5.068256381262955, 7.533684158245113 ], [ -5.047965137517388, 7.533779565768718 ], [ -5.048060403586393, 7.554029013671134 ], [ -5.06835258959593, 7.553933346835181 ], [ -5.068256381262955, 7.533684158245113 ] ] ] } },
{ "type": "Feature", "properties": { "id": 50792, "nb_points": 24 }, "geometry": { "type": "Polygon", "coordinates": [ [ [ -5.068837618374863, 7.655178989436035 ], [ -5.048540681999131, 7.65527595318173 ], [ -5.048637527718927, 7.675525280717038 ], [ -5.068935421981342, 7.675428057519334 ], [ -5.068837618374863, 7.655178989436035 ] ] ] } },
{ "type": "Feature", "properties": { "id": 50794, "nb_points": 14 }, "geometry": { "type": "Polygon", "coordinates": [ [ [ -5.069033491681496, 7.695677105334733 ], [ -5.048734636926513, 7.695774588007946 ], [ -5.04883200968311, 7.716023875002129 ], [ -5.069131827537146, 7.715926132829837 ], [ -5.069033491681496, 7.695677105334733 ] ] ] } },
{ "type": "Feature", "properties": { "id": 50795, "nb_points": 12 }, "geometry": { "type": "Polygon", "coordinates": [ [ [ -5.069131827537146, 7.715926132829837 ], [ -5.04883200968311, 7.716023875002129 ], [ -5.048929646050113, 7.73627314164727 ], [ -5.069230429610294, 7.736175139952262 ], [ -5.069131827537146, 7.715926132829837 ] ] ] } },
{ "type": "Feature", "properties": { "id": 50823, "nb_points": 12 }, "geometry": { "type": "Polygon", "coordinates": [ [ [ -5.071993547151116, 8.282890440220831 ], [ -5.051665701785895, 8.282995458201709 ], [ -5.051770744875997, 8.303244133868558 ], [ -5.072099629198622, 8.303138855676647 ], [ -5.071993547151116, 8.282890440220831 ] ] ] } },
{ "type": "Feature", "properties": { "id": 50972, "nb_points": 12 }, "geometry": { "type": "Polygon", "coordinates": [ [ [ -5.038491345869147, 5.123968115562708 ], [ -5.018293550138361, 5.124032174654898 ], [ -5.018357248848939, 5.144283872555517 ], [ -5.038555680964933, 5.144219558973957 ], [ -5.038491345869147, 5.123968115562708 ] ] ] } },
{ "type": "Feature", "properties": { "id": 51011, "nb_points": 1 }, "geometry": { "type": "Polygon", "coordinates": [ [ [ -5.041191358424195, 5.913763812666123 ], [ -5.020966854992454, 5.913837808812476 ], [ -5.021040515114907, 5.934088935870042 ], [ -5.041265754446918, 5.934014684588204 ], [ -5.041191358424195, 5.913763812666123 ] ] ] } },
{ "type": "Feature", "properties": { "id": 51042, "nb_points": 12 }, "geometry": { "type": "Polygon", "coordinates": [ [ [ -5.043618220263618, 6.541533296903659 ], [ -5.023369711205555, 6.541615210815718 ], [ -5.023451338856363, 6.561865826688966 ], [ -5.04370066340924, 6.561783657059981 ], [ -5.043618220263618, 6.541533296903659 ] ] ] } },
{ "type": "Feature", "properties": { "id": 51050, "nb_points": 5 }, "geometry": { "type": "Polygon", "coordinates": [ [ [ -5.044285059110529, 6.703535689287745 ], [ -5.024029953952482, 6.703619649492156 ], [ -5.024113645522505, 6.72387012521628 ], [ -5.044369586793407, 6.723785909135056 ], [ -5.044285059110529, 6.703535689287745 ] ] ] } },
{ "type": "Feature", "properties": { "id": 51065, "nb_points": 2 }, "geometry": { "type": "Polygon", "coordinates": [ [ [ -5.045580383202035, 7.007287096559308 ], [ -5.025312465253236, 7.007374897073159 ], [ -5.025400035794842, 7.027625100939317 ], [ -5.045668828606185, 7.027537044237931 ], [ -5.045580383202035, 7.007287096559308 ] ] ] } },
{ "type": "Feature", "properties": { "id": 51097, "nb_points": 12 }, "geometry": { "type": "Polygon", "coordinates": [ [ [ -5.048540681999131, 7.65527595318173 ], [ -5.028243482196685, 7.655371962540411 ], [ -5.028339369968748, 7.675621546974124 ], [ -5.048637527718927, 7.675525280717038 ], [ -5.048540681999131, 7.65527595318173 ] ] ] } },
{ "type": "Feature", "properties": { "id": 51098, "nb_points": 24 }, "geometry": { "type": "Polygon", "coordinates": [ [ [ -5.048637527718927, 7.675525280717038 ], [ -5.028339369968748, 7.675621546974124 ], [ -5.028435518622547, 7.695871111186713 ], [ -5.048734636926513, 7.695774588007946 ], [ -5.048637527718927, 7.675525280717038 ] ] ] } },
{ "type": "Feature", "properties": { "id": 51099, "nb_points": 22 }, "geometry": { "type": "Polygon", "coordinates": [ [ [ -5.048734636926513, 7.695774588007946 ], [ -5.028435518622547, 7.695871111186713 ], [ -5.028531928218698, 7.716120655125913 ], [ -5.04883200968311, 7.716023875002129 ], [ -5.048734636926513, 7.695774588007946 ] ] ] } },
{ "type": "Feature", "properties": { "id": 51100, "nb_points": 22 }, "geometry": { "type": "Polygon", "coordinates": [ [ [ -5.04883200968311, 7.716023875002129 ], [ -5.028531928218698, 7.716120655125913 ], [ -5.02862859881799, 7.736370178739473 ], [ -5.048929646050113, 7.73627314164727 ], [ -5.04883200968311, 7.716023875002129 ] ] ] } },
{ "type": "Feature", "properties": { "id": 51101, "nb_points": 12 }, "geometry": { "type": "Polygon", "coordinates": [ [ [ -5.048929646050113, 7.73627314164727 ], [ -5.02862859881799, 7.736370178739473 ], [ -5.028725530481384, 7.756619681975152 ], [ -5.049027546089089, 7.756522387891058 ], [ -5.048929646050113, 7.73627314164727 ] ] ] } },
{ "type": "Feature", "properties": { "id": 51282, "nb_points": 10 }, "geometry": { "type": "Polygon", "coordinates": [ [ [ -5.01861459034754, 5.225290527342517 ], [ -4.998413332463214, 5.225355209554056 ], [ -4.998477655553951, 5.245607090817431 ], [ -5.018679562586711, 5.245542156569646 ], [ -5.01861459034754, 5.225290527342517 ] ] ] } },
{ "type": "Feature", "properties": { "id": 51283, "nb_points": 2 }, "geometry": { "type": "Polygon", "coordinates": [ [ [ -5.018679562586711, 5.245542156569646 ], [ -4.998477655553951, 5.245607090817431 ], [ -4.998542230925331, 5.265858958202217 ], [ -5.018744789652434, 5.265793771902645 ], [ -5.018679562586711, 5.245542156569646 ] ] ] } },
{ "type": "Feature", "properties": { "id": 51294, "nb_points": 3 }, "geometry": { "type": "Polygon", "coordinates": [ [ [ -5.019411084794665, 5.468309149370029 ], [ -4.999201869009097, 5.468376857055739 ], [ -4.999269222159421, 5.48862856827488 ], [ -5.019479117671445, 5.48856060836238 ], [ -5.019411084794665, 5.468309149370029 ] ] ] } },
{ "type": "Feature", "properties": { "id": 51316, "nb_points": 11 }, "geometry": { "type": "Polygon", "coordinates": [ [ [ -5.020966854992454, 5.913837808812476 ], [ -5.000742095306643, 5.913911069342976 ], [ -5.000815019482791, 5.934162448999722 ], [ -5.021040515114907, 5.934088935870042 ], [ -5.020966854992454, 5.913837808812476 ] ] ] } },
{ "type": "Feature", "properties": { "id": 51347, "nb_points": 3 }, "geometry": { "type": "Polygon", "coordinates": [ [ [ -5.023369711205555, 6.541615210815718 ], [ -5.003120944389596, 6.5416963104016 ], [ -5.003201756494427, 6.56194717944971 ], [ -5.023451338856363, 6.561865826688966 ], [ -5.023369711205555, 6.541615210815718 ] ] ] } },
{ "type": "Feature", "properties": { "id": 51348, "nb_points": 21 }, "geometry": { "type": "Polygon", "coordinates": [ [ [ -5.023451338856363, 6.561865826688966 ], [ -5.003201756494427, 6.56194717944971 ], [ -5.003282823832723, 6.58219803118314 ], [ -5.023533224316257, 6.582116425227965 ], [ -5.023451338856363, 6.561865826688966 ] ] ] } },
{ "type": "Feature", "properties": { "id": 51402, "nb_points": 2 }, "geometry": { "type": "Polygon", "coordinates": [ [ [ -5.028243482196685, 7.655371962540411 ], [ -5.007946021572979, 7.655467017452214 ], [ -5.008040951336864, 7.67571685623057 ], [ -5.028339369968748, 7.675621546974124 ], [ -5.028243482196685, 7.655371962540411 ] ] ] } },
{ "type": "Feature", "properties": { "id": 51403, "nb_points": 42 }, "geometry": { "type": "Polygon", "coordinates": [ [ [ -5.028339369968748, 7.675621546974124 ], [ -5.008040951336864, 7.67571685623057 ], [ -5.008136139376257, 7.69596667481084 ], [ -5.028435518622547, 7.695871111186713 ], [ -5.028339369968748, 7.675621546974124 ] ] ] } },
{ "type": "Feature", "properties": { "id": 51404, "nb_points": 14 }, "geometry": { "type": "Polygon", "coordinates": [ [ [ -5.028435518622547, 7.695871111186713 ], [ -5.008136139376257, 7.69596667481084 ], [ -5.008231585751173, 7.716216473140832 ], [ -5.028531928218698, 7.716120655125913 ], [ -5.028435518622547, 7.695871111186713 ] ] ] } },
{ "type": "Feature", "properties": { "id": 51405, "nb_points": 26 }, "geometry": { "type": "Polygon", "coordinates": [ [ [ -5.028531928218698, 7.716120655125913 ], [ -5.008231585751173, 7.716216473140832 ], [ -5.008327290521794, 7.736466251168353 ], [ -5.02862859881799, 7.736370178739473 ], [ -5.028531928218698, 7.716120655125913 ] ] ] } },
{ "type": "Feature", "properties": { "id": 51407, "nb_points": 12 }, "geometry": { "type": "Polygon", "coordinates": [ [ [ -5.028725530481384, 7.756619681975152 ], [ -5.008423253748473, 7.75671600884123 ], [ -5.008519475491732, 7.776965746107288 ], [ -5.02882272327001, 7.776869164780713 ], [ -5.028725530481384, 7.756619681975152 ] ] ] } },
{ "type": "Feature", "properties": { "id": 51587, "nb_points": 1 }, "geometry": { "type": "Polygon", "coordinates": [ [ [ -4.998413332463214, 5.225355209554056 ], [ -4.978211822338361, 5.225419242243496 ], [ -4.978275496240576, 5.245671373012285 ], [ -4.998477655553951, 5.245607090817431 ], [ -4.998413332463214, 5.225355209554056 ] ] ] } },
{ "type": "Feature", "properties": { "id": 51588, "nb_points": 11 }, "geometry": { "type": "Polygon", "coordinates": [ [ [ -4.998477655553951, 5.245607090817431 ], [ -4.978275496240576, 5.245671373012285 ], [ -4.978339419877361, 5.265923489917872 ], [ -4.998542230925331, 5.265858958202217 ], [ -4.998477655553951, 5.245607090817431 ] ] ] } },
{ "type": "Feature", "properties": { "id": 51600, "nb_points": 2 }, "geometry": { "type": "Polygon", "coordinates": [ [ [ -4.999269222159421, 5.48862856827488 ], [ -4.979059073873172, 5.488695845752145 ], [ -4.979125997478238, 5.508947792166445 ], [ -4.999336828084, 5.508880264979013 ], [ -4.999269222159421, 5.48862856827488 ] ] ] } },
{ "type": "Feature", "properties": { "id": 51690, "nb_points": 12 }, "geometry": { "type": "Polygon", "coordinates": [ [ [ -5.006371674407105, 7.311216718533077 ], [ -4.986089844522409, 7.31130654192586 ], [ -4.986179478770679, 7.331556967489877 ], [ -5.006462222505404, 7.331466892684556 ], [ -5.006371674407105, 7.311216718533077 ] ] ] } },
{ "type": "Feature", "properties": { "id": 51709, "nb_points": 14 }, "geometry": { "type": "Polygon", "coordinates": [ [ [ -5.008136139376257, 7.69596667481084 ], [ -4.987836501794473, 7.696061278820732 ], [ -4.987930984887972, 7.716311328987127 ], [ -5.008231585751173, 7.716216473140832 ], [ -5.008136139376257, 7.69596667481084 ] ] ] } },
{ "type": "Feature", "properties": { "id": 51710, "nb_points": 12 }, "geometry": { "type": "Polygon", "coordinates": [ [ [ -5.008231585751173, 7.716216473140832 ], [ -4.987930984887972, 7.716311328987127 ], [ -4.988025723769568, 7.736561358873991 ], [ -5.008327290521794, 7.736466251168353 ], [ -5.008231585751173, 7.716216473140832 ] ] ] } },
{ "type": "Feature", "properties": { "id": 51906, "nb_points": 4 }, "geometry": { "type": "Polygon", "coordinates": [ [ [ -4.979125997478238, 5.508947792166445 ], [ -4.958914916607533, 5.509014634343845 ], [ -4.958981405564679, 5.529266813399443 ], [ -4.979193171348276, 5.529199724028921 ], [ -4.979125997478238, 5.508947792166445 ] ] ] } },
{ "type": "Feature", "properties": { "id": 51945, "nb_points": 9 }, "geometry": { "type": "Polygon", "coordinates": [ [ [ -4.981931653502774, 6.298761829554619 ], [ -4.96169196591765, 6.298838324727796 ], [ -4.961768149623523, 6.319089895713755 ], [ -4.98200862198332, 6.319013152675669 ], [ -4.981931653502774, 6.298761829554619 ] ] ] } },
{ "type": "Feature", "properties": { "id": 51946, "nb_points": 3 }, "geometry": { "type": "Polygon", "coordinates": [ [ [ -4.98200862198332, 6.319013152675669 ], [ -4.961768149623523, 6.319089895713755 ], [ -4.961844582826176, 6.339341450054299 ], [ -4.982085842530585, 6.33926445913286 ], [ -4.98200862198332, 6.319013152675669 ] ] ] } },
{ "type": "Feature", "properties": { "id": 52001, "nb_points": 1 }, "geometry": { "type": "Polygon", "coordinates": [ [ [ -4.986631471417339, 7.432808804948964 ], [ -4.966343864505844, 7.432899210659465 ], [ -4.966434098220111, 7.453149768705606 ], [ -4.986722634626037, 7.453059114002764 ], [ -4.986631471417339, 7.432808804948964 ] ] ] } },
{ "type": "Feature", "properties": { "id": 52002, "nb_points": 11 }, "geometry": { "type": "Polygon", "coordinates": [ [ [ -4.986722634626037, 7.453059114002764 ], [ -4.966434098220111, 7.453149768705606 ], [ -4.966524584361014, 7.473400307172399 ], [ -4.986814052861405, 7.473309403455319 ], [ -4.986722634626037, 7.453059114002764 ] ] ] } },
{ "type": "Feature", "properties": { "id": 52199, "nb_points": 1 }, "geometry": { "type": "Polygon", "coordinates": [ [ [ -4.958136359055001, 5.265987367009585 ], [ -4.937933051004888, 5.266050589437744 ], [ -4.937995915734338, 5.286303183905551 ], [ -4.958199878145126, 5.286239717003904 ], [ -4.958136359055001, 5.265987367009585 ] ] ] } },
{ "type": "Feature", "properties": { "id": 52209, "nb_points": 3 }, "geometry": { "type": "Polygon", "coordinates": [ [ [ -4.958782681791951, 5.468510232678084 ], [ -4.938572715461765, 5.468575900531976 ], [ -4.938638029182306, 5.48882835323443 ], [ -4.958848675363734, 5.488762440752434 ], [ -4.958782681791951, 5.468510232678084 ] ] ] } },
{ "type": "Feature", "properties": { "id": 52291, "nb_points": 8 }, "geometry": { "type": "Polygon", "coordinates": [ [ [ -4.96502061174476, 7.129138525943195 ], [ -4.944746384101285, 7.129224311062393 ], [ -4.944831947524428, 7.149475402656227 ], [ -4.965107065785269, 7.149389371414138 ], [ -4.96502061174476, 7.129138525943195 ] ] ] } },
{ "type": "Feature", "properties": { "id": 52292, "nb_points": 4 }, "geometry": { "type": "Polygon", "coordinates": [ [ [ -4.965107065785269, 7.149389371414138 ], [ -4.944831947524428, 7.149475402656227 ], [ -4.944917759947624, 7.169726475474925 ], [ -4.965193771417452, 7.169640198089197 ], [ -4.965107065785269, 7.149389371414138 ] ] ] } },
{ "type": "Feature", "properties": { "id": 52314, "nb_points": 1 }, "geometry": { "type": "Polygon", "coordinates": [ [ [ -4.967072805368378, 7.594903123886313 ], [ -4.946777436838651, 7.594994575190571 ], [ -4.946868741201458, 7.615245221757515 ], [ -4.967165060100504, 7.61515352383756 ], [ -4.967072805368378, 7.594903123886313 ] ] ] } },
{ "type": "Feature", "properties": { "id": 52504, "nb_points": 2 }, "geometry": { "type": "Polygon", "coordinates": [ [ [ -4.937933051004888, 5.266050589437744 ], [ -4.917729498273812, 5.26611315716314 ], [ -4.917791708603397, 5.286365993572825 ], [ -4.937995915734338, 5.286303183905551 ], [ -4.937933051004888, 5.266050589437744 ] ] ] } },
{ "type": "Feature", "properties": { "id": 52505, "nb_points": 9 }, "geometry": { "type": "Polygon", "coordinates": [ [ [ -4.937995915734338, 5.286303183905551 ], [ -4.917791708603397, 5.286365993572825 ], [ -4.917854161105805, 5.30661881605888 ], [ -4.938059025183967, 5.306555764434692 ], [ -4.937995915734338, 5.286303183905551 ] ] ] } },
{ "type": "Feature", "properties": { "id": 52598, "nb_points": 4 }, "geometry": { "type": "Polygon", "coordinates": [ [ [ -4.944917759947624, 7.169726475474925 ], [ -4.92464149942382, 7.169811859418377 ], [ -4.924726665045736, 7.190063157025105 ], [ -4.945003821424824, 7.189977529466261 ], [ -4.944917759947624, 7.169726475474925 ] ] ] } },
{ "type": "Feature", "properties": { "id": 52619, "nb_points": 5 }, "geometry": { "type": "Polygon", "coordinates": [ [ [ -4.946777436838651, 7.594994575190571 ], [ -4.926481818084296, 7.595085079476256 ], [ -4.926572172020239, 7.615335970105182 ], [ -4.946868741201458, 7.615245221757515 ], [ -4.946777436838651, 7.594994575190571 ] ] ] } },
{ "type": "Feature", "properties": { "id": 52630, "nb_points": 5 }, "geometry": { "type": "Polygon", "coordinates": [ [ [ -4.947795559926665, 7.817750580259902 ], [ -4.927489343097321, 7.817843770444063 ], [ -4.927582424649314, 7.838094438740349 ], [ -4.94788962059477, 7.838001004249524 ], [ -4.947795559926665, 7.817750580259902 ] ] ] } },
{ "type": "Feature", "properties": { "id": 52631, "nb_points": 1 }, "geometry": { "type": "Polygon", "coordinates": [ [ [ -4.94788962059477, 7.838001004249524 ], [ -4.927582424649314, 7.838094438740349 ], [ -4.927675754515575, 7.858345086513084 ], [ -4.947983932188915, 7.85825140769298 ], [ -4.94788962059477, 7.838001004249524 ] ] ] } },
{ "type": "Feature", "properties": { "id": 52705, "nb_points": 1 }, "geometry": { "type": "Polygon", "coordinates": [ [ [ -4.95555065149402, 9.336471867799048 ], [ -4.935163709457358, 9.336583447912254 ], [ -4.935275589196649, 9.356832433606167 ], [ -4.955663708064136, 9.356720607318124 ], [ -4.95555065149402, 9.336471867799048 ] ] ] } },
{ "type": "Feature", "properties": { "id": 52903, "nb_points": 1 }, "geometry": { "type": "Polygon", "coordinates": [ [ [ -4.92464149942382, 7.169811859418377 ], [ -4.90436499243838, 7.169896349866371 ], [ -4.904449262151457, 7.19014788853928 ], [ -4.924726665045736, 7.190063157025105 ], [ -4.92464149942382, 7.169811859418377 ] ] ] } },
{ "type": "Feature", "properties": { "id": 52923, "nb_points": 6 }, "geometry": { "type": "Polygon", "coordinates": [ [ [ -4.926391711768513, 7.574834168946985 ], [ -4.906096793273177, 7.574923484671203 ], [ -4.906185951709807, 7.595174636686933 ], [ -4.926481818084296, 7.595085079476256 ], [ -4.926391711768513, 7.574834168946985 ] ] ] } },
{ "type": "Feature", "properties": { "id": 52936, "nb_points": 5 }, "geometry": { "type": "Polygon", "coordinates": [ [ [ -4.927582424649314, 7.838094438740349 ], [ -4.90727498038962, 7.838186895494496 ], [ -4.907367328469093, 7.858437785039847 ], [ -4.927675754515575, 7.858345086513084 ], [ -4.927582424649314, 7.838094438740349 ] ] ] } },
{ "type": "Feature", "properties": { "id": 52937, "nb_points": 1 }, "geometry": { "type": "Polygon", "coordinates": [ [ [ -4.927675754515575, 7.858345086513084 ], [ -4.907367328469093, 7.858437785039847 ], [ -4.907459922309179, 7.87868865403221 ], [ -4.927769332755006, 7.878595713710387 ], [ -4.927675754515575, 7.858345086513084 ] ] ] } },
{ "type": "Feature", "properties": { "id": 52948, "nb_points": 5 }, "geometry": { "type": "Polygon", "coordinates": [ [ [ -4.928718788749289, 8.081100842628079 ], [ -4.908399390482187, 8.081196202147908 ], [ -4.908494691582158, 8.101446841639996 ], [ -4.928815103028009, 8.101351240074282 ], [ -4.928718788749289, 8.081100842628079 ] ] ] } },
{ "type": "Feature", "properties": { "id": 52949, "nb_points": 7 }, "geometry": { "type": "Polygon", "coordinates": [ [ [ -4.928815103028009, 8.101351240074282 ], [ -4.908494691582158, 8.101446841639996 ], [ -4.908590239154808, 8.121697459957987 ], [ -4.928911666399515, 8.121601616323218 ], [ -4.928815103028009, 8.101351240074282 ] ] ] } },
{ "type": "Feature", "properties": { "id": 53010, "nb_points": 9 }, "geometry": { "type": "Polygon", "coordinates": [ [ [ -4.935163709457358, 9.336583447912254 ], [ -4.914776514299548, 9.336693860415682 ], [ -4.914887217136736, 9.35694308970853 ], [ -4.935275589196649, 9.356832433606167 ], [ -4.935163709457358, 9.336583447912254 ] ] ] } },
{ "type": "Feature", "properties": { "id": 53117, "nb_points": 1 }, "geometry": { "type": "Polygon", "coordinates": [ [ [ -4.897711089996, 5.326934255827364 ], [ -4.877505084469525, 5.32699622471007 ], [ -4.877566697230906, 5.347249495567899 ], [ -4.897773364878621, 5.347187289762646 ], [ -4.897711089996, 5.326934255827364 ] ] ] } },
{ "type": "Feature", "properties": { "id": 53118, "nb_points": 11 }, "geometry": { "type": "Polygon", "coordinates": [ [ [ -4.897773364878621, 5.347187289762646 ], [ -4.877566697230906, 5.347249495567899 ], [ -4.877628547184755, 5.367502752373619 ], [ -4.897835879502602, 5.367440309630918 ], [ -4.897773364878621, 5.347187289762646 ] ] ] } },
{ "type": "Feature", "properties": { "id": 53134, "nb_points": 12 }, "geometry": { "type": "Polygon", "coordinates": [ [ [ -4.898802394700724, 5.671233883765565 ], [ -4.878584786178852, 5.671299882396831 ], [ -4.878650436561093, 5.69155290720821 ], [ -4.8988687505927, 5.691486671393288 ], [ -4.898802394700724, 5.671233883765565 ] ] ] } },
{ "type": "Feature", "properties": { "id": 53200, "nb_points": 12 }, "geometry": { "type": "Polygon", "coordinates": [ [ [ -4.903699609605403, 7.007883368551163 ], [ -4.883429933156463, 7.007965058037576 ], [ -4.883511378150615, 7.028216983899287 ], [ -4.903781929835676, 7.028135056055731 ], [ -4.903699609605403, 7.007883368551163 ] ] ] } },
{ "type": "Feature", "properties": { "id": 53219, "nb_points": 11 }, "geometry": { "type": "Polygon", "coordinates": [ [ [ -4.90530538382299, 7.392662230559873 ], [ -4.88501863466735, 7.392748452267035 ], [ -4.885104665955103, 7.413000019595671 ], [ -4.905392339629324, 7.412913559145929 ], [ -4.90530538382299, 7.392662230559873 ] ] ] } },
{ "type": "Feature", "properties": { "id": 53314, "nb_points": 1 }, "geometry": { "type": "Polygon", "coordinates": [ [ [ -4.914666061921172, 9.316444606812608 ], [ -4.894279790614667, 9.316553610640829 ], [ -4.894389068682949, 9.336803105240115 ], [ -4.914776514299548, 9.336693860415682 ], [ -4.914666061921172, 9.316444606812608 ] ] ] } },
{ "type": "Feature", "properties": { "id": 53430, "nb_points": 3 }, "geometry": { "type": "Polygon", "coordinates": [ [ [ -4.878004630120421, 5.489021995163812 ], [ -4.857793018766147, 5.489085177167901 ], [ -4.857855847592136, 5.5093385686436 ], [ -4.878068141510085, 5.509275152129991 ], [ -4.878004630120421, 5.489021995163812 ] ] ] } },
{ "type": "Feature", "properties": { "id": 53461, "nb_points": 10 }, "geometry": { "type": "Polygon", "coordinates": [ [ [ -4.880084106765758, 6.116862894606405 ], [ -4.859850147105089, 6.116933353729526 ], [ -4.859920278447549, 6.137186272582815 ], [ -4.880155000001804, 6.1371155784524 ], [ -4.880084106765758, 6.116862894606405 ] ] ] } },
{ "type": "Feature", "properties": { "id": 53480, "nb_points": 7 }, "geometry": { "type": "Polygon", "coordinates": [ [ [ -4.88147195836821, 6.501661083473355 ], [ -4.861223083410679, 6.50173601069461 ], [ -4.86129771104587, 6.521988614985422 ], [ -4.881547396741284, 6.521913452424362 ], [ -4.88147195836821, 6.501661083473355 ] ] ] } },
{ "type": "Feature", "properties": { "id": 53510, "nb_points": 7 }, "geometry": { "type": "Polygon", "coordinates": [ [ [ -4.883839567780104, 7.109224502807996 ], [ -4.86356524813717, 7.10930649832534 ], [ -4.863647009978115, 7.129558567565188 ], [ -4.883922217858529, 7.129476336140225 ], [ -4.883839567780104, 7.109224502807996 ] ] ] } },
{ "type": "Feature", "properties": { "id": 53620, "nb_points": 1 }, "geometry": { "type": "Polygon", "coordinates": [ [ [ -4.894389068682949, 9.336803105240115 ], [ -4.874001375270103, 9.336911182317081 ], [ -4.874109724092259, 9.357160891079467 ], [ -4.894498594547512, 9.357052575555844 ], [ -4.894389068682949, 9.336803105240115 ] ] ] } },
{ "type": "Feature", "properties": { "id": 53735, "nb_points": 9 }, "geometry": { "type": "Polygon", "coordinates": [ [ [ -4.857793018766147, 5.489085177167901 ], [ -4.837581172498211, 5.489147676453443 ], [ -4.837643318721316, 5.509401299904697 ], [ -4.857855847592136, 5.5093385686436 ], [ -4.857793018766147, 5.489085177167901 ] ] ] } },
{ "type": "Feature", "properties": { "id": 53783, "nb_points": 1 }, "geometry": { "type": "Polygon", "coordinates": [ [ [ -4.861074539270098, 6.461230751085743 ], [ -4.840827041097505, 6.461304403137188 ], [ -4.840900389027275, 6.481557274190044 ], [ -4.861148692834297, 6.481483389377302 ], [ -4.861074539270098, 6.461230751085743 ] ] ] } },
{ "type": "Feature", "properties": { "id": 54054, "nb_points": 3 }, "geometry": { "type": "Polygon", "coordinates": [ [ [ -4.8384723823728, 5.772697071332285 ], [ -4.818250514307907, 5.772762101414119 ], [ -4.818315199313826, 5.793015747538865 ], [ -4.838537785797515, 5.792950487802327 ], [ -4.8384723823728, 5.772697071332285 ] ] ] } },
{ "type": "Feature", "properties": { "id": 54059, "nb_points": 6 }, "geometry": { "type": "Polygon", "coordinates": [ [ [ -4.838801729496157, 5.873964001379862 ], [ -4.818576243744632, 5.874030179892318 ], [ -4.818642081158034, 5.894283749682492 ], [ -4.838868298126938, 5.894217341436497 ], [ -4.838801729496157, 5.873964001379862 ] ] ] } },
{ "type": "Feature", "properties": { "id": 54060, "nb_points": 6 }, "geometry": { "type": "Polygon", "coordinates": [ [ [ -4.838868298126938, 5.894217341436497 ], [ -4.818642081158034, 5.894283749682492 ], [ -4.818708149175799, 5.914537304048693 ], [ -4.838935099923162, 5.914470666053226 ], [ -4.838868298126938, 5.894217341436497 ] ] ] } },
{ "type": "Feature", "properties": { "id": 54065, "nb_points": 4 }, "geometry": { "type": "Polygon", "coordinates": [ [ [ -4.839204639599864, 5.995483809073274 ], [ -4.818974728118719, 5.995551366227127 ], [ -4.819041949780763, 6.015804842688539 ], [ -4.839272607852649, 6.015737055704689 ], [ -4.839204639599864, 5.995483809073274 ] ] ] } },
{ "type": "Feature", "properties": { "id": 54072, "nb_points": 4 }, "geometry": { "type": "Polygon", "coordinates": [ [ [ -4.839685320650382, 6.137256202823544 ], [ -4.81945012917683, 6.137325369131132 ], [ -4.819518967710689, 6.157578734329317 ], [ -4.839754923731787, 6.15750933807662 ], [ -4.839685320650382, 6.137256202823544 ] ] ] } },
{ "type": "Feature", "properties": { "id": 54086, "nb_points": 4 }, "geometry": { "type": "Polygon", "coordinates": [ [ [ -4.840681048366215, 6.420798610370824 ], [ -4.820434919440055, 6.420870997447506 ], [ -4.820506998101053, 6.441124132440375 ], [ -4.84075392755909, 6.441051515180048 ], [ -4.840681048366215, 6.420798610370824 ] ] ] } },
{ "type": "Feature", "properties": { "id": 54099, "nb_points": 12 }, "geometry": { "type": "Polygon", "coordinates": [ [ [ -4.841646770037131, 6.684085043503794 ], [ -4.821390033279173, 6.684160424346319 ], [ -4.82146512854736, 6.704413336423954 ], [ -4.841722699338931, 6.704337725166314 ], [ -4.841646770037131, 6.684085043503794 ] ] ] } },
{ "type": "Feature", "properties": { "id": 54124, "nb_points": 12 }, "geometry": { "type": "Polygon", "coordinates": [ [ [ -4.843615600308938, 7.1903967062888 ], [ -4.823337237286143, 7.190477853102091 ], [ -4.823418156387871, 7.210730311785698 ], [ -4.843697418121796, 7.210648934085008 ], [ -4.843615600308938, 7.1903967062888 ] ] ] } },
{ "type": "Feature", "properties": { "id": 54339, "nb_points": 1 }, "geometry": { "type": "Polygon", "coordinates": [ [ [ -4.817005137043081, 5.367686075569835 ], [ -4.796796871098496, 5.367745848164909 ], [ -4.796856289022542, 5.388000013345476 ], [ -4.817065222338972, 5.387940013930274 ], [ -4.817005137043081, 5.367686075569835 ] ] ] } },
{ "type": "Feature", "properties": { "id": 54358, "nb_points": 9 }, "geometry": { "type": "Polygon", "coordinates": [ [ [ -4.818186059661651, 5.752508440179565 ], [ -4.797964677137821, 5.752572524868342 ], [ -4.79802841588338, 5.77282641320557 ], [ -4.818250514307907, 5.772762101414119 ], [ -4.818186059661651, 5.752508440179565 ] ] ] } },
{ "type": "Feature", "properties": { "id": 54364, "nb_points": 12 }, "geometry": { "type": "Polygon", "coordinates": [ [ [ -4.818576243744632, 5.874030179892318 ], [ -4.798350527429921, 5.874095627429647 ], [ -4.79841563358479, 5.894349424415888 ], [ -4.818642081158034, 5.894283749682492 ], [ -4.818576243744632, 5.874030179892318 ] ] ] } },
{ "type": "Feature", "properties": { "id": 54370, "nb_points": 8 }, "geometry": { "type": "Polygon", "coordinates": [ [ [ -4.818974728118719, 5.995551366227127 ], [ -4.798744585825256, 5.99561817717838 ], [ -4.798811060854518, 6.015871880931257 ], [ -4.819041949780763, 6.015804842688539 ], [ -4.818974728118719, 5.995551366227127 ] ] ] } },
{ "type": "Feature", "properties": { "id": 54391, "nb_points": 7 }, "geometry": { "type": "Polygon", "coordinates": [ [ [ -4.820434919440055, 6.420870997447506 ], [ -4.800188558787553, 6.420942584973927 ], [ -4.800259836871509, 6.441195947608015 ], [ -4.820506998101053, 6.441124132440375 ], [ -4.820434919440055, 6.420870997447506 ] ] ] } },
{ "type": "Feature", "properties": { "id": 54481, "nb_points": 8 }, "geometry": { "type": "Polygon", "coordinates": [ [ [ -4.827855952786549, 8.243579618110905 ], [ -4.807527167445718, 8.243671769173698 ], [ -4.807619270329193, 8.263923410562715 ], [ -4.827949090128821, 8.263831030076799 ], [ -4.827855952786549, 8.243579618110905 ] ] ] } },
{ "type": "Feature", "properties": { "id": 54640, "nb_points": 1 }, "geometry": { "type": "Polygon", "coordinates": [ [ [ -4.796561469357108, 5.286729047501533 ], [ -4.776355620519547, 5.286787255460187 ], [ -4.776413473324017, 5.307041700742668 ], [ -4.796619979372787, 5.306983268553616 ], [ -4.796561469357108, 5.286729047501533 ] ] ] } },
{ "type": "Feature", "properties": { "id": 54643, "nb_points": 1 }, "geometry": { "type": "Polygon", "coordinates": [ [ [ -4.796737680206778, 5.347491668937771 ], [ -4.776529852088756, 5.347550549629654 ], [ -4.776588378121609, 5.367804953129333 ], [ -4.796796871098496, 5.367745848164909 ], [ -4.796737680206778, 5.347491668937771 ] ] ] } },
{ "type": "Feature", "properties": { "id": 54644, "nb_points": 9 }, "geometry": { "type": "Polygon", "coordinates": [ [ [ -4.796796871098496, 5.367745848164909 ], [ -4.776588378121609, 5.367804953129333 ], [ -4.776647128636744, 5.388059342596599 ], [ -4.796856289022542, 5.388000013345476 ], [ -4.796796871098496, 5.367745848164909 ] ] ] } },
{ "type": "Feature", "properties": { "id": 54700, "nb_points": 5 }, "geometry": { "type": "Polygon", "coordinates": [ [ [ -4.800475046487017, 6.501955934397838 ], [ -4.780225238747166, 6.50202762282677 ], [ -4.780296622968133, 6.522281143046258 ], [ -4.800547241629929, 6.522209229450031 ], [ -4.800475046487017, 6.501955934397838 ] ] ] } },
{ "type": "Feature", "properties": { "id": 54782, "nb_points": 2 }, "geometry": { "type": "Polygon", "coordinates": [ [ [ -4.807161093064756, 8.162664989915726 ], [ -4.786836185769604, 8.162755204485633 ], [ -4.786926329889185, 8.183007158025331 ], [ -4.807252261202987, 8.182916716682792 ], [ -4.807161093064756, 8.162664989915726 ] ] ] } },
{ "type": "Feature", "properties": { "id": 54823, "nb_points": 3 }, "geometry": { "type": "Polygon", "coordinates": [ [ [ -4.811091170286545, 8.992967801437731 ], [ -4.790722119766611, 8.99306733228393 ], [ -4.790821782409289, 9.01331837278547 ], [ -4.81119196506656, 9.013218614220122 ], [ -4.811091170286545, 8.992967801437731 ] ] ] } },
{ "type": "Feature", "properties": { "id": 54945, "nb_points": 11 }, "geometry": { "type": "Polygon", "coordinates": [ [ [ -4.776355620519547, 5.286787255460187 ], [ -4.756149547344894, 5.286844805884203 ], [ -4.756206742902077, 5.307099472864149 ], [ -4.776413473324017, 5.307041700742668 ], [ -4.776355620519547, 5.286787255460187 ] ] ] } },
{ "type": "Feature", "properties": { "id": 54948, "nb_points": 1 }, "geometry": { "type": "Polygon", "coordinates": [ [ [ -4.776529852088756, 5.347550549629654 ], [ -4.756321799524982, 5.347608765187625 ], [ -4.756379660662462, 5.367863390426436 ], [ -4.776588378121609, 5.367804953129333 ], [ -4.776529852088756, 5.347550549629654 ] ] ] } },
{ "type": "Feature", "properties": { "id": 54973, "nb_points": 12 }, "geometry": { "type": "Polygon", "coordinates": [ [ [ -4.778060433698678, 5.853906306966111 ], [ -4.757834992718456, 5.853970070326356 ], [ -4.757898413354161, 5.874224329416788 ], [ -4.778124583112792, 5.874160343951201 ], [ -4.778060433698678, 5.853906306966111 ] ] ] } },
{ "type": "Feature", "properties": { "id": 55016, "nb_points": 4 }, "geometry": { "type": "Polygon", "coordinates": [ [ [ -4.781022946698887, 6.724815401203473 ], [ -4.760763849778605, 6.724888729633492 ], [ -4.760836891969866, 6.745142282717142 ], [ -4.78109682822628, 6.745068731472106 ], [ -4.781022946698887, 6.724815401203473 ] ] ] } },
{ "type": "Feature", "properties": { "id": 55050, "nb_points": 12 }, "geometry": { "type": "Polygon", "coordinates": [ [ [ -4.783662720839297, 7.413418457656041 ], [ -4.763373634667094, 7.413499372065306 ], [ -4.763454344041891, 7.433752298984362 ], [ -4.783744357649402, 7.433671161126722 ], [ -4.783662720839297, 7.413418457656041 ] ] ] } },
{ "type": "Feature", "properties": { "id": 55060, "nb_points": 1 }, "geometry": { "type": "Polygon", "coordinates": [ [ [ -4.784489398698879, 7.615944615835898 ], [ -4.764190921057035, 7.616027765617749 ], [ -4.764273896408843, 7.636280497005462 ], [ -4.784573327522738, 7.636197123576695 ], [ -4.784489398698879, 7.615944615835898 ] ] ] } },
{ "type": "Feature", "properties": { "id": 55061, "nb_points": 3 }, "geometry": { "type": "Polygon", "coordinates": [ [ [ -4.784573327522738, 7.636197123576695 ], [ -4.764273896408843, 7.636280497005462 ], [ -4.764357098643626, 7.656533208556612 ], [ -4.784657485836515, 7.656449611460761 ], [ -4.784573327522738, 7.636197123576695 ] ] ] } },
{ "type": "Feature", "properties": { "id": 55087, "nb_points": 1 }, "geometry": { "type": "Polygon", "coordinates": [ [ [ -4.786836185769604, 8.162755204485633 ], [ -4.766511047555684, 8.162844399975816 ], [ -4.766600167599602, 8.183096577726582 ], [ -4.786926329889185, 8.183007158025331 ], [ -4.786836185769604, 8.162755204485633 ] ] ] } },
{ "type": "Feature", "properties": { "id": 55127, "nb_points": 4 }, "geometry": { "type": "Polygon", "coordinates": [ [ [ -4.790622690506577, 8.972816268492036 ], [ -4.77025453615366, 8.972914449901879 ], [ -4.770352835864061, 8.993165738816723 ], [ -4.790722119766611, 8.99306733228393 ], [ -4.790622690506577, 8.972816268492036 ] ] ] } },
{ "type": "Feature", "properties": { "id": 55129, "nb_points": 1 }, "geometry": { "type": "Polygon", "coordinates": [ [ [ -4.790821782409289, 9.01331837278547 ], [ -4.770451366306043, 9.01341700446519 ], [ -4.770550127542245, 9.033668246796415 ], [ -4.790921678497968, 9.033569389945743 ], [ -4.790821782409289, 9.01331837278547 ] ] ] } },
{ "type": "Feature", "properties": { "id": 55273, "nb_points": 1 }, "geometry": { "type": "Polygon", "coordinates": [ [ [ -4.757521231364465, 5.752698546825329 ], [ -4.73729917323151, 5.752760484015288 ], [ -4.73736076403783, 5.773015038440532 ], [ -4.757583538189609, 5.772952881758042 ], [ -4.757521231364465, 5.752698546825329 ] ] ] } },
{ "type": "Feature", "properties": { "id": 55274, "nb_points": 11 }, "geometry": { "type": "Polygon", "coordinates": [ [ [ -4.757583538189609, 5.772952881758042 ], [ -4.73736076403783, 5.773015038440532 ], [ -4.737422574968889, 5.793269577816639 ], [ -4.757646067698437, 5.793207201626711 ], [ -4.757583538189609, 5.772952881758042 ] ] ] } },
{ "type": "Feature", "properties": { "id": 55292, "nb_points": 12 }, "geometry": { "type": "Polygon", "coordinates": [ [ [ -4.758743178365363, 6.137528284027643 ], [ -4.738507077854508, 6.137594394177619 ], [ -4.738572857772172, 6.157848653756801 ], [ -4.758809723000022, 6.157782323821772 ], [ -4.758743178365363, 6.137528284027643 ] ] ] } },
{ "type": "Feature", "properties": { "id": 55322, "nb_points": 5 }, "geometry": { "type": "Polygon", "coordinates": [ [ [ -4.760836891969866, 6.745142282717142 ], [ -4.74057673099254, 6.745214993570774 ], [ -4.740649155940466, 6.765468749378887 ], [ -4.760910158882066, 6.765395818238531 ], [ -4.760836891969866, 6.745142282717142 ] ] ] } },
{ "type": "Feature", "properties": { "id": 55367, "nb_points": 8 }, "geometry": { "type": "Polygon", "coordinates": [ [ [ -4.764357098643626, 7.656533208556612 ], [ -4.744056484515325, 7.656615850481365 ], [ -4.744138954946393, 7.676868763276005 ], [ -4.764440527813846, 7.676785900219695 ], [ -4.764357098643626, 7.656533208556612 ] ] ] } },
{ "type": "Feature", "properties": { "id": 55407, "nb_points": 5 }, "geometry": { "type": "Polygon", "coordinates": [ [ [ -4.767871851098215, 8.466624814425565 ], [ -4.747530846797748, 8.466716317797196 ], [ -4.747622334565222, 8.48696839378978 ], [ -4.767964402425586, 8.486876668441322 ], [ -4.767871851098215, 8.466624814425565 ] ] ] } },
{ "type": "Feature", "properties": { "id": 55432, "nb_points": 2 }, "geometry": { "type": "Polygon", "coordinates": [ [ [ -4.77025453615366, 8.972914449901879 ], [ -4.749886151131671, 8.973011509508783 ], [ -4.749983321229955, 8.993263020974481 ], [ -4.770352835864061, 8.993165738816723 ], [ -4.77025453615366, 8.972914449901879 ] ] ] } },
{ "type": "Feature", "properties": { "id": 55434, "nb_points": 2 }, "geometry": { "type": "Polygon", "coordinates": [ [ [ -4.770451366306043, 9.01341700446519 ], [ -4.750080719408602, 9.013514509197499 ], [ -4.750178345729533, 9.033765974127036 ], [ -4.770550127542245, 9.033668246796415 ], [ -4.770451366306043, 9.01341700446519 ] ] ] } },
{ "type": "Feature", "properties": { "id": 55438, "nb_points": 8 }, "geometry": { "type": "Polygon", "coordinates": [ [ [ -4.770847796644907, 9.094421833378224 ], [ -4.750472594167555, 9.094520228646882 ], [ -4.750571133679914, 9.114771599894675 ], [ -4.770947481687497, 9.114672981932113 ], [ -4.770847796644907, 9.094421833378224 ] ] ] } },
{ "type": "Feature", "properties": { "id": 55550, "nb_points": 12 }, "geometry": { "type": "Polygon", "coordinates": [ [ [ -4.735663848908588, 5.185627062132275 ], [ -4.715460583072375, 5.185682214425364 ], [ -4.7155153809188, 5.205937385587617 ], [ -4.735719291333173, 5.205882016730153 ], [ -4.735663848908588, 5.185627062132275 ] ] ] } },
{ "type": "Feature", "properties": { "id": 55582, "nb_points": 12 }, "geometry": { "type": "Polygon", "coordinates": [ [ [ -4.737546857359856, 5.833778611212829 ], [ -4.717321699555129, 5.833840700403135 ], [ -4.717383444796356, 5.85409541133373 ], [ -4.737609328897433, 5.854033105128612 ], [ -4.737546857359856, 5.833778611212829 ] ] ] } },
{ "type": "Feature", "properties": { "id": 55614, "nb_points": 1 }, "geometry": { "type": "Polygon", "coordinates": [ [ [ -4.739655404935224, 6.481914590362226 ], [ -4.719405733132594, 6.481983631707255 ], [ -4.71947446529315, 6.50223782907293 ], [ -4.739724945574197, 6.502168570208146 ], [ -4.739655404935224, 6.481914590362226 ] ] ] } },
{ "type": "Feature", "properties": { "id": 55622, "nb_points": 3 }, "geometry": { "type": "Polygon", "coordinates": [ [ [ -4.740217937428306, 6.643945952395419 ], [ -4.719961725634775, 6.644016734368074 ], [ -4.720032211238499, 6.664270795036257 ], [ -4.740289252134755, 6.664199795409033 ], [ -4.740217937428306, 6.643945952395419 ] ] ] } },
{ "type": "Feature", "properties": { "id": 55626, "nb_points": 3 }, "geometry": { "type": "Polygon", "coordinates": [ [ [ -4.740504528183246, 6.72496122021791 ], [ -4.720244984494594, 6.725032872911619 ], [ -4.720316347876606, 6.745286863987749 ], [ -4.74057673099254, 6.745214993570774 ], [ -4.740504528183246, 6.72496122021791 ] ] ] } },
{ "type": "Feature", "properties": { "id": 55653, "nb_points": 1 }, "geometry": { "type": "Polygon", "coordinates": [ [ [ -4.742532110186186, 7.271806791135699 ], [ -4.722248993949732, 7.271884328591577 ], [ -4.722326301536259, 7.292137828284148 ], [ -4.74261032711609, 7.292060072618638 ], [ -4.742532110186186, 7.271806791135699 ] ] ] } },
{ "type": "Feature", "properties": { "id": 55696, "nb_points": 1 }, "geometry": { "type": "Polygon", "coordinates": [ [ [ -4.746097810806607, 8.14268015577923 ], [ -4.72577324018902, 8.142767093877088 ], [ -4.725860088864238, 8.16301973349479 ], [ -4.746185681046131, 8.162932576330563 ], [ -4.746097810806607, 8.14268015577923 ] ] ] } },
{ "type": "Feature", "properties": { "id": 55712, "nb_points": 7 }, "geometry": { "type": "Polygon", "coordinates": [ [ [ -4.747530846797748, 8.466716317797196 ], [ -4.727189615973427, 8.4668067635243 ], [ -4.727280040123032, 8.487059058928081 ], [ -4.747622334565222, 8.48696839378978 ], [ -4.747530846797748, 8.466716317797196 ] ] ] } },
{ "type": "Feature", "properties": { "id": 55724, "nb_points": 12 }, "geometry": { "type": "Polygon", "coordinates": [ [ [ -4.748643667270886, 8.709739768503873 ], [ -4.728289499039677, 8.709832848631313 ], [ -4.728382614387958, 8.73008487730349 ], [ -4.748737877889784, 8.729991577496865 ], [ -4.748643667270886, 8.709739768503873 ] ] ] } },
{ "type": "Feature", "properties": { "id": 55743, "nb_points": 4 }, "geometry": { "type": "Polygon", "coordinates": [ [ [ -4.750472594167555, 9.094520228646882 ], [ -4.730097163298723, 9.094617486614261 ], [ -4.73019455721816, 9.114869077982069 ], [ -4.750571133679914, 9.114771599894675 ], [ -4.750472594167555, 9.094520228646882 ] ] ] } },
{ "type": "Feature", "properties": { "id": 55920, "nb_points": 2 }, "geometry": { "type": "Polygon", "coordinates": [ [ [ -4.71947446529315, 6.50223782907293 ], [ -4.699223765984013, 6.502306277996173 ], [ -4.699291906074785, 6.52256067344859 ], [ -4.719543416481818, 6.522492009532832 ], [ -4.71947446529315, 6.50223782907293 ] ] ] } },
{ "type": "Feature", "properties": { "id": 55921, "nb_points": 1 }, "geometry": { "type": "Polygon", "coordinates": [ [ [ -4.719543416481818, 6.522492009532832 ], [ -4.699291906074785, 6.52256067344859 ], [ -4.699360262659996, 6.542815051959909 ], [ -4.719612586741824, 6.542746173035116 ], [ -4.719543416481818, 6.522492009532832 ] ] ] } },
{ "type": "Feature", "properties": { "id": 55926, "nb_points": 7 }, "geometry": { "type": "Polygon", "coordinates": [ [ [ -4.719891459364722, 6.623762656431346 ], [ -4.699635854804508, 6.623832395558575 ], [ -4.699705294507596, 6.644086688587749 ], [ -4.719961725634775, 6.644016734368074 ], [ -4.719891459364722, 6.623762656431346 ] ] ] } },
{ "type": "Feature", "properties": { "id": 55927, "nb_points": 38 }, "geometry": { "type": "Polygon", "coordinates": [ [ [ -4.719961725634775, 6.644016734368074 ], [ -4.699705294507596, 6.644086688587749 ], [ -4.699774950964376, 6.664340964365218 ], [ -4.720032211238499, 6.664270795036257 ], [ -4.719961725634775, 6.644016734368074 ] ] ] } },
{ "type": "Feature", "properties": { "id": 55958, "nb_points": 11 }, "geometry": { "type": "Polygon", "coordinates": [ [ [ -4.722248993949732, 7.271884328591577 ], [ -4.701965656942531, 7.271960959295234 ], [ -4.702042055137028, 7.292214674645684 ], [ -4.722326301536259, 7.292137828284148 ], [ -4.722248993949732, 7.271884328591577 ] ] ] } },
{ "type": "Feature", "properties": { "id": 56012, "nb_points": 12 }, "geometry": { "type": "Polygon", "coordinates": [ [ [ -4.726740852443103, 8.365544959080928 ], [ -4.706404676615478, 8.365633263204366 ], [ -4.70649293136774, 8.38588588431695 ], [ -4.726830157709892, 8.385797363456094 ], [ -4.726740852443103, 8.365544959080928 ] ] ] } },
{ "type": "Feature", "properties": { "id": 56042, "nb_points": 2 }, "geometry": { "type": "Polygon", "coordinates": [ [ [ -4.729517538091115, 8.973107447251969 ], [ -4.709148699682644, 8.973202263071355 ], [ -4.709243610372102, 8.993454211921895 ], [ -4.729613578515512, 8.993359178696281 ], [ -4.729517538091115, 8.973107447251969 ] ] ] } },
{ "type": "Feature", "properties": { "id": 56225, "nb_points": 6 }, "geometry": { "type": "Polygon", "coordinates": [ [ [ -4.699223765984013, 6.502306277996173 ], [ -4.67897285022318, 6.502373916935301 ], [ -4.679040179173337, 6.522628524836194 ], [ -4.699291906074785, 6.52256067344859 ], [ -4.699223765984013, 6.502306277996173 ] ] ] } },
{ "type": "Feature", "properties": { "id": 56226, "nb_points": 2 }, "geometry": { "type": "Polygon", "coordinates": [ [ [ -4.699291906074785, 6.52256067344859 ], [ -4.679040179173337, 6.522628524836194 ], [ -4.679107722040895, 6.542883115812317 ], [ -4.699360262659996, 6.542815051959909 ], [ -4.699291906074785, 6.52256067344859 ] ] ] } },
{ "type": "Feature", "properties": { "id": 56349, "nb_points": 1 }, "geometry": { "type": "Polygon", "coordinates": [ [ [ -4.709338743839029, 9.013706137576332 ], [ -4.688967420471227, 9.013800261102828 ], [ -4.689061641676773, 9.034052378389994 ], [ -4.709434100143913, 9.033958039983977 ], [ -4.709338743839029, 9.013706137576332 ] ] ] } },
{ "type": "Feature", "properties": { "id": 56471, "nb_points": 12 }, "geometry": { "type": "Polygon", "coordinates": [ [ [ -4.675377628463748, 5.307323959963663 ], [ -4.655169814413021, 5.307378431217839 ], [ -4.655223932284329, 5.327634154891751 ], [ -4.675432406306236, 5.327579474593783 ], [ -4.675377628463748, 5.307323959963663 ] ] ] } },
{ "type": "Feature", "properties": { "id": 56571, "nb_points": 12 }, "geometry": { "type": "Polygon", "coordinates": [ [ [ -4.681909214945575, 7.332798411861464 ], [ -4.661622707931022, 7.332873860634271 ], [ -4.661697926419391, 7.353127942889561 ], [ -4.681985350716391, 7.353052283508286 ], [ -4.681909214945575, 7.332798411861464 ] ] ] } },
{ "type": "Feature", "properties": { "id": 56651, "nb_points": 2 }, "geometry": { "type": "Polygon", "coordinates": [ [ [ -4.68868607772906, 8.953043770100745 ], [ -4.668317923741117, 8.953136129656604 ], [ -4.668410357365331, 8.973388528701916 ], [ -4.688779638557064, 8.973295956907563 ], [ -4.68868607772906, 8.953043770100745 ] ] ] } },
{ "type": "Feature", "properties": { "id": 56652, "nb_points": 5 }, "geometry": { "type": "Polygon", "coordinates": [ [ [ -4.688779638557064, 8.973295956907563 ], [ -4.668410357365331, 8.973388528701916 ], [ -4.66850300840462, 8.993640904647201 ], [ -4.688873419451247, 8.993548120591807 ], [ -4.688779638557064, 8.973295956907563 ] ] ] } },
{ "type": "Feature", "properties": { "id": 56653, "nb_points": 2 }, "geometry": { "type": "Polygon", "coordinates": [ [ [ -4.688873419451247, 8.993548120591807 ], [ -4.66850300840462, 8.993640904647201 ], [ -4.668595876917887, 9.013893257441872 ], [ -4.688967420471227, 9.013800261102828 ], [ -4.688873419451247, 8.993548120591807 ] ] ] } },
{ "type": "Feature", "properties": { "id": 56792, "nb_points": 2 }, "geometry": { "type": "Polygon", "coordinates": [ [ [ -4.65606081291364, 5.631468319242819 ], [ -4.635841923450519, 5.631525435959714 ], [ -4.635898690383459, 5.651781138562706 ], [ -4.656118280704869, 5.651723815122834 ], [ -4.65606081291364, 5.631468319242819 ] ] ] } },
{ "type": "Feature", "properties": { "id": 56840, "nb_points": 5 }, "geometry": { "type": "Polygon", "coordinates": [ [ [ -4.65905642324514, 6.603714665271046 ], [ -4.638801000409751, 6.603781721076101 ], [ -4.638867751181748, 6.62403666126155 ], [ -4.659123998133349, 6.623969398016299 ], [ -4.65905642324514, 6.603714665271046 ] ] ] } },
{ "type": "Feature", "properties": { "id": 56872, "nb_points": 4 }, "geometry": { "type": "Polygon", "coordinates": [ [ [ -4.66132396471645, 7.251857342429424 ], [ -4.641040887915945, 7.251931044608194 ], [ -4.641114347265618, 7.272185410418163 ], [ -4.661398331003413, 7.272111500255436 ], [ -4.66132396471645, 7.251857342429424 ] ] ] } },
{ "type": "Feature", "properties": { "id": 56873, "nb_points": 8 }, "geometry": { "type": "Polygon", "coordinates": [ [ [ -4.661398331003413, 7.272111500255436 ], [ -4.641114347265618, 7.272185410418163 ], [ -4.641188016997825, 7.292439757430364 ], [ -4.661472910270181, 7.292365639265835 ], [ -4.661398331003413, 7.272111500255436 ] ] ] } },
{ "type": "Feature", "properties": { "id": 57097, "nb_points": 1 }, "geometry": { "type": "Polygon", "coordinates": [ [ [ -4.635841923450519, 5.631525435959714 ], [ -4.615622826910459, 5.631581851802888 ], [ -4.615678892949656, 5.651837758592216 ], [ -4.635898690383459, 5.651781138562706 ], [ -4.635841923450519, 5.631525435959714 ] ] ] } },
{ "type": "Feature", "properties": { "id": 57145, "nb_points": 7 }, "geometry": { "type": "Polygon", "coordinates": [ [ [ -4.638801000409751, 6.603781721076101 ], [ -4.618545368645344, 6.603847954048192 ], [ -4.618611295259258, 6.624103099128419 ], [ -4.638867751181748, 6.62403666126155 ], [ -4.638801000409751, 6.603781721076101 ] ] ] } },
{ "type": "Feature", "properties": { "id": 57154, "nb_points": 4 }, "geometry": { "type": "Polygon", "coordinates": [ [ [ -4.639409283856209, 6.786075560984216 ], [ -4.61914614174491, 6.786143638589412 ], [ -4.619213927381764, 6.806398627601716 ], [ -4.639477916890032, 6.806330344955954 ], [ -4.639409283856209, 6.786075560984216 ] ] ] } },
{ "type": "Feature", "properties": { "id": 57216, "nb_points": 6 }, "geometry": { "type": "Polygon", "coordinates": [ [ [ -4.644062131111532, 8.041836913644465 ], [ -4.623741541577435, 8.041917736811181 ], [ -4.623822232745134, 8.062171537708698 ], [ -4.644143831000549, 8.06209050838444 ], [ -4.644062131111532, 8.041836913644465 ] ] ] } },
{ "type": "Feature", "properties": { "id": 57432, "nb_points": 3 }, "geometry": { "type": "Polygon", "coordinates": [ [ [ -4.617393935939236, 6.239252471359682 ], [ -4.597152492790443, 6.239314241815756 ], [ -4.597213933467426, 6.259569888573119 ], [ -4.617456154459659, 6.259507916043615 ], [ -4.617393935939236, 6.239252471359682 ] ] ] } },
{ "type": "Feature", "properties": { "id": 57459, "nb_points": 1 }, "geometry": { "type": "Polygon", "coordinates": [ [ [ -4.61914614174491, 6.786143638589412 ], [ -4.598882792907077, 6.786210870403318 ], [ -4.598949731104399, 6.806466061908833 ], [ -4.619213927381764, 6.806398627601716 ], [ -4.61914614174491, 6.786143638589412 ] ] ] } },
{ "type": "Feature", "properties": { "id": 57461, "nb_points": 3 }, "geometry": { "type": "Polygon", "coordinates": [ [ [ -4.619281919787731, 6.82665359901564 ], [ -4.599016873485973, 6.826721235832217 ], [ -4.599084220093957, 6.846976392122048 ], [ -4.619350119005508, 6.846908552779714 ], [ -4.619281919787731, 6.82665359901564 ] ] ] } },
{ "type": "Feature", "properties": { "id": 57470, "nb_points": 9 }, "geometry": { "type": "Polygon", "coordinates": [ [ [ -4.619903163140374, 7.00894754132382 ], [ -4.59963035021167, 7.009017001465025 ], [ -4.59969953677647, 7.029271996740297 ], [ -4.619973225607798, 7.029202333924376 ], [ -4.619903163140374, 7.00894754132382 ] ] ] } },
{ "type": "Feature", "properties": { "id": 57691, "nb_points": 3 }, "geometry": { "type": "Polygon", "coordinates": [ [ [ -4.594545127995776, 5.307537883188295 ], [ -4.574336492934687, 5.307589713137823 ], [ -4.574387970587828, 5.32784624764659 ], [ -4.594597265752654, 5.327794218789649 ], [ -4.594545127995776, 5.307537883188295 ] ] ] } },
{ "type": "Feature", "properties": { "id": 57707, "nb_points": 9 }, "geometry": { "type": "Polygon", "coordinates": [ [ [ -4.595403525850135, 5.631637566737309 ], [ -4.575184022826351, 5.631692580728386 ], [ -4.57523868697344, 5.65194888827996 ], [ -4.595458890960569, 5.651893675176207 ], [ -4.595403525850135, 5.631637566737309 ] ] ] } },
{ "type": "Feature", "properties": { "id": 57708, "nb_points": 1 }, "geometry": { "type": "Polygon", "coordinates": [ [ [ -4.595458890960569, 5.651893675176207 ], [ -4.57523868697344, 5.65194888827996 ], [ -4.575293550561224, 5.672205181206146 ], [ -4.595514458069067, 5.672149768976475 ], [ -4.595458890960569, 5.651893675176207 ] ] ] } },
{ "type": "Feature", "properties": { "id": 57765, "nb_points": 3 }, "geometry": { "type": "Polygon", "coordinates": [ [ [ -4.598949731104399, 6.806466061908833 ], [ -4.578685330642809, 6.806532647835325 ], [ -4.578751622957826, 6.826788021720483 ], [ -4.599016873485973, 6.826721235832217 ], [ -4.598949731104399, 6.806466061908833 ] ] ] } },
{ "type": "Feature", "properties": { "id": 57766, "nb_points": 1 }, "geometry": { "type": "Polygon", "coordinates": [ [ [ -4.599016873485973, 6.826721235832217 ], [ -4.578751622957826, 6.826788021720483 ], [ -4.578818116913723, 6.847043377988181 ], [ -4.599084220093957, 6.846976392122048 ], [ -4.599016873485973, 6.826721235832217 ] ] ] } },
{ "type": "Feature", "properties": { "id": 57777, "nb_points": 3 }, "geometry": { "type": "Polygon", "coordinates": [ [ [ -4.599768927996586, 7.049526973868256 ], [ -4.579494155972902, 7.04959596040919 ], [ -4.57956287076339, 7.069851119496694 ], [ -4.599838523915641, 7.069781932797573 ], [ -4.599768927996586, 7.049526973868256 ] ] ] } },
{ "type": "Feature", "properties": { "id": 57792, "nb_points": 12 }, "geometry": { "type": "Polygon", "coordinates": [ [ [ -4.600834384916555, 7.353349418225101 ], [ -4.580546123544005, 7.353421408914119 ], [ -4.580617875204103, 7.373676289123581 ], [ -4.600907056645041, 7.373604098020763 ], [ -4.600834384916555, 7.353349418225101 ] ] ] } },
{ "type": "Feature", "properties": { "id": 57996, "nb_points": 9 }, "geometry": { "type": "Polygon", "coordinates": [ [ [ -4.574336492934687, 5.307589713137823 ], [ -4.554127658996094, 5.307640882679758 ], [ -4.554178476513381, 5.327897613561528 ], [ -4.574387970587828, 5.32784624764659 ], [ -4.574336492934687, 5.307589713137823 ] ] ] } },
{ "type": "Feature", "properties": { "id": 58013, "nb_points": 11 }, "geometry": { "type": "Polygon", "coordinates": [ [ [ -4.57523868697344, 5.65194888827996 ], [ -4.555018283545642, 5.652003397869189 ], [ -4.555072443578438, 5.672259887384105 ], [ -4.575293550561224, 5.672205181206146 ], [ -4.57523868697344, 5.65194888827996 ] ] ] } },
{ "type": "Feature", "properties": { "id": 58025, "nb_points": 10 }, "geometry": { "type": "Polygon", "coordinates": [ [ [ -4.575910223005458, 5.895023423311028 ], [ -4.555681207996314, 5.895080292841704 ], [ -4.555737733302445, 5.915336602974815 ], [ -4.575967482591238, 5.915279536694759 ], [ -4.575910223005458, 5.895023423311028 ] ] ] } },
{ "type": "Feature", "properties": { "id": 58128, "nb_points": 7 }, "geometry": { "type": "Polygon", "coordinates": [ [ [ -4.582864941631474, 7.981313630196204 ], [ -4.562546741990118, 7.981390845495826 ], [ -4.56262380155816, 8.001645311341715 ], [ -4.582943002211666, 8.001567897624966 ], [ -4.582864941631474, 7.981313630196204 ] ] ] } },
{ "type": "Feature", "properties": { "id": 58141, "nb_points": 6 }, "geometry": { "type": "Polygon", "coordinates": [ [ [ -4.58389567736016, 8.244617486801401 ], [ -4.563564260060747, 8.244697283001393 ], [ -4.563643945079926, 8.264951477559249 ], [ -4.583976397494336, 8.264871482694316 ], [ -4.58389567736016, 8.244617486801401 ] ] ] } },
{ "type": "Feature", "properties": { "id": 58310, "nb_points": 1 }, "geometry": { "type": "Polygon", "coordinates": [ [ [ -4.554592088262695, 5.489950960054373 ], [ -4.534377024624324, 5.490003214144489 ], [ -4.534428927388354, 5.510260013058051 ], [ -4.5546446741667, 5.510207565018431 ], [ -4.554592088262695, 5.489950960054373 ] ] ] } },
{ "type": "Feature", "properties": { "id": 58330, "nb_points": 2 }, "geometry": { "type": "Polygon", "coordinates": [ [ [ -4.555681207996314, 5.895080292841704 ], [ -4.535451995689685, 5.89513642836499 ], [ -4.53550778668082, 5.9153929327081 ], [ -4.555737733302445, 5.915336602974815 ], [ -4.555681207996314, 5.895080292841704 ] ] ] } },
{ "type": "Feature", "properties": { "id": 58338, "nb_points": 12 }, "geometry": { "type": "Polygon", "coordinates": [ [ [ -4.55613893776062, 6.057130343049994 ], [ -4.535903779131408, 6.057188032634637 ], [ -4.535961129265096, 6.077444413365805 ], [ -4.556197042729918, 6.077386529461628 ], [ -4.55613893776062, 6.057130343049994 ] ] ] } },
{ "type": "Feature", "properties": { "id": 58347, "nb_points": 9 }, "geometry": { "type": "Polygon", "coordinates": [ [ [ -4.55666899989184, 6.239435451312272 ], [ -4.53642695528367, 6.239494890277354 ], [ -4.536486062201418, 6.259751128001222 ], [ -4.556728884766998, 6.259691494589728 ], [ -4.55666899989184, 6.239435451312272 ] ] ] } },
{ "type": "Feature", "properties": { "id": 58420, "nb_points": 1 }, "geometry": { "type": "Polygon", "coordinates": [ [ [ -4.5615632968593, 7.718080941338187 ], [ -4.541257671297892, 7.718154615568004 ], [ -4.541331146581802, 7.738409539734118 ], [ -4.561637739206196, 7.738335669884307 ], [ -4.5615632968593, 7.718080941338187 ] ] ] } },
{ "type": "Feature", "properties": { "id": 58433, "nb_points": 5 }, "geometry": { "type": "Polygon", "coordinates": [ [ [ -4.562546741990118, 7.981390845495826 ], [ -4.542228340735619, 7.981467064194248 ], [ -4.542304399242814, 8.001721725896404 ], [ -4.56262380155816, 8.001645311341715 ], [ -4.562546741990118, 7.981390845495826 ] ] ] } },
{ "type": "Feature", "properties": { "id": 58505, "nb_points": 1 }, "geometry": { "type": "Polygon", "coordinates": [ [ [ -4.568613529054533, 9.439656805561656 ], [ -4.548216316185659, 9.43974717621786 ], [ -4.548306836853723, 9.460000229520826 ], [ -4.56870524111664, 9.459909661547334 ], [ -4.568613529054533, 9.439656805561656 ] ] ] } },
{ "type": "Feature", "properties": { "id": 58615, "nb_points": 2 }, "geometry": { "type": "Polygon", "coordinates": [ [ [ -4.534377024624324, 5.490003214144489 ], [ -4.514161766923091, 5.490054784946275 ], [ -4.514212986514743, 5.510311775273237 ], [ -4.534428927388354, 5.510260013058051 ], [ -4.534377024624324, 5.490003214144489 ] ] ] } },
{ "type": "Feature", "properties": { "id": 58680, "nb_points": 9 }, "geometry": { "type": "Polygon", "coordinates": [ [ [ -4.538155927507064, 6.806663274381155 ], [ -4.517890930003293, 6.806727314919169 ], [ -4.517954671871006, 6.826983273402273 ], [ -4.538220519564618, 6.826919040546296 ], [ -4.538155927507064, 6.806663274381155 ] ] ] } },
{ "type": "Feature", "properties": { "id": 58808, "nb_points": 2 }, "geometry": { "type": "Polygon", "coordinates": [ [ [ -4.548035883178922, 9.399240997289613 ], [ -4.527640842411604, 9.399329796840872 ], [ -4.527729771431482, 9.419583093035744 ], [ -4.548125998313258, 9.419494098790775 ], [ -4.548035883178922, 9.399240997289613 ] ] ] } },
{ "type": "Feature", "properties": { "id": 58809, "nb_points": 1 }, "geometry": { "type": "Polygon", "coordinates": [ [ [ -4.548125998313258, 9.419494098790775 ], [ -4.527729771431482, 9.419583093035744 ], [ -4.527818900521143, 9.439836365178282 ], [ -4.548216316185659, 9.43974717621786 ], [ -4.548125998313258, 9.419494098790775 ] ] ] } },
{ "type": "Feature", "properties": { "id": 58919, "nb_points": 9 }, "geometry": { "type": "Polygon", "coordinates": [ [ [ -4.514110738840024, 5.469797780446074 ], [ -4.493895970280162, 5.469848479062533 ], [ -4.493946317713293, 5.490105672427712 ], [ -4.514161766923091, 5.490054784946275 ], [ -4.514110738840024, 5.469797780446074 ] ] ] } },
{ "type": "Feature", "properties": { "id": 58972, "nb_points": 12 }, "geometry": { "type": "Polygon", "coordinates": [ [ [ -4.517079911080647, 6.543398279051009 ], [ -4.496825537632004, 6.543459005407331 ], [ -4.496885945951833, 6.563715377216659 ], [ -4.517141136059676, 6.563654461284863 ], [ -4.517079911080647, 6.543398279051009 ] ] ] } },
{ "type": "Feature", "properties": { "id": 58997, "nb_points": 12 }, "geometry": { "type": "Polygon", "coordinates": [ [ [ -4.518668637624021, 7.049797645805993 ], [ -4.498393072720995, 7.049863116056663 ], [ -4.498458262570734, 7.070119050272571 ], [ -4.518734708771816, 7.070053390065699 ], [ -4.518668637624021, 7.049797645805993 ] ] ] } },
{ "type": "Feature", "properties": { "id": 59001, "nb_points": 12 }, "geometry": { "type": "Polygon", "coordinates": [ [ [ -4.518934088624153, 7.130820513533509 ], [ -4.498654982971259, 7.130886743704234 ], [ -4.498720940192667, 7.151142604939222 ], [ -4.519000937517236, 7.151076184748642 ], [ -4.518934088624153, 7.130820513533509 ] ] ] } },
{ "type": "Feature", "properties": { "id": 59031, "nb_points": 4 }, "geometry": { "type": "Polygon", "coordinates": [ [ [ -4.521024355529787, 7.738482443648289 ], [ -4.500717368661796, 7.73855438158132 ], [ -4.500789102885473, 7.758809669464194 ], [ -4.521097059520343, 7.758737541009675 ], [ -4.521024355529787, 7.738482443648289 ] ] ] } },
{ "type": "Feature", "properties": { "id": 59034, "nb_points": 7 }, "geometry": { "type": "Polygon", "coordinates": [ [ [ -4.521243055133104, 7.799247675928664 ], [ -4.500933151126699, 7.799320185478587 ], [ -4.501005465235174, 7.81957541350857 ], [ -4.521316346847461, 7.819502713384634 ], [ -4.521243055133104, 7.799247675928664 ] ] ] } },
{ "type": "Feature", "properties": { "id": 59221, "nb_points": 12 }, "geometry": { "type": "Polygon", "coordinates": [ [ [ -4.493746061392072, 5.409076814517416 ], [ -4.473533130630591, 5.409126273403479 ], [ -4.473582238369032, 5.429383695234741 ], [ -4.493795842150802, 5.429334050055713 ], [ -4.493746061392072, 5.409076814517416 ] ] ] } },
{ "type": "Feature", "properties": { "id": 59254, "nb_points": 4 }, "geometry": { "type": "Polygon", "coordinates": [ [ [ -4.495488719743809, 6.077557910426088 ], [ -4.475252228822082, 6.07761352351165 ], [ -4.475307501586214, 6.097870456312408 ], [ -4.495544750017353, 6.097814656517103 ], [ -4.495488719743809, 6.077557910426088 ] ] ] } },
{ "type": "Feature", "properties": { "id": 59286, "nb_points": 3 }, "geometry": { "type": "Polygon", "coordinates": [ [ [ -4.497376084291302, 6.725765739374836 ], [ -4.477114076912547, 6.725827334050849 ], [ -4.477175363824233, 6.746083739174018 ], [ -4.497438211132998, 6.74602195733635 ], [ -4.497376084291302, 6.725765739374836 ] ] ] } },
{ "type": "Feature", "properties": { "id": 59369, "nb_points": 8 }, "geometry": { "type": "Polygon", "coordinates": [ [ [ -4.503186886694921, 8.406968097783768 ], [ -4.482846320000244, 8.407045281827823 ], [ -4.482923399766841, 8.427300074804508 ], [ -4.503265022819599, 8.427222702203798 ], [ -4.503186886694921, 8.406968097783768 ] ] ] } },
{ "type": "Feature", "properties": { "id": 59370, "nb_points": 1 }, "geometry": { "type": "Polygon", "coordinates": [ [ [ -4.503265022819599, 8.427222702203798 ], [ -4.482923399766841, 8.427300074804508 ], [ -4.483000671715019, 8.447554846229309 ], [ -4.503343353759505, 8.44747728505315 ], [ -4.503265022819599, 8.427222702203798 ] ] ] } },
{ "type": "Feature", "properties": { "id": 59558, "nb_points": 4 }, "geometry": { "type": "Polygon", "coordinates": [ [ [ -4.475197143408664, 6.057356575067954 ], [ -4.454961220112575, 6.057411246989128 ], [ -4.45501555054966, 6.077668379587915 ], [ -4.475252228822082, 6.07761352351165 ], [ -4.475197143408664, 6.057356575067954 ] ] ] } },
{ "type": "Feature", "properties": { "id": 59559, "nb_points": 4 }, "geometry": { "type": "Polygon", "coordinates": [ [ [ -4.475252228822082, 6.07761352351165 ], [ -4.45501555054966, 6.077668379587915 ], [ -4.455070065769787, 6.097925496556942 ], [ -4.475307501586214, 6.097870456312408 ], [ -4.475252228822082, 6.07761352351165 ] ] ] } },
{ "type": "Feature", "properties": { "id": 59576, "nb_points": 1 }, "geometry": { "type": "Polygon", "coordinates": [ [ [ -4.476217374107011, 6.4219792117569 ], [ -4.455967467991725, 6.422037200523335 ], [ -4.456025129841071, 6.442294043933748 ], [ -4.476275837224566, 6.44223587076803 ], [ -4.476217374107011, 6.4219792117569 ] ] ] } },
{ "type": "Feature", "properties": { "id": 59599, "nb_points": 12 }, "geometry": { "type": "Polygon", "coordinates": [ [ [ -4.477609653949045, 6.887878086778654 ], [ -4.457340665918347, 6.887940320350958 ], [ -4.457402601710317, 6.908196770091175 ], [ -4.477672450397722, 6.908134351786076 ], [ -4.477609653949045, 6.887878086778654 ] ] ] } },
{ "type": "Feature", "properties": { "id": 59674, "nb_points": 3 }, "geometry": { "type": "Polygon", "coordinates": [ [ [ -4.482846320000244, 8.407045281827823 ], [ -4.462505561172845, 8.407121415244109 ], [ -4.462581584532523, 8.427376394210889 ], [ -4.482923399766841, 8.427300074804508 ], [ -4.482846320000244, 8.407045281827823 ] ] ] } },
{ "type": "Feature", "properties": { "id": 59728, "nb_points": 3 }, "geometry": { "type": "Polygon", "coordinates": [ [ [ -4.487284894495532, 9.500772014732622 ], [ -4.466883303586196, 9.500858219325018 ], [ -4.466969634793141, 9.5211119636805 ], [ -4.487372425335796, 9.521025572028655 ], [ -4.487284894495532, 9.500772014732622 ] ] ] } },
{ "type": "Feature", "properties": { "id": 59841, "nb_points": 12 }, "geometry": { "type": "Polygon", "coordinates": [ [ [ -4.453812633045096, 5.611750479538173 ], [ -4.433592486513625, 5.61180040465472 ], [ -4.433642061481214, 5.632058049437625 ], [ -4.453862906648067, 5.632007942982092 ], [ -4.453812633045096, 5.611750479538173 ] ] ] } },
{ "type": "Feature", "properties": { "id": 59846, "nb_points": 12 }, "geometry": { "type": "Polygon", "coordinates": [ [ [ -4.454065841999032, 5.713037651263101 ], [ -4.433842176708358, 5.713088483195222 ], [ -4.433892659510631, 5.733346055033794 ], [ -4.454117036230032, 5.733295041702148 ], [ -4.454065841999032, 5.713037651263101 ] ] ] } },
{ "type": "Feature", "properties": { "id": 59869, "nb_points": 12 }, "geometry": { "type": "Polygon", "coordinates": [ [ [ -4.455289975164908, 6.178953807108273 ], [ -4.435049298531428, 6.179008814405451 ], [ -4.435103967756733, 6.199266034147709 ], [ -4.455345414814428, 6.199210845158182 ], [ -4.455289975164908, 6.178953807108273 ] ] ] } },
{ "type": "Feature", "properties": { "id": 59880, "nb_points": 10 }, "geometry": { "type": "Polygon", "coordinates": [ [ [ -4.455909991521656, 6.40178034061098 ], [ -4.435660698755404, 6.401837347261107 ], [ -4.435717376497181, 6.422094389014215 ], [ -4.455967467991725, 6.422037200523335 ], [ -4.455909991521656, 6.40178034061098 ] ] ] } },
{ "type": "Feature", "properties": { "id": 59881, "nb_points": 1 }, "geometry": { "type": "Polygon", "coordinates": [ [ [ -4.455967467991725, 6.422037200523335 ], [ -4.435717376497181, 6.422094389014215 ], [ -4.435774237042171, 6.442351414279144 ], [ -4.456025129841071, 6.442294043933748 ], [ -4.455967467991725, 6.422037200523335 ] ] ] } },
{ "type": "Feature", "properties": { "id": 60030, "nb_points": 5 }, "geometry": { "type": "Polygon", "coordinates": [ [ [ -4.466625463444818, 9.440096841329018 ], [ -4.446227263289476, 9.440181302954173 ], [ -4.446311826136451, 9.460435304140452 ], [ -4.466711217966932, 9.460350658099465 ], [ -4.466625463444818, 9.440096841329018 ] ] ] } },
{ "type": "Feature", "properties": { "id": 60125, "nb_points": 12 }, "geometry": { "type": "Polygon", "coordinates": [ [ [ -4.432593285923181, 5.186386609195551 ], [ -4.412387039792332, 5.186432083478197 ], [ -4.412432165091584, 5.206690199125828 ], [ -4.432639056270894, 5.206644546280668 ], [ -4.432593285923181, 5.186386609195551 ] ] ] } },
{ "type": "Feature", "properties": { "id": 60186, "nb_points": 1 }, "geometry": { "type": "Polygon", "coordinates": [ [ [ -4.435717376497181, 6.422094389014215 ], [ -4.415467102199444, 6.422150777193965 ], [ -4.415523161404432, 6.442407981768527 ], [ -4.435774237042171, 6.442351414279144 ], [ -4.435717376497181, 6.422094389014215 ] ] ] } },
{ "type": "Feature", "properties": { "id": 60195, "nb_points": 12 }, "geometry": { "type": "Polygon", "coordinates": [ [ [ -4.436235706619957, 6.604407016682618 ], [ -4.415978127459121, 6.604465019142841 ], [ -4.416035810302815, 6.624722073145172 ], [ -4.436294214012062, 6.624663891251206 ], [ -4.436235706619957, 6.604407016682618 ] ] ] } },
{ "type": "Feature", "properties": { "id": 60207, "nb_points": 3 }, "geometry": { "type": "Polygon", "coordinates": [ [ [ -4.4369498923747, 6.847488378281071 ], [ -4.416682248154119, 6.847548534880765 ], [ -4.416742100424465, 6.867805381685423 ], [ -4.437010600203298, 6.867745045480908 ], [ -4.4369498923747, 6.847488378281071 ] ] ] } },
{ "type": "Feature", "properties": { "id": 60208, "nb_points": 9 }, "geometry": { "type": "Polygon", "coordinates": [ [ [ -4.437010600203298, 6.867745045480908 ], [ -4.416742100424465, 6.867805381685423 ], [ -4.416802133721959, 6.888062210892045 ], [ -4.437071491646645, 6.888001695068163 ], [ -4.437010600203298, 6.867745045480908 ] ] ] } },
{ "type": "Feature", "properties": { "id": 60217, "nb_points": 6 }, "geometry": { "type": "Polygon", "coordinates": [ [ [ -4.437565237939947, 7.050054251592883 ], [ -4.417288921629825, 7.050116204900717 ], [ -4.417350585882981, 7.070372873432245 ], [ -4.437627783651797, 7.070310740372118 ], [ -4.437565237939947, 7.050054251592883 ] ] ] } },
{ "type": "Feature", "properties": { "id": 60262, "nb_points": 4 }, "geometry": { "type": "Polygon", "coordinates": [ [ [ -4.440562535337017, 7.961577584052113 ], [ -4.420243978126412, 7.961647641693956 ], [ -4.420313846003512, 7.981903445137486 ], [ -4.440633401934161, 7.981833207024105 ], [ -4.440562535337017, 7.961577584052113 ] ] ] } },
{ "type": "Feature", "properties": { "id": 60281, "nb_points": 12 }, "geometry": { "type": "Polygon", "coordinates": [ [ [ -4.441940833141103, 8.346430882227365 ], [ -4.421602851657999, 8.346504371783801 ], [ -4.421676209500868, 8.366759779219995 ], [ -4.442015239588488, 8.366686108860753 ], [ -4.441940833141103, 8.346430882227365 ] ] ] } },
{ "type": "Feature", "properties": { "id": 60305, "nb_points": 2 }, "geometry": { "type": "Polygon", "coordinates": [ [ [ -4.443778233850768, 8.832550323159705 ], [ -4.423414358055734, 8.832628157014978 ], [ -4.423492148359485, 8.852883038281405 ], [ -4.443857136114721, 8.85280502318119 ], [ -4.443778233850768, 8.832550323159705 ] ] ] } },
{ "type": "Feature", "properties": { "id": 60306, "nb_points": 10 }, "geometry": { "type": "Polygon", "coordinates": [ [ [ -4.443857136114721, 8.85280502318119 ], [ -4.423492148359485, 8.852883038281405 ], [ -4.423570123955045, 8.873137896997308 ], [ -4.44393622631895, 8.873059700633158 ], [ -4.443857136114721, 8.85280502318119 ] ] ] } },
{ "type": "Feature", "properties": { "id": 60437, "nb_points": 12 }, "geometry": { "type": "Polygon", "coordinates": [ [ [ -4.412706662797286, 5.328238609964279 ], [ -4.392495669281388, 5.328284671230189 ], [ -4.392541380554129, 5.348542868152021 ], [ -4.41275303699963, 5.348496630781645 ], [ -4.412706662797286, 5.328238609964279 ] ] ] } },
{ "type": "Feature", "properties": { "id": 60455, "nb_points": 8 }, "geometry": { "type": "Polygon", "coordinates": [ [ [ -4.413568737516039, 5.692880838391144 ], [ -4.393345420457532, 5.692930071267902 ], [ -4.393394303798028, 5.71318801295774 ], [ -4.413618329788135, 5.713138603770479 ], [ -4.413568737516039, 5.692880838391144 ] ] ] } },
{ "type": "Feature", "properties": { "id": 60456, "nb_points": 4 }, "geometry": { "type": "Polygon", "coordinates": [ [ [ -4.413618329788135, 5.713138603770479 ], [ -4.393394303798028, 5.71318801295774 ], [ -4.393443363648646, 5.733445939979674 ], [ -4.413668101130131, 5.733396354470053 ], [ -4.413618329788135, 5.713138603770479 ] ] ] } },
{ "type": "Feature", "properties": { "id": 60521, "nb_points": 6 }, "geometry": { "type": "Polygon", "coordinates": [ [ [ -4.417227438747497, 7.029859518312701 ], [ -4.39695181997141, 7.029920415100676 ], [ -4.397012423948894, 7.05017727887498 ], [ -4.417288921629825, 7.050116204900717 ], [ -4.417227438747497, 7.029859518312701 ] ] ] } },
{ "type": "Feature", "properties": { "id": 60527, "nb_points": 12 }, "geometry": { "type": "Polygon", "coordinates": [ [ [ -4.417599057381191, 7.151399365975662 ], [ -4.397318126275565, 7.151461326103295 ], [ -4.397379803497941, 7.171718080864467 ], [ -4.417661629072497, 7.171655943461465 ], [ -4.417599057381191, 7.151399365975662 ] ] ] } },
{ "type": "Feature", "properties": { "id": 60567, "nb_points": 2 }, "geometry": { "type": "Polygon", "coordinates": [ [ [ -4.420243978126412, 7.961647641693956 ], [ -4.39992523768224, 7.961716704975914 ], [ -4.399994106795143, 7.981972686329524 ], [ -4.420313846003512, 7.981903445137486 ], [ -4.420243978126412, 7.961647641693956 ] ] ] } },
{ "type": "Feature", "properties": { "id": 60569, "nb_points": 6 }, "geometry": { "type": "Polygon", "coordinates": [ [ [ -4.420383897158355, 8.002159228192388 ], [ -4.400063156565944, 8.00222864731129 ], [ -4.400132387038285, 8.022484587870766 ], [ -4.420454131635213, 8.022414990808167 ], [ -4.420383897158355, 8.002159228192388 ] ] ] } },
{ "type": "Feature", "properties": { "id": 60741, "nb_points": 24 }, "geometry": { "type": "Polygon", "coordinates": [ [ [ -4.39245013395762, 5.308026460617572 ], [ -4.372239624899128, 5.30807168511142 ], [ -4.372284499816535, 5.328330069282003 ], [ -4.392495669281388, 5.328284671230189 ], [ -4.39245013395762, 5.308026460617572 ] ] ] } },
{ "type": "Feature", "properties": { "id": 60742, "nb_points": 13 }, "geometry": { "type": "Polygon", "coordinates": [ [ [ -4.392495669281388, 5.328284671230189 ], [ -4.372284499816535, 5.328330069282003 ], [ -4.37232954813115, 5.348588439772684 ], [ -4.392541380554129, 5.348542868152021 ], [ -4.392495669281388, 5.328284671230189 ] ] ] } },
{ "type": "Feature", "properties": { "id": 60768, "nb_points": 9 }, "geometry": { "type": "Polygon", "coordinates": [ [ [ -4.393741431189766, 5.854993191209598 ], [ -4.373512194252529, 5.855043105711231 ], [ -4.373561761084982, 5.875301102486743 ], [ -4.39379172747604, 5.875251014118505 ], [ -4.393741431189766, 5.854993191209598 ] ] ] } },
{ "type": "Feature", "properties": { "id": 60776, "nb_points": 2 }, "geometry": { "type": "Polygon", "coordinates": [ [ [ -4.394148752495381, 6.017055349407797 ], [ -4.373913608124084, 6.017106655181403 ], [ -4.373964569394404, 6.037364529989486 ], [ -4.39420046374035, 6.037313050251868 ], [ -4.394148752495381, 6.017055349407797 ] ] ] } },
{ "type": "Feature", "properties": { "id": 60797, "nb_points": 11 }, "geometry": { "type": "Polygon", "coordinates": [ [ [ -4.395271905504539, 6.442463746366711 ], [ -4.37502047191929, 6.442518708038995 ], [ -4.375075103447808, 6.462776247098609 ], [ -4.395327341019758, 6.462721111193566 ], [ -4.395271905504539, 6.442463746366711 ] ] ] } },
{ "type": "Feature", "properties": { "id": 60851, "nb_points": 2 }, "geometry": { "type": "Polygon", "coordinates": [ [ [ -4.398520642258081, 7.536336480079841 ], [ -4.378222092051179, 7.536400870383025 ], [ -4.378286233287715, 7.556657442888815 ], [ -4.398585727426057, 7.556592877574309 ], [ -4.398520642258081, 7.536336480079841 ] ] ] } },
{ "type": "Feature", "properties": { "id": 60853, "nb_points": 1 }, "geometry": { "type": "Polygon", "coordinates": [ [ [ -4.398650992362875, 7.576849255758304 ], [ -4.378350551686005, 7.57691399609975 ], [ -4.378415047286606, 7.597170529965237 ], [ -4.398716437109689, 7.597105614581192 ], [ -4.398650992362875, 7.576849255758304 ] ] ] } },
{ "type": "Feature", "properties": { "id": 61044, "nb_points": 2 }, "geometry": { "type": "Polygon", "coordinates": [ [ [ -4.372150395144041, 5.267554875936344 ], [ -4.351941025931094, 5.267599097710682 ], [ -4.35198489880614, 5.287857680087801 ], [ -4.372194923350927, 5.287813287312379 ], [ -4.372150395144041, 5.267554875936344 ] ] ] } },
{ "type": "Feature", "properties": { "id": 61047, "nb_points": 11 }, "geometry": { "type": "Polygon", "coordinates": [ [ [ -4.372284499816535, 5.328330069282003 ], [ -4.352073156954496, 5.328374804091545 ], [ -4.352117542282873, 5.348633345615347 ], [ -4.37232954813115, 5.348588439772684 ], [ -4.372284499816535, 5.328330069282003 ] ] ] } },
{ "type": "Feature", "properties": { "id": 61052, "nb_points": 12 }, "geometry": { "type": "Polygon", "coordinates": [ [ [ -4.372511475925529, 5.429621783907566 ], [ -4.352296792605242, 5.429667373990747 ], [ -4.352342032577896, 5.449925846397717 ], [ -4.372557391650036, 5.449880085227187 ], [ -4.372511475925529, 5.429621783907566 ] ] ] } },
{ "type": "Feature", "properties": { "id": 61073, "nb_points": 3 }, "geometry": { "type": "Polygon", "coordinates": [ [ [ -4.373512194252529, 5.855043105711231 ], [ -4.353282783151232, 5.855092290988301 ], [ -4.353331620498869, 5.875350459090344 ], [ -4.373561761084982, 5.875301102486743 ], [ -4.373512194252529, 5.855043105711231 ] ] ] } },
{ "type": "Feature", "properties": { "id": 61081, "nb_points": 10 }, "geometry": { "type": "Polygon", "coordinates": [ [ [ -4.373913608124084, 6.017106655181403 ], [ -4.353678289337632, 6.017157211404935 ], [ -4.353728500601411, 6.037415257635542 ], [ -4.373964569394404, 6.037364529989486 ], [ -4.373913608124084, 6.017106655181403 ] ] ] } },
{ "type": "Feature", "properties": { "id": 61103, "nb_points": 12 }, "geometry": { "type": "Polygon", "coordinates": [ [ [ -4.375075103447808, 6.462776247098609 ], [ -4.354822690733164, 6.462830577498154 ], [ -4.354876690805909, 6.483088271708024 ], [ -4.375129910119039, 6.483033769608055 ], [ -4.375075103447808, 6.462776247098609 ] ] ] } },
{ "type": "Feature", "properties": { "id": 61191, "nb_points": 3 }, "geometry": { "type": "Polygon", "coordinates": [ [ [ -4.380572718122218, 8.245369097017806 ], [ -4.360239396500871, 8.245438591966096 ], [ -4.360308727704135, 8.265694632130574 ], [ -4.380643084915385, 8.265624964163269 ], [ -4.380572718122218, 8.245369097017806 ] ] ] } },
{ "type": "Feature", "properties": { "id": 61349, "nb_points": 10 }, "geometry": { "type": "Polygon", "coordinates": [ [ [ -4.351941025931094, 5.267599097710682 ], [ -4.331731485955274, 5.267642663821535 ], [ -4.331774703471111, 5.287901414664376 ], [ -4.35198489880614, 5.287857680087801 ], [ -4.351941025931094, 5.267599097710682 ] ] ] } },
{ "type": "Feature", "properties": { "id": 61352, "nb_points": 10 }, "geometry": { "type": "Polygon", "coordinates": [ [ [ -4.352073156954496, 5.328374804091545 ], [ -4.331861643247145, 5.328418875631046 ], [ -4.331905365561588, 5.348677585652133 ], [ -4.352117542282873, 5.348633345615347 ], [ -4.352073156954496, 5.328374804091545 ] ] ] } },
{ "type": "Feature", "properties": { "id": 61353, "nb_points": 2 }, "geometry": { "type": "Polygon", "coordinates": [ [ [ -4.352117542282873, 5.348633345615347 ], [ -4.331905365561588, 5.348677585652133 ], [ -4.331949256196657, 5.368936281963234 ], [ -4.352162098484276, 5.368891873418559 ], [ -4.352117542282873, 5.348633345615347 ] ] ] } },
{ "type": "Feature", "properties": { "id": 61408, "nb_points": 12 }, "geometry": { "type": "Polygon", "coordinates": [ [ [ -4.354822690733164, 6.462830577498154 ], [ -4.334570105453355, 6.462884102358397 ], [ -4.334623298893756, 6.483141965722978 ], [ -4.354876690805909, 6.483088271708024 ], [ -4.354822690733164, 6.462830577498154 ] ] ] } },
{ "type": "Feature", "properties": { "id": 61419, "nb_points": 7 }, "geometry": { "type": "Polygon", "coordinates": [ [ [ -4.35542619012306, 6.685664293049937 ], [ -4.335164590005163, 6.685719679329765 ], [ -4.335219655534179, 6.705977357566354 ], [ -4.355482090672193, 6.705921801987341 ], [ -4.35542619012306, 6.685664293049937 ] ] ] } },
{ "type": "Feature", "properties": { "id": 61420, "nb_points": 5 }, "geometry": { "type": "Polygon", "coordinates": [ [ [ -4.355482090672193, 6.705921801987341 ], [ -4.335219655534179, 6.705977357566354 ], [ -4.335274891458265, 6.726235018667722 ], [ -4.355538164200209, 6.72617929377614 ], [ -4.355482090672193, 6.705921801987341 ] ] ] } },
{ "type": "Feature", "properties": { "id": 61457, "nb_points": 12 }, "geometry": { "type": "Polygon", "coordinates": [ [ [ -4.357672320414681, 7.455437148356569 ], [ -4.337377168557373, 7.455498977770583 ], [ -4.337438734412756, 7.475755969180626 ], [ -4.357734819858441, 7.475693969929146 ], [ -4.357672320414681, 7.455437148356569 ] ] ] } },
{ "type": "Feature", "properties": { "id": 61463, "nb_points": 9 }, "geometry": { "type": "Polygon", "coordinates": [ [ [ -4.358049933806842, 7.576977790622634 ], [ -4.337749141333187, 7.577040639287152 ], [ -4.337811738519944, 7.597297515566067 ], [ -4.358113480220559, 7.5972344969735 ], [ -4.358049933806842, 7.576977790622634 ] ] ] } },
{ "type": "Feature", "properties": { "id": 61693, "nb_points": 3 }, "geometry": { "type": "Polygon", "coordinates": [ [ [ -4.333541890466839, 6.057723432817776 ], [ -4.313304727845344, 6.057772822537622 ], [ -4.31335377252247, 6.078031173056432 ], [ -4.333591690348401, 6.077981616973672 ], [ -4.333541890466839, 6.057723432817776 ] ] ] } },
{ "type": "Feature", "properties": { "id": 61744, "nb_points": 6 }, "geometry": { "type": "Polygon", "coordinates": [ [ [ -4.336298315716585, 7.090869930422844 ], [ -4.316019352592107, 7.090927820691411 ], [ -4.31607694590247, 7.111185313591287 ], [ -4.336356795861811, 7.111127256299967 ], [ -4.336298315716585, 7.090869930422844 ] ] ] } },
{ "type": "Feature", "properties": { "id": 61745, "nb_points": 6 }, "geometry": { "type": "Polygon", "coordinates": [ [ [ -4.336356795861811, 7.111127256299967 ], [ -4.31607694590247, 7.111185313591287 ], [ -4.316134707727743, 7.131442788354215 ], [ -4.336415447116694, 7.131384564026127 ], [ -4.336356795861811, 7.111127256299967 ] ] ] } },
{ "type": "Feature", "properties": { "id": 61750, "nb_points": 5 }, "geometry": { "type": "Polygon", "coordinates": [ [ [ -4.336651763972395, 7.212413612407327 ], [ -4.316367440906339, 7.212472505023459 ], [ -4.316426045853424, 7.232729888341975 ], [ -4.336711271331239, 7.232670828618382 ], [ -4.336651763972395, 7.212413612407327 ] ] ] } },
{ "type": "Feature", "properties": { "id": 61751, "nb_points": 7 }, "geometry": { "type": "Polygon", "coordinates": [ [ [ -4.336711271331239, 7.232670828618382 ], [ -4.316426045853424, 7.232729888341975 ], [ -4.316484819535094, 7.252987253219734 ], [ -4.336770950022792, 7.252928026374414 ], [ -4.336711271331239, 7.232670828618382 ] ] ] } },
{ "type": "Feature", "properties": { "id": 61802, "nb_points": 5 }, "geometry": { "type": "Polygon", "coordinates": [ [ [ -4.339974194471173, 8.265763267157942 ], [ -4.319639487845703, 8.265830869202468 ], [ -4.319706918501353, 8.286087226699221 ], [ -4.340042663433173, 8.286019456749834 ], [ -4.339974194471173, 8.265763267157942 ] ] ] } },
{ "type": "Feature", "properties": { "id": 61803, "nb_points": 4 }, "geometry": { "type": "Polygon", "coordinates": [ [ [ -4.340042663433173, 8.286019456749834 ], [ -4.319706918501353, 8.286087226699221 ], [ -4.319774519962905, 8.306343563135886 ], [ -4.340111305831051, 8.306275625265183 ], [ -4.340042663433173, 8.286019456749834 ] ] ] } },
{ "type": "Feature", "properties": { "id": 61839, "nb_points": 9 }, "geometry": { "type": "Polygon", "coordinates": [ [ [ -4.342623399734094, 9.015227855996789 ], [ -4.322248518978729, 9.015301681811945 ], [ -4.322322298849094, 9.035557226785562 ], [ -4.342698315671983, 9.035483232428232 ], [ -4.342623399734094, 9.015227855996789 ] ] ] } },
{ "type": "Feature", "properties": { "id": 61980, "nb_points": 12 }, "geometry": { "type": "Polygon", "coordinates": [ [ [ -4.312450413023017, 5.693119913674682 ], [ -4.292226239162351, 5.693165601853913 ], [ -4.292271577395495, 5.713424387015411 ], [ -4.312496460336072, 5.713378535219652 ], [ -4.312450413023017, 5.693119913674682 ] ] ] } },
{ "type": "Feature", "properties": { "id": 61993, "nb_points": 2 }, "geometry": { "type": "Polygon", "coordinates": [ [ [ -4.313062005480583, 5.956480838592613 ], [ -4.292828413747206, 5.956528654656494 ], [ -4.29287588245284, 5.976787245884699 ], [ -4.313110216585523, 5.976739266058109 ], [ -4.313062005480583, 5.956480838592613 ] ] ] } },
{ "type": "Feature", "properties": { "id": 61998, "nb_points": 9 }, "geometry": { "type": "Polygon", "coordinates": [ [ [ -4.313304727845344, 6.057772822537622 ], [ -4.293067398448462, 6.057821457530721 ], [ -4.293115687890452, 6.078079971870275 ], [ -4.31335377252247, 6.078031173056432 ], [ -4.313304727845344, 6.057772822537622 ] ] ] } },
{ "type": "Feature", "properties": { "id": 62026, "nb_points": 12 }, "geometry": { "type": "Polygon", "coordinates": [ [ [ -4.314741134630769, 6.625000594834998 ], [ -4.294481686142513, 6.625053821374265 ], [ -4.29453458604747, 6.645311881587523 ], [ -4.314794861875489, 6.645258490883861 ], [ -4.314741134630769, 6.625000594834998 ] ] ] } },
{ "type": "Feature", "properties": { "id": 62041, "nb_points": 7 }, "geometry": { "type": "Polygon", "coordinates": [ [ [ -4.315564668321698, 6.928867230644011 ], [ -4.295292538338958, 6.928922921018146 ], [ -4.295347918692866, 6.949180721550502 ], [ -4.315620914807761, 6.949124866814778 ], [ -4.315564668321698, 6.928867230644011 ] ] ] } },
{ "type": "Feature", "properties": { "id": 62107, "nb_points": 5 }, "geometry": { "type": "Polygon", "coordinates": [ [ [ -4.319639487845703, 8.265830869202468 ], [ -4.299304610457044, 8.265897438221884 ], [ -4.299371002763649, 8.286153961057808 ], [ -4.319706918501353, 8.286087226699221 ], [ -4.319639487845703, 8.265830869202468 ] ] ] } },
{ "type": "Feature", "properties": { "id": 62144, "nb_points": 3 }, "geometry": { "type": "Polygon", "coordinates": [ [ [ -4.322248518978729, 9.015301681811945 ], [ -4.301873465804422, 9.015374379499002 ], [ -4.301946109560326, 9.03563009043938 ], [ -4.322322298849094, 9.035557226785562 ], [ -4.322248518978729, 9.015301681811945 ] ] ] } },
{ "type": "Feature", "properties": { "id": 62295, "nb_points": 1 }, "geometry": { "type": "Polygon", "coordinates": [ [ [ -4.292686991858544, 5.895752789828856 ], [ -4.272455447961053, 5.895799380248105 ], [ -4.272501689849339, 5.916058178184274 ], [ -4.292733968479599, 5.916011426577495 ], [ -4.292686991858544, 5.895752789828856 ] ] ] } },
{ "type": "Feature", "properties": { "id": 62297, "nb_points": 2 }, "geometry": { "type": "Polygon", "coordinates": [ [ [ -4.292781109099323, 5.936270048203735 ], [ -4.272548093171342, 5.936316961009273 ], [ -4.272594657956094, 5.95657572867206 ], [ -4.292828413747206, 5.956528654656494 ], [ -4.292781109099323, 5.936270048203735 ] ] ] } },
{ "type": "Feature", "properties": { "id": 62374, "nb_points": 12 }, "geometry": { "type": "Polygon", "coordinates": [ [ [ -4.296905915897273, 7.496134472687829 ], [ -4.276608386585933, 7.496193834667443 ], [ -4.276667479433639, 7.516451282165417 ], [ -4.296965947659153, 7.516391757988217 ], [ -4.296905915897273, 7.496134472687829 ] ] ] } },
{ "type": "Feature", "properties": { "id": 62411, "nb_points": 4 }, "geometry": { "type": "Polygon", "coordinates": [ [ [ -4.299238386284213, 8.245640894392167 ], [ -4.278904376523335, 8.245706267587408 ], [ -4.278969564934628, 8.265962974174579 ], [ -4.299304610457044, 8.265897438221884 ], [ -4.299238386284213, 8.245640894392167 ] ] ] } },
{ "type": "Feature", "properties": { "id": 62412, "nb_points": 2 }, "geometry": { "type": "Polygon", "coordinates": [ [ [ -4.299304610457044, 8.265897438221884 ], [ -4.278969564934628, 8.265962974174579 ], [ -4.279034918850152, 8.286219659783866 ], [ -4.299371002763649, 8.286153961057808 ], [ -4.299304610457044, 8.265897438221884 ] ] ] } },
{ "type": "Feature", "properties": { "id": 62571, "nb_points": 12 }, "geometry": { "type": "Polygon", "coordinates": [ [ [ -4.27118453009978, 5.308287896433041 ], [ -4.250973019100293, 5.30832915627996 ], [ -4.251013931005949, 5.32858852854771 ], [ -4.271226102573621, 5.328547110357813 ], [ -4.27118453009978, 5.308287896433041 ] ] ] } },
{ "type": "Feature", "properties": { "id": 62600, "nb_points": 1 }, "geometry": { "type": "Polygon", "coordinates": [ [ [ -4.272455447961053, 5.895799380248105 ], [ -4.252223742658785, 5.895845236213146 ], [ -4.252269249785376, 5.9161041927959 ], [ -4.272501689849339, 5.916058178184274 ], [ -4.272455447961053, 5.895799380248105 ] ] ] } },
{ "type": "Feature", "properties": { "id": 62601, "nb_points": 1 }, "geometry": { "type": "Polygon", "coordinates": [ [ [ -4.272501689849339, 5.916058178184274 ], [ -4.252269249785376, 5.9161041927959 ], [ -4.252314915780631, 5.936363134278537 ], [ -4.272548093171342, 5.936316961009273 ], [ -4.272501689849339, 5.916058178184274 ] ] ] } },
{ "type": "Feature", "properties": { "id": 62602, "nb_points": 5 }, "geometry": { "type": "Polygon", "coordinates": [ [ [ -4.272548093171342, 5.936316961009273 ], [ -4.252314915780631, 5.936363134278537 ], [ -4.252360740673119, 5.956622060610053 ], [ -4.272594657956094, 5.95657572867206 ], [ -4.272548093171342, 5.936316961009273 ] ] ] } },
{ "type": "Feature", "properties": { "id": 62633, "nb_points": 12 }, "geometry": { "type": "Polygon", "coordinates": [ [ [ -4.27406682990414, 6.564331455255816 ], [ -4.253809520536649, 6.564382552606757 ], [ -4.253860285970694, 6.584640983996041 ], [ -4.274118414998894, 6.584589727613158 ], [ -4.27406682990414, 6.564331455255816 ] ] ] } },
{ "type": "Feature", "properties": { "id": 62641, "nb_points": 2 }, "geometry": { "type": "Polygon", "coordinates": [ [ [ -4.274484060991965, 6.726397161104853 ], [ -4.254220122038233, 6.72644953105919 ], [ -4.254272167296381, 6.746707826793495 ], [ -4.274536946574371, 6.746655297707356 ], [ -4.274484060991965, 6.726397161104853 ] ] ] } },
{ "type": "Feature", "properties": { "id": 62642, "nb_points": 9 }, "geometry": { "type": "Polygon", "coordinates": [ [ [ -4.274536946574371, 6.746655297707356 ], [ -4.254272167296381, 6.746707826793495 ], [ -4.254324372678514, 6.766966105342711 ], [ -4.27458999486606, 6.766913417112112 ], [ -4.274536946574371, 6.746655297707356 ] ] ] } },
{ "type": "Feature", "properties": { "id": 62650, "nb_points": 5 }, "geometry": { "type": "Polygon", "coordinates": [ [ [ -4.274965891579282, 6.908719767148396 ], [ -4.254694296591889, 6.908773569748016 ], [ -4.254747784154827, 6.929031708992462 ], [ -4.275020242753332, 6.928977747145681 ], [ -4.274965891579282, 6.908719767148396 ] ] ] } },
{ "type": "Feature", "properties": { "id": 62716, "nb_points": 1 }, "geometry": { "type": "Polygon", "coordinates": [ [ [ -4.278904376523335, 8.245706267587408 ], [ -4.258570201299518, 8.24577061024061 ], [ -4.258634353908002, 8.266027477019577 ], [ -4.278969564934628, 8.265962974174579 ], [ -4.278904376523335, 8.245706267587408 ] ] ] } },
{ "type": "Feature", "properties": { "id": 62997, "nb_points": 12 }, "geometry": { "type": "Polygon", "coordinates": [ [ [ -4.257079297075008, 7.759599649063296 ], [ -4.236769032007806, 7.759659182628789 ], [ -4.236828314642286, 7.779916694742286 ], [ -4.257139552631132, 7.77985700390866 ], [ -4.257079297075008, 7.759599649063296 ] ] ] } },
{ "type": "Feature", "properties": { "id": 63211, "nb_points": 12 }, "geometry": { "type": "Polygon", "coordinates": [ [ [ -4.232036650852764, 5.916149470383775 ], [ -4.21180389561666, 5.916194010919761 ], [ -4.211848086873176, 5.936453262093911 ], [ -4.232081579492704, 5.936408567982829 ], [ -4.232036650852764, 5.916149470383775 ] ] ] } },
{ "type": "Feature", "properties": { "id": 63212, "nb_points": 12 }, "geometry": { "type": "Polygon", "coordinates": [ [ [ -4.232081579492704, 5.936408567982829 ], [ -4.211848086873176, 5.936453262093911 ], [ -4.211892431895593, 5.956712498138591 ], [ -4.232126664464259, 5.956667650441676 ], [ -4.232081579492704, 5.936408567982829 ] ] ] } },
{ "type": "Feature", "properties": { "id": 63230, "nb_points": 2 }, "geometry": { "type": "Polygon", "coordinates": [ [ [ -4.232917055439994, 6.301069686440256 ], [ -4.212669850726866, 6.30111714677559 ], [ -4.212716968375587, 6.321376101789525 ], [ -4.232964959301424, 6.321328487668641 ], [ -4.232917055439994, 6.301069686440256 ] ] ] } },
{ "type": "Feature", "properties": { "id": 63231, "nb_points": 1 }, "geometry": { "type": "Polygon", "coordinates": [ [ [ -4.232964959301424, 6.321328487668641 ], [ -4.212716968375587, 6.321376101789525 ], [ -4.21276424033427, 6.341635040707764 ], [ -4.233013020047598, 6.341587272789877 ], [ -4.232964959301424, 6.321328487668641 ] ] ] } },
{ "type": "Feature", "properties": { "id": 63243, "nb_points": 10 }, "geometry": { "type": "Polygon", "coordinates": [ [ [ -4.233552051335579, 6.564432831523789 ], [ -4.213294424881647, 6.564482291975619 ], [ -4.213343550899234, 6.584741033787068 ], [ -4.233601997077063, 6.584691419397809 ], [ -4.233552051335579, 6.564432831523789 ] ] ] } },
{ "type": "Feature", "properties": { "id": 63247, "nb_points": 9 }, "geometry": { "type": "Polygon", "coordinates": [ [ [ -4.233752778132668, 6.645467082214132 ], [ -4.213491857293083, 6.645517158487529 ], [ -4.213541602308142, 6.665775832974162 ], [ -4.233803353200059, 6.665725602715309 ], [ -4.233752778132668, 6.645467082214132 ] ] ] } },
{ "type": "Feature", "properties": { "id": 63250, "nb_points": 1 }, "geometry": { "type": "Polygon", "coordinates": [ [ [ -4.233904975598434, 6.706242592757117 ], [ -4.213641556851118, 6.706293131023226 ], [ -4.213691766441785, 6.726551754484377 ], [ -4.233956022993216, 6.726501062196393 ], [ -4.233904975598434, 6.706242592757117 ] ] ] } },
{ "type": "Feature", "properties": { "id": 63267, "nb_points": 1 }, "geometry": { "type": "Polygon", "coordinates": [ [ [ -4.234794224291313, 7.050634210209246 ], [ -4.214516210954825, 7.05068736853472 ], [ -4.214569058579695, 7.07094569425149 ], [ -4.234847953737725, 7.070892381691254 ], [ -4.234794224291313, 7.050634210209246 ] ] ] } },
{ "type": "Feature", "properties": { "id": 63516, "nb_points": 12 }, "geometry": { "type": "Polygon", "coordinates": [ [ [ -4.21180389561666, 5.916194010919761 ], [ -4.191570986642317, 5.916237814376173 ], [ -4.191614440487765, 5.936497216584005 ], [ -4.211848086873176, 5.936453262093911 ], [ -4.21180389561666, 5.916194010919761 ] ] ] } },
{ "type": "Feature", "properties": { "id": 63536, "nb_points": 3 }, "geometry": { "type": "Polygon", "coordinates": [ [ [ -4.212716968375587, 6.321376101789525 ], [ -4.192468823139806, 6.321422927968091 ], [ -4.192515306281371, 6.341682018138251 ], [ -4.21276424033427, 6.341635040707764 ], [ -4.212716968375587, 6.321376101789525 ] ] ] } },
{ "type": "Feature", "properties": { "id": 63537, "nb_points": 1 }, "geometry": { "type": "Polygon", "coordinates": [ [ [ -4.21276424033427, 6.341635040707764 ], [ -4.192515306281371, 6.341682018138251 ], [ -4.192561941187146, 6.361941092173242 ], [ -4.212811666632541, 6.361893963479531 ], [ -4.21276424033427, 6.341635040707764 ] ] ] } },
{ "type": "Feature", "properties": { "id": 63552, "nb_points": 15 }, "geometry": { "type": "Polygon", "coordinates": [ [ [ -4.213491857293083, 6.645517158487529 ], [ -4.193230781657561, 6.645566406074137 ], [ -4.193279696589063, 6.665825231998028 ], [ -4.213541602308142, 6.665775832974162 ], [ -4.213491857293083, 6.645517158487529 ] ] ] } },
{ "type": "Feature", "properties": { "id": 63571, "nb_points": 4 }, "geometry": { "type": "Polygon", "coordinates": [ [ [ -4.214463518769499, 7.03042902489929 ], [ -4.194186229254553, 7.030481151865478 ], [ -4.19423804217881, 7.050739647170735 ], [ -4.214516210954825, 7.05068736853472 ], [ -4.214463518769499, 7.03042902489929 ] ] ] } },
{ "type": "Feature", "properties": { "id": 63572, "nb_points": 3 }, "geometry": { "type": "Polygon", "coordinates": [ [ [ -4.214516210954825, 7.05068736853472 ], [ -4.19423804217881, 7.050739647170735 ], [ -4.194290007948899, 7.07099812456995 ], [ -4.214569058579695, 7.07094569425149 ], [ -4.214516210954825, 7.05068736853472 ] ] ] } },
{ "type": "Feature", "properties": { "id": 63573, "nb_points": 3 }, "geometry": { "type": "Polygon", "coordinates": [ [ [ -4.214569058579695, 7.07094569425149 ], [ -4.194290007948899, 7.07099812456995 ], [ -4.194342126597504, 7.091256584012681 ], [ -4.214622061677347, 7.091204001999121 ], [ -4.214569058579695, 7.07094569425149 ] ] ] } },
{ "type": "Feature", "properties": { "id": 63841, "nb_points": 1 }, "geometry": { "type": "Polygon", "coordinates": [ [ [ -4.192468823139806, 6.321422927968091 ], [ -4.172220526168965, 6.321468966175215 ], [ -4.172266220464278, 6.341728205052116 ], [ -4.192515306281371, 6.341682018138251 ], [ -4.192468823139806, 6.321422927968091 ] ] ] } },
{ "type": "Feature", "properties": { "id": 63842, "nb_points": 2 }, "geometry": { "type": "Polygon", "coordinates": [ [ [ -4.192515306281371, 6.341682018138251 ], [ -4.172266220464278, 6.341728205052116 ], [ -4.172312063948326, 6.361987427804962 ], [ -4.192561941187146, 6.361941092173242 ], [ -4.192515306281371, 6.341682018138251 ] ] ] } },
{ "type": "Feature", "properties": { "id": 63857, "nb_points": 2 }, "geometry": { "type": "Polygon", "coordinates": [ [ [ -4.193230781657561, 6.645566406074137 ], [ -4.172969553809084, 6.645614824943296 ], [ -4.173017638626329, 6.665873799756152 ], [ -4.193279696589063, 6.665825231998028 ], [ -4.193230781657561, 6.645566406074137 ] ] ] } },
{ "type": "Feature", "properties": { "id": 63877, "nb_points": 1 }, "geometry": { "type": "Polygon", "coordinates": [ [ [ -4.19423804217881, 7.050739647170735 ], [ -4.173959720556981, 7.050791046084712 ], [ -4.174010804439604, 7.07104967261396 ], [ -4.194290007948899, 7.07099812456995 ], [ -4.19423804217881, 7.050739647170735 ] ] ] } },
{ "type": "Feature", "properties": { "id": 63888, "nb_points": 3 }, "geometry": { "type": "Polygon", "coordinates": [ [ [ -4.194818079410469, 7.273581902636009 ], [ -4.174529914244097, 7.273634942670808 ], [ -4.174582653041107, 7.293893369044977 ], [ -4.194871728663824, 7.293840179741231 ], [ -4.194818079410469, 7.273581902636009 ] ] ] } },
{ "type": "Feature", "properties": { "id": 64104, "nb_points": 12 }, "geometry": { "type": "Polygon", "coordinates": [ [ [ -4.170435716903502, 5.470567045872734 ], [ -4.150218084093964, 5.470606166685453 ], [ -4.15025685601567, 5.490866182629481 ], [ -4.170475169951732, 5.490826916081631 ], [ -4.170435716903502, 5.470567045872734 ] ] ] } },
{ "type": "Feature", "properties": { "id": 64121, "nb_points": 12 }, "geometry": { "type": "Polygon", "coordinates": [ [ [ -4.171126573039706, 5.81498290237797 ], [ -4.150897013135903, 5.81502450199299 ], [ -4.150938262129366, 5.835284273372769 ], [ -4.171168546674992, 5.835242527857664 ], [ -4.171126573039706, 5.81498290237797 ] ] ] } },
{ "type": "Feature", "properties": { "id": 64146, "nb_points": 2 }, "geometry": { "type": "Polygon", "coordinates": [ [ [ -4.172220526168965, 6.321468966175215 ], [ -4.151972080038044, 6.321514216382254 ], [ -4.152016985458467, 6.341773601420626 ], [ -4.172266220464278, 6.341728205052116 ], [ -4.172220526168965, 6.321468966175215 ] ] ] } },
{ "type": "Feature", "properties": { "id": 64167, "nb_points": 12 }, "geometry": { "type": "Polygon", "coordinates": [ [ [ -4.173211474799284, 6.746909529159441 ], [ -4.152945920756487, 6.746957851099282 ], [ -4.152993911109663, 6.767216887133739 ], [ -4.173260308220644, 6.767168418795448 ], [ -4.173211474799284, 6.746909529159441 ] ] ] } },
{ "type": "Feature", "properties": { "id": 64193, "nb_points": 9 }, "geometry": { "type": "Polygon", "coordinates": [ [ [ -4.174529914244097, 7.273634942670808 ], [ -4.154241598466893, 7.273687074862153 ], [ -4.154293426774348, 7.293945647950385 ], [ -4.174582653041107, 7.293893369044977 ], [ -4.174529914244097, 7.273634942670808 ] ] ] } },
{ "type": "Feature", "properties": { "id": 64272, "nb_points": 1 }, "geometry": { "type": "Polygon", "coordinates": [ [ [ -4.179163196748867, 8.873989669933248 ], [ -4.1587948916267, 8.874053434376496 ], [ -4.158858523949656, 8.894310392991803 ], [ -4.179227946920077, 8.894246480722442 ], [ -4.179163196748867, 8.873989669933248 ] ] ] } },
{ "type": "Feature", "properties": { "id": 64402, "nb_points": 4 }, "geometry": { "type": "Polygon", "coordinates": [ [ [ -4.149950752954276, 5.328785667956778 ], [ -4.129737671170182, 5.328823105359171 ], [ -4.129774761912865, 5.349083360859733 ], [ -4.149988506965132, 5.349045780323952 ], [ -4.149950752954276, 5.328785667956778 ] ] ] } },
{ "type": "Feature", "properties": { "id": 64435, "nb_points": 12 }, "geometry": { "type": "Polygon", "coordinates": [ [ [ -4.15127351002381, 5.997361905750914 ], [ -4.131037189863838, 5.997404071502865 ], [ -4.131079005478806, 6.017663850904476 ], [ -4.151316073397205, 6.017621541703339 ], [ -4.15127351002381, 5.997361905750914 ] ] ] } },
{ "type": "Feature", "properties": { "id": 64536, "nb_points": 12 }, "geometry": { "type": "Polygon", "coordinates": [ [ [ -4.156315431965598, 8.043499433638063 ], [ -4.13599053502177, 8.043556145029733 ], [ -4.136047003040631, 8.063814125070492 ], [ -4.15637290975413, 8.063757269022613 ], [ -4.156315431965598, 8.043499433638063 ] ] ] } },
{ "type": "Feature", "properties": { "id": 64577, "nb_points": 2 }, "geometry": { "type": "Polygon", "coordinates": [ [ [ -4.1587948916267, 8.874053434376496 ], [ -4.138426435613135, 8.874116088372919 ], [ -4.138488950047386, 8.894373192240028 ], [ -4.158858523949656, 8.894310392991803 ], [ -4.1587948916267, 8.874053434376496 ] ] ] } },
{ "type": "Feature", "properties": { "id": 64620, "nb_points": 6 }, "geometry": { "type": "Polygon", "coordinates": [ [ [ -4.161667885988143, 9.745081793847085 ], [ -4.141248957485391, 9.745150707950252 ], [ -4.141317885187736, 9.765406803595361 ], [ -4.161738046256855, 9.765337743548583 ], [ -4.161667885988143, 9.745081793847085 ] ] ] } },
{ "type": "Feature", "properties": { "id": 64707, "nb_points": 26 }, "geometry": { "type": "Polygon", "coordinates": [ [ [ -4.129737671170182, 5.328823105359171 ], [ -4.109524446618246, 5.328859879213232 ], [ -4.109560874069606, 5.349120275310273 ], [ -4.129774761912865, 5.349083360859733 ], [ -4.129737671170182, 5.328823105359171 ] ] ] } },
{ "type": "Feature", "properties": { "id": 64774, "nb_points": 12 }, "geometry": { "type": "Polygon", "coordinates": [ [ [ -4.132539645295672, 6.686227689388832 ], [ -4.112276313316841, 6.686273904425005 ], [ -4.112322191458369, 6.706533276762916 ], [ -4.13258635880875, 6.706486920460977 ], [ -4.132539645295672, 6.686227689388832 ] ] ] } },
{ "type": "Feature", "properties": { "id": 64777, "nb_points": 5 }, "geometry": { "type": "Polygon", "coordinates": [ [ [ -4.132680219517736, 6.747005331517496 ], [ -4.112414373668924, 6.747051970384517 ], [ -4.112460677795838, 6.767311291567324 ], [ -4.132727366772586, 6.767264511400916 ], [ -4.132680219517736, 6.747005331517496 ] ] ] } },
{ "type": "Feature", "properties": { "id": 64882, "nb_points": 9 }, "geometry": { "type": "Polygon", "coordinates": [ [ [ -4.138426435613135, 8.874116088372919 ], [ -4.118057831358923, 8.874177631883279 ], [ -4.118119227864731, 8.89443487842777 ], [ -4.138488950047386, 8.894373192240028 ], [ -4.138426435613135, 8.874116088372919 ] ] ] } },
{ "type": "Feature", "properties": { "id": 64925, "nb_points": 6 }, "geometry": { "type": "Polygon", "coordinates": [ [ [ -4.141248957485391, 9.745150707950252 ], [ -4.120829878942578, 9.745218400614867 ], [ -4.12089757403448, 9.765474639616926 ], [ -4.141317885187736, 9.765406803595361 ], [ -4.141248957485391, 9.745150707950252 ] ] ] } },
{ "type": "Feature", "properties": { "id": 65011, "nb_points": 17 }, "geometry": { "type": "Polygon", "coordinates": [ [ [ -4.109488159381669, 5.308599469563269 ], [ -4.089275455375861, 5.308635441795343 ], [ -4.089311081851545, 5.32889598949613 ], [ -4.109524446618246, 5.328859879213232 ], [ -4.109488159381669, 5.308599469563269 ] ] ] } },
{ "type": "Feature", "properties": { "id": 65012, "nb_points": 13 }, "geometry": { "type": "Polygon", "coordinates": [ [ [ -4.109524446618246, 5.328859879213232 ], [ -4.089311081851545, 5.32889598949613 ], [ -4.089346845988845, 5.349156523652653 ], [ -4.109560874069606, 5.349120275310273 ], [ -4.109524446618246, 5.328859879213232 ] ] ] } },
{ "type": "Feature", "properties": { "id": 65013, "nb_points": 24 }, "geometry": { "type": "Polygon", "coordinates": [ [ [ -4.109560874069606, 5.349120275310273 ], [ -4.089346845988845, 5.349156523652653 ], [ -4.089382747810085, 5.369417044213991 ], [ -4.109597441758482, 5.369380657803441 ], [ -4.109560874069606, 5.349120275310273 ] ] ] } },
{ "type": "Feature", "properties": { "id": 65014, "nb_points": 12 }, "geometry": { "type": "Polygon", "coordinates": [ [ [ -4.109597441758482, 5.369380657803441 ], [ -4.089382747810085, 5.369417044213991 ], [ -4.089418787337673, 5.389677551129238 ], [ -4.109634149707703, 5.389641026641795 ], [ -4.109597441758482, 5.369380657803441 ] ] ] } },
{ "type": "Feature", "properties": { "id": 65077, "nb_points": 12 }, "geometry": { "type": "Polygon", "coordinates": [ [ [ -4.112184982817257, 6.64575510894723 ], [ -4.091923171948763, 6.64580021265032 ], [ -4.091967936012346, 6.666059757534247 ], [ -4.112230577112707, 6.66601451513629 ], [ -4.112184982817257, 6.64575510894723 ] ] ] } },
{ "type": "Feature", "properties": { "id": 65082, "nb_points": 7 }, "geometry": { "type": "Polygon", "coordinates": [ [ [ -4.112414373668924, 6.747051970384517 ], [ -4.092148385796041, 6.747097767671304 ], [ -4.092193846765937, 6.767357227603829 ], [ -4.112460677795838, 6.767311291567324 ], [ -4.112414373668924, 6.747051970384517 ] ] ] } },
{ "type": "Feature", "properties": { "id": 65316, "nb_points": 36 }, "geometry": { "type": "Polygon", "coordinates": [ [ [ -4.089275455375861, 5.308635441795343 ], [ -4.069062613730687, 5.308670752970762 ], [ -4.069097579423242, 5.328931436185448 ], [ -4.089311081851545, 5.32889598949613 ], [ -4.089275455375861, 5.308635441795343 ] ] ] } },
{ "type": "Feature", "properties": { "id": 65317, "nb_points": 82 }, "geometry": { "type": "Polygon", "coordinates": [ [ [ -4.089311081851545, 5.32889598949613 ], [ -4.069097579423242, 5.328931436185448 ], [ -4.069132680224159, 5.349192105864365 ], [ -4.089346845988845, 5.349156523652653 ], [ -4.089311081851545, 5.32889598949613 ] ] ] } },
{ "type": "Feature", "properties": { "id": 65318, "nb_points": 17 }, "geometry": { "type": "Polygon", "coordinates": [ [ [ -4.089346845988845, 5.349156523652653 ], [ -4.069132680224159, 5.349192105864365 ], [ -4.069167916155351, 5.369452761956629 ], [ -4.089382747810085, 5.369417044213991 ], [ -4.089346845988845, 5.349156523652653 ] ] ] } },
{ "type": "Feature", "properties": { "id": 65388, "nb_points": 12 }, "geometry": { "type": "Polygon", "coordinates": [ [ [ -4.092193846765937, 6.767357227603829 ], [ -4.071926876269494, 6.767402319481823 ], [ -4.071971630933679, 6.787661898483689 ], [ -4.092239447202393, 6.787616670394859 ], [ -4.092193846765937, 6.767357227603829 ] ] ] } },
{ "type": "Feature", "properties": { "id": 65392, "nb_points": 11 }, "geometry": { "type": "Polygon", "coordinates": [ [ [ -4.092377085597986, 6.848394895415153 ], [ -4.072106716486942, 6.84844053220205 ], [ -4.072152018952566, 6.868700042177974 ], [ -4.092423244188008, 6.868654269136423 ], [ -4.092377085597986, 6.848394895415153 ] ] ] } },
{ "type": "Feature", "properties": { "id": 65423, "nb_points": 3 }, "geometry": { "type": "Polygon", "coordinates": [ [ [ -4.093873054500748, 7.476427166843535 ], [ -4.073574938999003, 7.476477032810782 ], [ -4.073624502805502, 7.496735980579895 ], [ -4.09392355496046, 7.496685977999963 ], [ -4.093873054500748, 7.476427166843535 ] ] ] } },
{ "type": "Feature", "properties": { "id": 65621, "nb_points": 24 }, "geometry": { "type": "Polygon", "coordinates": [ [ [ -4.069062613730687, 5.308670752970762 ], [ -4.048849636998987, 5.3087054030676 ], [ -4.048883941886588, 5.328966219259176 ], [ -4.069097579423242, 5.328931436185448 ], [ -4.069062613730687, 5.308670752970762 ] ] ] } },
{ "type": "Feature", "properties": { "id": 65622, "nb_points": 12 }, "geometry": { "type": "Polygon", "coordinates": [ [ [ -4.069097579423242, 5.328931436185448 ], [ -4.048883941886588, 5.328966219259176 ], [ -4.048918379329216, 5.349227021923319 ], [ -4.069132680224159, 5.349192105864365 ], [ -4.069097579423242, 5.328931436185448 ] ] ] } },
{ "type": "Feature", "properties": { "id": 65623, "nb_points": 8 }, "geometry": { "type": "Polygon", "coordinates": [ [ [ -4.069132680224159, 5.349192105864365 ], [ -4.048918379329216, 5.349227021923319 ], [ -4.048952949348364, 5.369487811009182 ], [ -4.069167916155351, 5.369452761956629 ], [ -4.069132680224159, 5.349192105864365 ] ] ] } },
{ "type": "Feature", "properties": { "id": 65627, "nb_points": 24 }, "geometry": { "type": "Polygon", "coordinates": [ [ [ -4.069274434950943, 5.430234648204783 ], [ -4.049057455081152, 5.430270096288677 ], [ -4.049092555623026, 5.450530830553042 ], [ -4.069310211624038, 5.450495249441742 ], [ -4.069274434950943, 5.430234648204783 ] ] ] } },
{ "type": "Feature", "properties": { "id": 65628, "nb_points": 12 }, "geometry": { "type": "Polygon", "coordinates": [ [ [ -4.069310211624038, 5.450495249441742 ], [ -4.049092555623026, 5.450530830553042 ], [ -4.049127788850163, 5.470791550984972 ], [ -4.069346123538242, 5.470755836837734 ], [ -4.069310211624038, 5.450495249441742 ] ] ] } },
{ "type": "Feature", "properties": { "id": 65629, "nb_points": 12 }, "geometry": { "type": "Polygon", "coordinates": [ [ [ -4.069346123538242, 5.470755836837734 ], [ -4.049127788850163, 5.470791550984972 ], [ -4.049163154784568, 5.491052257533655 ], [ -4.069382170715981, 5.491016410341913 ], [ -4.069346123538242, 5.470755836837734 ] ] ] } },
{ "type": "Feature", "properties": { "id": 65637, "nb_points": 12 }, "geometry": { "type": "Polygon", "coordinates": [ [ [ -4.069638290241054, 5.632840031631057 ], [ -4.049414433994865, 5.632876810376911 ], [ -4.049450862389658, 5.653137404031266 ], [ -4.069675420344771, 5.653100492171211 ], [ -4.069638290241054, 5.632840031631057 ] ] ] } },
{ "type": "Feature", "properties": { "id": 65659, "nb_points": 12 }, "geometry": { "type": "Polygon", "coordinates": [ [ [ -4.070486482422517, 6.078566770733616 ], [ -4.050246596495359, 6.078606480088623 ], [ -4.050285954300019, 6.098866746547499 ], [ -4.070526598363585, 6.098826903875847 ], [ -4.070486482422517, 6.078566770733616 ] ] ] } },
{ "type": "Feature", "properties": { "id": 65697, "nb_points": 1 }, "geometry": { "type": "Polygon", "coordinates": [ [ [ -4.072106716486942, 6.84844053220205 ], [ -4.051836210383075, 6.84848531460095 ], [ -4.051880656695832, 6.868744958280664 ], [ -4.072152018952566, 6.868700042177974 ], [ -4.072106716486942, 6.84844053220205 ] ] ] } },
{ "type": "Feature", "properties": { "id": 65699, "nb_points": 8 }, "geometry": { "type": "Polygon", "coordinates": [ [ [ -4.072197458439495, 6.888959534771593 ], [ -4.051925237440436, 6.889004584588908 ], [ -4.051969952644902, 6.909264193475407 ], [ -4.072243034976286, 6.909219009932599 ], [ -4.072197458439495, 6.888959534771593 ] ] ] } },
{ "type": "Feature", "properties": { "id": 65700, "nb_points": 4 }, "geometry": { "type": "Polygon", "coordinates": [ [ [ -4.072243034976286, 6.909219009932599 ], [ -4.051969952644902, 6.909264193475407 ], [ -4.052014802337336, 6.929523784889888 ], [ -4.072288748591586, 6.929478467610689 ], [ -4.072243034976286, 6.909219009932599 ] ] ] } },
{ "type": "Feature", "properties": { "id": 65926, "nb_points": 36 }, "geometry": { "type": "Polygon", "coordinates": [ [ [ -4.048849636998987, 5.3087054030676 ], [ -4.028636527733685, 5.308739392064349 ], [ -4.028670171794923, 5.329000338695717 ], [ -4.048883941886588, 5.328966219259176 ], [ -4.048849636998987, 5.3087054030676 ] ] ] } },
{ "type": "Feature", "properties": { "id": 65927, "nb_points": 56 }, "geometry": { "type": "Polygon", "coordinates": [ [ [ -4.048883941886588, 5.328966219259176 ], [ -4.028670171794923, 5.329000338695717 ], [ -4.028703945857765, 5.349261271807836 ], [ -4.048918379329216, 5.349227021923319 ], [ -4.048883941886588, 5.328966219259176 ] ] ] } },
{ "type": "Feature", "properties": { "id": 65928, "nb_points": 4 }, "geometry": { "type": "Polygon", "coordinates": [ [ [ -4.048918379329216, 5.349227021923319 ], [ -4.028703945857765, 5.349261271807836 ], [ -4.02873784994329, 5.369522191349883 ], [ -4.048952949348364, 5.369487811009182 ], [ -4.048918379329216, 5.349227021923319 ] ] ] } },
{ "type": "Feature", "properties": { "id": 65932, "nb_points": 24 }, "geometry": { "type": "Polygon", "coordinates": [ [ [ -4.049057455081152, 5.430270096288677 ], [ -4.02884034254803, 5.430304868047521 ], [ -4.028874766936764, 5.450565732801233 ], [ -4.049092555623026, 5.450530830553042 ], [ -4.049057455081152, 5.430270096288677 ] ] ] } },
{ "type": "Feature", "properties": { "id": 65940, "nb_points": 3 }, "geometry": { "type": "Polygon", "coordinates": [ [ [ -4.049341975841608, 5.5923555802505 ], [ -4.029119382493511, 5.592391396160299 ], [ -4.029154848525786, 5.612652148900077 ], [ -4.049378138486408, 5.612616202433069 ], [ -4.049341975841608, 5.5923555802505 ] ] ] } },
{ "type": "Feature", "properties": { "id": 66032, "nb_points": 2 }, "geometry": { "type": "Polygon", "coordinates": [ [ [ -4.053228193768866, 7.45626686451417 ], [ -4.032930739148353, 7.456314731837755 ], [ -4.032978296851188, 7.476573964023856 ], [ -4.05327668558036, 7.476525965214397 ], [ -4.053228193768866, 7.45626686451417 ] ] ] } },
{ "type": "Feature", "properties": { "id": 66046, "nb_points": 12 }, "geometry": { "type": "Polygon", "coordinates": [ [ [ -4.053919403637297, 7.739892538407338 ], [ -4.033608634091146, 7.739942247601613 ], [ -4.033658052418962, 7.760201211141712 ], [ -4.053969792618541, 7.760151370296025 ], [ -4.053919403637297, 7.739892538407338 ] ] ] } },
{ "type": "Feature", "properties": { "id": 66137, "nb_points": 7 }, "geometry": { "type": "Polygon", "coordinates": [ [ [ -4.059064805523827, 9.583360046320436 ], [ -4.038654919346423, 9.583421789288945 ], [ -4.03871659169487, 9.603678769676337 ], [ -4.059127689205916, 9.603616893820538 ], [ -4.059064805523827, 9.583360046320436 ] ] ] } },
{ "type": "Feature", "properties": { "id": 66232, "nb_points": 36 }, "geometry": { "type": "Polygon", "coordinates": [ [ [ -4.028670171794923, 5.329000338695717 ], [ -4.00845627170167, 5.329033794473891 ], [ -4.008489382363645, 5.349294855496648 ], [ -4.028703945857765, 5.349261271807836 ], [ -4.028670171794923, 5.329000338695717 ] ] ] } },
{ "type": "Feature", "properties": { "id": 66233, "nb_points": 32 }, "geometry": { "type": "Polygon", "coordinates": [ [ [ -4.028703945857765, 5.349261271807836 ], [ -4.008489382363645, 5.349294855496648 ], [ -4.008522620494382, 5.369555902957388 ], [ -4.02873784994329, 5.369522191349883 ], [ -4.028703945857765, 5.349261271807836 ] ] ] } },
{ "type": "Feature", "properties": { "id": 66234, "nb_points": 1 }, "geometry": { "type": "Polygon", "coordinates": [ [ [ -4.02873784994329, 5.369522191349883 ], [ -4.008522620494382, 5.369555902957388 ], [ -4.008555986114635, 5.389816936805327 ], [ -4.028771884072664, 5.389783097271049 ], [ -4.02873784994329, 5.369522191349883 ] ] ] } },
{ "type": "Feature", "properties": { "id": 66235, "nb_points": 12 }, "geometry": { "type": "Polygon", "coordinates": [ [ [ -4.028771884072664, 5.389783097271049 ], [ -4.008555986114635, 5.389816936805327 ], [ -4.008589479245231, 5.410077956989695 ], [ -4.028806048267135, 5.410043989520529 ], [ -4.028771884072664, 5.389783097271049 ] ] ] } },
{ "type": "Feature", "properties": { "id": 66236, "nb_points": 11 }, "geometry": { "type": "Polygon", "coordinates": [ [ [ -4.028806048267135, 5.410043989520529 ], [ -4.008589479245231, 5.410077956989695 ], [ -4.008623099907082, 5.430338963459722 ], [ -4.02884034254803, 5.430304868047521 ], [ -4.028806048267135, 5.410043989520529 ] ] ] } },
{ "type": "Feature", "properties": { "id": 66237, "nb_points": 24 }, "geometry": { "type": "Polygon", "coordinates": [ [ [ -4.02884034254803, 5.430304868047521 ], [ -4.008623099907082, 5.430338963459722 ], [ -4.008656848121182, 5.450599956164645 ], [ -4.028874766936764, 5.450565732801233 ], [ -4.02884034254803, 5.430304868047521 ] ] ] } },
{ "type": "Feature", "properties": { "id": 66238, "nb_points": 11 }, "geometry": { "type": "Polygon", "coordinates": [ [ [ -4.028874766936764, 5.450565732801233 ], [ -4.008656848121182, 5.450599956164645 ], [ -4.008690723908603, 5.470860935053713 ], [ -4.028909321454833, 5.470826583730884 ], [ -4.028874766936764, 5.450565732801233 ] ] ] } },
{ "type": "Feature", "properties": { "id": 66245, "nb_points": 2 }, "geometry": { "type": "Polygon", "coordinates": [ [ [ -4.029119382493511, 5.592391396160299 ], [ -4.008896658863297, 5.592426515413758 ], [ -4.008931428260883, 5.612687396171285 ], [ -4.029154848525786, 5.612652148900077 ], [ -4.029119382493511, 5.592391396160299 ] ] ] } },
{ "type": "Feature", "properties": { "id": 66246, "nb_points": 3 }, "geometry": { "type": "Polygon", "coordinates": [ [ [ -4.029154848525786, 5.612652148900077 ], [ -4.008931428260883, 5.612687396171285 ], [ -4.008966325403318, 5.632948262707171 ], [ -4.029190444862352, 5.632912887409752 ], [ -4.029154848525786, 5.612652148900077 ] ] ] } },
{ "type": "Feature", "properties": { "id": 66260, "nb_points": 8 }, "geometry": { "type": "Polygon", "coordinates": [ [ [ -4.029665065163197, 5.896301170026493 ], [ -4.009431623069903, 5.896338210448624 ], [ -4.009468310967164, 5.916598872562004 ], [ -4.029702488133432, 5.916561703991948 ], [ -4.029665065163197, 5.896301170026493 ] ] ] } },
{ "type": "Feature", "properties": { "id": 66315, "nb_points": 1 }, "geometry": { "type": "Polygon", "coordinates": [ [ [ -4.031917984060115, 7.010606952327708 ], [ -4.011640289531902, 7.01065105497551 ], [ -4.011684058235984, 7.030910818201021 ], [ -4.031962629704645, 7.03086658686715 ], [ -4.031917984060115, 7.010606952327708 ] ] ] } },
{ "type": "Feature", "properties": { "id": 66336, "nb_points": 6 }, "geometry": { "type": "Polygon", "coordinates": [ [ [ -4.032883314119618, 7.43605548083726 ], [ -4.012586658357699, 7.436102288177226 ], [ -4.012633151853754, 7.456361668094736 ], [ -4.032930739148353, 7.456314731837755 ], [ -4.032883314119618, 7.43605548083726 ] ] ] } },
{ "type": "Feature", "properties": { "id": 66534, "nb_points": 24 }, "geometry": { "type": "Polygon", "coordinates": [ [ [ -4.008357704322067, 5.26825053054142 ], [ -3.988145651725462, 5.268282946567825 ], [ -3.988177724342813, 5.288544173321617 ], [ -4.008390432701428, 5.288511631945479 ], [ -4.008357704322067, 5.26825053054142 ] ] ] } },
{ "type": "Feature", "properties": { "id": 66535, "nb_points": 12 }, "geometry": { "type": "Polygon", "coordinates": [ [ [ -4.008390432701428, 5.288511631945479 ], [ -3.988177724342813, 5.288544173321617 ], [ -3.988209921814405, 5.308805386673573 ], [ -4.008423288487793, 5.308772719939903 ], [ -4.008390432701428, 5.288511631945479 ] ] ] } },
{ "type": "Feature", "properties": { "id": 66537, "nb_points": 15 }, "geometry": { "type": "Polygon", "coordinates": [ [ [ -4.00845627170167, 5.329033794473891 ], [ -3.988242244160333, 5.329066586572925 ], [ -3.988274691400772, 5.349327772968905 ], [ -4.008489382363645, 5.349294855496648 ], [ -4.00845627170167, 5.329033794473891 ] ] ] } },
{ "type": "Feature", "properties": { "id": 66538, "nb_points": 4 }, "geometry": { "type": "Polygon", "coordinates": [ [ [ -4.008489382363645, 5.349294855496648 ], [ -3.988274691400772, 5.349327772968905 ], [ -3.988307263555974, 5.369588945810762 ], [ -4.008522620494382, 5.369555902957388 ], [ -4.008489382363645, 5.349294855496648 ] ] ] } },
{ "type": "Feature", "properties": { "id": 66539, "nb_points": 12 }, "geometry": { "type": "Polygon", "coordinates": [ [ [ -4.008522620494382, 5.369555902957388 ], [ -3.988307263555974, 5.369588945810762 ], [ -3.988339960646274, 5.389850105047741 ], [ -4.008555986114635, 5.389816936805327 ], [ -4.008522620494382, 5.369555902957388 ] ] ] } },
{ "type": "Feature", "properties": { "id": 66540, "nb_points": 11 }, "geometry": { "type": "Polygon", "coordinates": [ [ [ -4.008555986114635, 5.389816936805327 ], [ -3.988339960646274, 5.389850105047741 ], [ -3.988372782692085, 5.410111250629102 ], [ -4.008589479245231, 5.410077956989695 ], [ -4.008555986114635, 5.389816936805327 ] ] ] } },
{ "type": "Feature", "properties": { "id": 66541, "nb_points": 41 }, "geometry": { "type": "Polygon", "coordinates": [ [ [ -4.008589479245231, 5.410077956989695 ], [ -3.988372782692085, 5.410111250629102 ], [ -3.9884057297139, 5.430372382504103 ], [ -4.008623099907082, 5.430338963459722 ], [ -4.008589479245231, 5.410077956989695 ] ] ] } },
{ "type": "Feature", "properties": { "id": 66543, "nb_points": 1 }, "geometry": { "type": "Polygon", "coordinates": [ [ [ -4.008656848121182, 5.450599956164645 ], [ -3.98843880173229, 5.450633500622019 ], [ -3.988471998767908, 5.470894604932124 ], [ -4.008690723908603, 5.470860935053713 ], [ -4.008656848121182, 5.450599956164645 ] ] ] } },
{ "type": "Feature", "properties": { "id": 66550, "nb_points": 1 }, "geometry": { "type": "Polygon", "coordinates": [ [ [ -4.008896658863297, 5.592426515413758 ], [ -3.988673807509975, 5.592460937989061 ], [ -3.98870788025115, 5.612721944224801 ], [ -4.008931428260883, 5.612687396171285 ], [ -4.008896658863297, 5.592426515413758 ] ] ] } },
{ "type": "Feature", "properties": { "id": 66551, "nb_points": 2 }, "geometry": { "type": "Polygon", "coordinates": [ [ [ -4.008931428260883, 5.612687396171285 ], [ -3.98870788025115, 5.612721944224801 ], [ -3.988742078177643, 5.63298293624719 ], [ -4.008966325403318, 5.632948262707171 ], [ -4.008931428260883, 5.612687396171285 ] ] ] } },
{ "type": "Feature", "properties": { "id": 66565, "nb_points": 4 }, "geometry": { "type": "Polygon", "coordinates": [ [ [ -4.009431623069903, 5.896338210448624 ], [ -3.989198052919027, 5.896374516081651 ], [ -3.989234005720362, 5.916635303800835 ], [ -4.009468310967164, 5.916598872562004 ], [ -4.009431623069903, 5.896338210448624 ] ] ] } },
{ "type": "Feature", "properties": { "id": 66617, "nb_points": 11 }, "geometry": { "type": "Polygon", "coordinates": [ [ [ -4.011509759967974, 6.94987165928924 ], [ -3.991234551341733, 6.949914508714848 ], [ -3.991277062610019, 6.970174450997142 ], [ -4.011553140425299, 6.970131475469454 ], [ -4.011509759967974, 6.94987165928924 ] ] ] } },
{ "type": "Feature", "properties": { "id": 66618, "nb_points": 8 }, "geometry": { "type": "Polygon", "coordinates": [ [ [ -4.011553140425299, 6.970131475469454 ], [ -3.991277062610019, 6.970174450997142 ], [ -3.991319700674072, 6.990434375688406 ], [ -4.011596650270823, 6.990391274048267 ], [ -4.011553140425299, 6.970131475469454 ] ] ] } },
{ "type": "Feature", "properties": { "id": 66622, "nb_points": 12 }, "geometry": { "type": "Polygon", "coordinates": [ [ [ -4.011727956410592, 7.051170563674651 ], [ -3.991448375909361, 7.05121404371468 ], [ -3.991491521425421, 7.071473897540526 ], [ -4.011771984083341, 7.071430291346251 ], [ -4.011727956410592, 7.051170563674651 ] ] ] } },
{ "type": "Feature", "properties": { "id": 66641, "nb_points": 1 }, "geometry": { "type": "Polygon", "coordinates": [ [ [ -4.012586658357699, 7.436102288177226 ], [ -3.992289872556958, 7.436148166978662 ], [ -3.992335434491026, 7.456407673255829 ], [ -4.012633151853754, 7.456361668094736 ], [ -4.012586658357699, 7.436102288177226 ] ] ] } },
{ "type": "Feature", "properties": { "id": 66651, "nb_points": 12 }, "geometry": { "type": "Polygon", "coordinates": [ [ [ -4.013057449929579, 7.638695235222785 ], [ -3.992751231166003, 7.6387423781253 ], [ -3.992798069027238, 7.659001694237867 ], [ -4.01310524543993, 7.658954424862999 ], [ -4.013057449929579, 7.638695235222785 ] ] ] } },
{ "type": "Feature", "properties": { "id": 66746, "nb_points": 1 }, "geometry": { "type": "Polygon", "coordinates": [ [ [ -4.018184569516377, 9.563225196616584 ], [ -3.997775622137902, 9.563284409929095 ], [ -3.997834740749907, 9.5835416723158 ], [ -4.018244896862701, 9.58348233130007 ], [ -4.018184569516377, 9.563225196616584 ] ] ] } },
{ "type": "Feature", "properties": { "id": 66838, "nb_points": 24 }, "geometry": { "type": "Polygon", "coordinates": [ [ [ -3.988113703942335, 5.248021706462976 ], [ -3.96790217974111, 5.248053343596307 ], [ -3.967933474294644, 5.268314706506258 ], [ -3.988145651725462, 5.268282946567825 ], [ -3.988113703942335, 5.248021706462976 ] ] ] } },
{ "type": "Feature", "properties": { "id": 66840, "nb_points": 14 }, "geometry": { "type": "Polygon", "coordinates": [ [ [ -3.988177724342813, 5.288544173321617 ], [ -3.96796489112997, 5.288576056072761 ], [ -3.967996430266694, 5.308837392245073 ], [ -3.988209921814405, 5.308805386673573 ], [ -3.988177724342813, 5.288544173321617 ] ] ] } },
{ "type": "Feature", "properties": { "id": 66841, "nb_points": 11 }, "geometry": { "type": "Polygon", "coordinates": [ [ [ -3.988209921814405, 5.308805386673573 ], [ -3.967996430266694, 5.308837392245073 ], [ -3.968028091724499, 5.329098714972454 ], [ -3.988242244160333, 5.329066586572925 ], [ -3.988209921814405, 5.308805386673573 ] ] ] } },
{ "type": "Feature", "properties": { "id": 66844, "nb_points": 3 }, "geometry": { "type": "Polygon", "coordinates": [ [ [ -3.988307263555974, 5.369588945810762 ], [ -3.968091781682481, 5.369621319889489 ], [ -3.968123810222417, 5.389882601977694 ], [ -3.988339960646274, 5.389850105047741 ], [ -3.988307263555974, 5.369588945810762 ] ] ] } },
{ "type": "Feature", "properties": { "id": 66845, "nb_points": 20 }, "geometry": { "type": "Polygon", "coordinates": [ [ [ -3.988339960646274, 5.389850105047741 ], [ -3.968123810222417, 5.389882601977694 ], [ -3.96815596116295, 5.410143870418072 ], [ -3.988372782692085, 5.410111250629102 ], [ -3.988339960646274, 5.389850105047741 ] ] ] } },
{ "type": "Feature", "properties": { "id": 66846, "nb_points": 8 }, "geometry": { "type": "Polygon", "coordinates": [ [ [ -3.988372782692085, 5.410111250629102 ], [ -3.96815596116295, 5.410143870418072 ], [ -3.968188234524155, 5.430405125159916 ], [ -3.9884057297139, 5.430372382504103 ], [ -3.988372782692085, 5.410111250629102 ] ] ] } },
{ "type": "Feature", "properties": { "id": 66857, "nb_points": 1 }, "geometry": { "type": "Polygon", "coordinates": [ [ [ -3.988742078177643, 5.63298293624719 ], [ -3.968517705745292, 5.633016908008267 ], [ -3.968551327081117, 5.653278008721512 ], [ -3.988776401310824, 5.653243914005563 ], [ -3.988742078177643, 5.63298293624719 ] ] ] } },
{ "type": "Feature", "properties": { "id": 66889, "nb_points": 10 }, "geometry": { "type": "Polygon", "coordinates": [ [ [ -3.989902641276684, 6.281326873485062 ], [ -3.969654539088237, 6.281364784010769 ], [ -3.9696920966405, 6.30162540184605 ], [ -3.989940982788112, 6.301587368088618 ], [ -3.989902641276684, 6.281326873485062 ] ] ] } },
{ "type": "Feature", "properties": { "id": 66890, "nb_points": 2 }, "geometry": { "type": "Polygon", "coordinates": [ [ [ -3.989940982788112, 6.301587368088618 ], [ -3.9696920966405, 6.30162540184605 ], [ -3.96972977757441, 6.321886003758711 ], [ -3.989979450256561, 6.321847846760397 ], [ -3.989940982788112, 6.301587368088618 ] ] ] } },
{ "type": "Feature", "properties": { "id": 66908, "nb_points": 6 }, "geometry": { "type": "Polygon", "coordinates": [ [ [ -3.99065269232301, 6.666273497802393 ], [ -3.970389254037357, 6.666313751325376 ], [ -3.970429159956816, 6.686574058023606 ], [ -3.990693431219627, 6.686533681089803 ], [ -3.99065269232301, 6.666273497802393 ] ] ] } },
{ "type": "Feature", "properties": { "id": 66923, "nb_points": 4 }, "geometry": { "type": "Polygon", "coordinates": [ [ [ -3.991277062610019, 6.970174450997142 ], [ -3.971000857998985, 6.970216556718174 ], [ -3.971042624254758, 6.990476604969448 ], [ -3.991319700674072, 6.990434375688406 ], [ -3.991277062610019, 6.970174450997142 ] ] ] } },
{ "type": "Feature", "properties": { "id": 66936, "nb_points": 12 }, "geometry": { "type": "Polygon", "coordinates": [ [ [ -3.991841257354539, 7.233552081641609 ], [ -3.971553516818715, 7.233595794446512 ], [ -3.971596900136225, 7.253855609589879 ], [ -3.99188554623347, 7.253811773090073 ], [ -3.991841257354539, 7.233552081641609 ] ] ] } },
{ "type": "Feature", "properties": { "id": 66961, "nb_points": 12 }, "geometry": { "type": "Polygon", "coordinates": [ [ [ -3.992986698307972, 7.740038765282517 ], [ -3.972675537299739, 7.740085573708876 ], [ -3.972722043482511, 7.760344916838562 ], [ -3.99303417523594, 7.760297984443194 ], [ -3.992986698307972, 7.740038765282517 ] ] ] } },
{ "type": "Feature", "properties": { "id": 66967, "nb_points": 12 }, "geometry": { "type": "Polygon", "coordinates": [ [ [ -3.993273479022409, 7.861593786154152 ], [ -3.972956454303658, 7.861641338565702 ], [ -3.973003712656632, 7.881900563778747 ], [ -3.993321723820639, 7.881852887329512 ], [ -3.993273479022409, 7.861593786154152 ] ] ] } },
{ "type": "Feature", "properties": { "id": 67143, "nb_points": 12 }, "geometry": { "type": "Polygon", "coordinates": [ [ [ -3.96790217974111, 5.248053343596307 ], [ -3.947690533277634, 5.248084327158888 ], [ -3.947721174582049, 5.268345810337 ], [ -3.967933474294644, 5.268314706506258 ], [ -3.96790217974111, 5.248053343596307 ] ] ] } },
{ "type": "Feature", "properties": { "id": 67144, "nb_points": 24 }, "geometry": { "type": "Polygon", "coordinates": [ [ [ -3.967933474294644, 5.268314706506258 ], [ -3.947721174582049, 5.268345810337 ], [ -3.947751935615744, 5.288607280179122 ], [ -3.96796489112997, 5.288576056072761 ], [ -3.967933474294644, 5.268314706506258 ] ] ] } },
{ "type": "Feature", "properties": { "id": 67145, "nb_points": 48 }, "geometry": { "type": "Polygon", "coordinates": [ [ [ -3.96796489112997, 5.288576056072761 ], [ -3.947751935615744, 5.288607280179122 ], [ -3.947782816397914, 5.308868736634538 ], [ -3.967996430266694, 5.308837392245073 ], [ -3.96796489112997, 5.288576056072761 ] ] ] } },
{ "type": "Feature", "properties": { "id": 67148, "nb_points": 3 }, "geometry": { "type": "Polygon", "coordinates": [ [ [ -3.968059875523148, 5.349360024204168 ], [ -3.947844937284854, 5.349391609182408 ], [ -3.9478761774284, 5.369653025173462 ], [ -3.968091781682481, 5.369621319889489 ], [ -3.968059875523148, 5.349360024204168 ] ] ] } },
{ "type": "Feature", "properties": { "id": 67149, "nb_points": 20 }, "geometry": { "type": "Polygon", "coordinates": [ [ [ -3.968091781682481, 5.369621319889489 ], [ -3.9478761774284, 5.369653025173462 ], [ -3.947907537397974, 5.389914427575004 ], [ -3.968123810222417, 5.389882601977694 ], [ -3.968091781682481, 5.369621319889489 ] ] ] } },
{ "type": "Feature", "properties": { "id": 67170, "nb_points": 6 }, "geometry": { "type": "Polygon", "coordinates": [ [ [ -3.968790112312856, 5.795105310298535 ], [ -3.948559930966444, 5.795139543804368 ], [ -3.94859381192319, 5.815400649128618 ], [ -3.968824715584874, 5.815366295142997 ], [ -3.968790112312856, 5.795105310298535 ] ] ] } },
{ "type": "Feature", "properties": { "id": 67195, "nb_points": 12 }, "geometry": { "type": "Polygon", "coordinates": [ [ [ -3.9696920966405, 6.30162540184605 ], [ -3.949443087111257, 6.301662649889876 ], [ -3.949479981487009, 6.321923372497481 ], [ -3.96972977757441, 6.321886003758711 ], [ -3.9696920966405, 6.30162540184605 ] ] ] } },
{ "type": "Feature", "properties": { "id": 67213, "nb_points": 18 }, "geometry": { "type": "Polygon", "coordinates": [ [ [ -3.970389254037357, 6.666313751325376 ], [ -3.950125691932744, 6.666353173278449 ], [ -3.950164764849989, 6.686613600838061 ], [ -3.970429159956816, 6.686574058023606 ], [ -3.970389254037357, 6.666313751325376 ] ] ] } },
{ "type": "Feature", "properties": { "id": 67232, "nb_points": 35 }, "geometry": { "type": "Polygon", "coordinates": [ [ [ -3.971168668504636, 7.051256643737023 ], [ -3.950888836791131, 7.051298363715129 ], [ -3.950930217912946, 7.071558462189533 ], [ -3.971210931836866, 7.071516621163832 ], [ -3.971168668504636, 7.051256643737023 ] ] ] } },
{ "type": "Feature", "properties": { "id": 67252, "nb_points": 12 }, "geometry": { "type": "Polygon", "coordinates": [ [ [ -3.972037589666216, 7.456452747292334 ], [ -3.95173961998545, 7.456496890176123 ], [ -3.951783440959733, 7.47675662272987 ], [ -3.972082344865549, 7.476712358590706 ], [ -3.972037589666216, 7.456452747292334 ] ] ] } },
{ "type": "Feature", "properties": { "id": 67447, "nb_points": 12 }, "geometry": { "type": "Polygon", "coordinates": [ [ [ -3.947660011683375, 5.227822830695508 ], [ -3.927448896225813, 5.22785304294422 ], [ -3.927478767104013, 5.248114657131479 ], [ -3.947690533277634, 5.248084327158888 ], [ -3.947660011683375, 5.227822830695508 ] ] ] } },
{ "type": "Feature", "properties": { "id": 67448, "nb_points": 12 }, "geometry": { "type": "Polygon", "coordinates": [ [ [ -3.947690533277634, 5.248084327158888 ], [ -3.927478767104013, 5.248114657131479 ], [ -3.927508755140189, 5.268376258040741 ], [ -3.947721174582049, 5.268345810337 ], [ -3.947690533277634, 5.248084327158888 ] ] ] } },
{ "type": "Feature", "properties": { "id": 67451, "nb_points": 12 }, "geometry": { "type": "Polygon", "coordinates": [ [ [ -3.947782816397914, 5.308868736634538 ], [ -3.927569082761398, 5.3088994198225 ], [ -3.927599422384083, 5.329160980593628 ], [ -3.947813816947835, 5.329130179652534 ], [ -3.947782816397914, 5.308868736634538 ] ] ] } },
{ "type": "Feature", "properties": { "id": 67453, "nb_points": 12 }, "geometry": { "type": "Polygon", "coordinates": [ [ [ -3.947844937284854, 5.349391609182408 ], [ -3.927629879240047, 5.349422527884016 ], [ -3.927660453348302, 5.369684061642999 ], [ -3.9478761774284, 5.369653025173462 ], [ -3.947844937284854, 5.349391609182408 ] ] ] } },
{ "type": "Feature", "properties": { "id": 67475, "nb_points": 6 }, "geometry": { "type": "Polygon", "coordinates": [ [ [ -3.948559930966444, 5.795139543804368 ], [ -3.928329629366779, 5.79517305516388 ], [ -3.928362787987063, 5.815434278426441 ], [ -3.94859381192319, 5.815400649128618 ], [ -3.948559930966444, 5.795139543804368 ] ] ] } },
{ "type": "Feature", "properties": { "id": 67480, "nb_points": 4 }, "geometry": { "type": "Polygon", "coordinates": [ [ [ -3.948730538707777, 5.896444922890572 ], [ -3.92849659977922, 5.896479024022699 ], [ -3.928530347159648, 5.916740173305813 ], [ -3.948765021250235, 5.9167059541947 ], [ -3.948730538707777, 5.896444922890572 ] ] ] } },
{ "type": "Feature", "properties": { "id": 67481, "nb_points": 8 }, "geometry": { "type": "Polygon", "coordinates": [ [ [ -3.948765021250235, 5.9167059541947 ], [ -3.928530347159648, 5.916740173305813 ], [ -3.928564212355149, 5.937001307641591 ], [ -3.948799624174252, 5.936966970543271 ], [ -3.948765021250235, 5.9167059541947 ] ] ] } },
{ "type": "Feature", "properties": { "id": 67752, "nb_points": 12 }, "geometry": { "type": "Polygon", "coordinates": [ [ [ -3.927448896225813, 5.22785304294422 ], [ -3.907237663628927, 5.227882604121047 ], [ -3.907266883772428, 5.248144333495253 ], [ -3.927478767104013, 5.248114657131479 ], [ -3.927448896225813, 5.22785304294422 ] ] ] } },
{ "type": "Feature", "properties": { "id": 67772, "nb_points": 12 }, "geometry": { "type": "Polygon", "coordinates": [ [ [ -3.928068595500823, 5.633082746109609 ], [ -3.907843862809026, 5.633114612408968 ], [ -3.907875378628459, 5.653376066746354 ], [ -3.928100813179335, 5.653344085112435 ], [ -3.928068595500823, 5.633082746109609 ] ] ] } },
{ "type": "Feature", "properties": { "id": 67790, "nb_points": 11 }, "geometry": { "type": "Polygon", "coordinates": [ [ [ -3.928666515044371, 5.997784620460293 ], [ -3.908428756735904, 5.997818563979322 ], [ -3.908462345383774, 6.018079753498244 ], [ -3.928700851712826, 6.018045694502149 ], [ -3.928666515044371, 5.997784620460293 ] ] ] } },
{ "type": "Feature", "properties": { "id": 67791, "nb_points": 1 }, "geometry": { "type": "Polygon", "coordinates": [ [ [ -3.928700851712826, 6.018045694502149 ], [ -3.908462345383774, 6.018079753498244 ], [ -3.908496049384542, 6.038340927825766 ], [ -3.928735306303063, 6.038306753344415 ], [ -3.928700851712826, 6.018045694502149 ] ] ] } },
{ "type": "Feature", "properties": { "id": 67807, "nb_points": 7 }, "geometry": { "type": "Polygon", "coordinates": [ [ [ -3.929266290618063, 6.342220777754795 ], [ -3.909015466268065, 6.342256685516693 ], [ -3.909051018835205, 6.362517609932612 ], [ -3.929302634941818, 6.362481586550607 ], [ -3.929266290618063, 6.342220777754795 ] ] ] } },
{ "type": "Feature", "properties": { "id": 67808, "nb_points": 5 }, "geometry": { "type": "Polygon", "coordinates": [ [ [ -3.929302634941818, 6.362481586550607 ], [ -3.909051018835205, 6.362517609932612 ], [ -3.909086687124036, 6.382778518301381 ], [ -3.929339097564357, 6.382742379290595 ], [ -3.929302634941818, 6.362481586550607 ] ] ] } },
{ "type": "Feature", "properties": { "id": 67919, "nb_points": 5 }, "geometry": { "type": "Polygon", "coordinates": [ [ [ -3.934077889915876, 8.611320148828392 ], [ -3.913722245742765, 8.611369066509608 ], [ -3.913770915405302, 8.631627883140975 ], [ -3.934127643447226, 8.631578848688733 ], [ -3.934077889915876, 8.611320148828392 ] ] ] } },
{ "type": "Feature", "properties": { "id": 67966, "nb_points": 1 }, "geometry": { "type": "Polygon", "coordinates": [ [ [ -3.93654800522535, 9.563454859033309 ], [ -3.916138550251265, 9.563509278338012 ], [ -3.916192833556114, 9.583767025690685 ], [ -3.936603497410927, 9.583712489021684 ], [ -3.93654800522535, 9.563454859033309 ] ] ] } },
{ "type": "Feature", "properties": { "id": 68057, "nb_points": 16 }, "geometry": { "type": "Polygon", "coordinates": [ [ [ -3.907237663628927, 5.227882604121047 ], [ -3.887026316444567, 5.227911514207634 ], [ -3.887054885835135, 5.248173356231786 ], [ -3.907266883772428, 5.248144333495253 ], [ -3.907237663628927, 5.227882604121047 ] ] ] } },
{ "type": "Feature", "properties": { "id": 68058, "nb_points": 8 }, "geometry": { "type": "Polygon", "coordinates": [ [ [ -3.907266883772428, 5.248144333495253 ], [ -3.887054885835135, 5.248173356231786 ], [ -3.887083567279096, 5.268435184992011 ], [ -3.90729621852165, 5.268406049598577 ], [ -3.907266883772428, 5.248144333495253 ] ] ] } },
{ "type": "Feature", "properties": { "id": 68063, "nb_points": 12 }, "geometry": { "type": "Polygon", "coordinates": [ [ [ -3.907414703942961, 5.349452780289791 ], [ -3.887199413947905, 5.34948236638095 ], [ -3.887228655928734, 5.369744128062077 ], [ -3.907444611996839, 5.369714429278822 ], [ -3.907414703942961, 5.349452780289791 ] ] ] } },
{ "type": "Feature", "properties": { "id": 68103, "nb_points": 12 }, "geometry": { "type": "Polygon", "coordinates": [ [ [ -3.908700696986771, 6.159907651949605 ], [ -3.8884567670563, 6.159941751552168 ], [ -3.888490510515769, 6.18020293112762 ], [ -3.908735209052763, 6.180168718526546 ], [ -3.908700696986771, 6.159907651949605 ] ] ] } },
{ "type": "Feature", "properties": { "id": 68113, "nb_points": 5 }, "geometry": { "type": "Polygon", "coordinates": [ [ [ -3.909051018835205, 6.362517609932612 ], [ -3.888799287006913, 6.362552839893915 ], [ -3.888834160939672, 6.382813861344735 ], [ -3.909086687124036, 6.382778518301381 ], [ -3.909051018835205, 6.362517609932612 ] ] ] } },
{ "type": "Feature", "properties": { "id": 68147, "nb_points": 1 }, "geometry": { "type": "Polygon", "coordinates": [ [ [ -3.910328810817045, 7.051379163435165 ], [ -3.890048621746291, 7.051418243126733 ], [ -3.890087356082879, 7.071678689422973 ], [ -3.910368427440484, 7.07163949634436 ], [ -3.910328810817045, 7.051379163435165 ] ] ] } },
{ "type": "Feature", "properties": { "id": 68191, "nb_points": 4 }, "geometry": { "type": "Polygon", "coordinates": [ [ [ -3.912182539132281, 7.942816310423737 ], [ -3.891861066418925, 7.94286038847297 ], [ -3.891904838821606, 7.963120004782966 ], [ -3.912227308576345, 7.963075812903446 ], [ -3.912182539132281, 7.942816310423737 ] ] ] } },
{ "type": "Feature", "properties": { "id": 68192, "nb_points": 8 }, "geometry": { "type": "Polygon", "coordinates": [ [ [ -3.912227308576345, 7.963075812903446 ], [ -3.891904838821606, 7.963120004782966 ], [ -3.891948726324053, 7.983379601111768 ], [ -3.912272195741851, 7.983335295391239 ], [ -3.912227308576345, 7.963075812903446 ] ] ] } },
{ "type": "Feature", "properties": { "id": 68221, "nb_points": 3 }, "geometry": { "type": "Polygon", "coordinates": [ [ [ -3.913576948642435, 8.550592487374738 ], [ -3.893224421646261, 8.550639985111204 ], [ -3.89327165942243, 8.570898980478022 ], [ -3.913625262392104, 8.570851368577234 ], [ -3.913576948642435, 8.550592487374738 ] ] ] } },
{ "type": "Feature", "properties": { "id": 68222, "nb_points": 3 }, "geometry": { "type": "Polygon", "coordinates": [ [ [ -3.913625262392104, 8.570851368577234 ], [ -3.89327165942243, 8.570898980478022 ], [ -3.893319013164078, 8.591157954381972 ], [ -3.913673694748636, 8.591110228305276 ], [ -3.913625262392104, 8.570851368577234 ] ] ] } },
{ "type": "Feature", "properties": { "id": 68224, "nb_points": 1 }, "geometry": { "type": "Polygon", "coordinates": [ [ [ -3.913722245742765, 8.611369066509608 ], [ -3.893366482901257, 8.611416906773822 ], [ -3.893414068664091, 8.631675837604353 ], [ -3.913770915405302, 8.631627883140975 ], [ -3.913722245742765, 8.611369066509608 ] ] ] } },
{ "type": "Feature", "properties": { "id": 68366, "nb_points": 12 }, "geometry": { "type": "Polygon", "coordinates": [ [ [ -3.88714126639886, 5.30895880251813 ], [ -3.866927188779877, 5.308987501988924 ], [ -3.866955545508881, 5.32924940079379 ], [ -3.887170284110674, 5.329220591182763 ], [ -3.88714126639886, 5.30895880251813 ] ] ] } },
{ "type": "Feature", "properties": { "id": 68405, "nb_points": 12 }, "geometry": { "type": "Polygon", "coordinates": [ [ [ -3.88835621417293, 6.099158119812091 ], [ -3.868114461763378, 6.099191120116836 ], [ -3.86814710558432, 6.119452456578442 ], [ -3.888389618905909, 6.119419345844072 ], [ -3.88835621417293, 6.099158119812091 ] ] ] } },
{ "type": "Feature", "properties": { "id": 68418, "nb_points": 7 }, "geometry": { "type": "Polygon", "coordinates": [ [ [ -3.888799287006913, 6.362552839893915 ], [ -3.868547442034111, 6.362587276412592 ], [ -3.868581521588932, 6.382848408398665 ], [ -3.888834160939672, 6.382813861344735 ], [ -3.888799287006913, 6.362552839893915 ] ] ] } },
{ "type": "Feature", "properties": { "id": 68421, "nb_points": 10 }, "geometry": { "type": "Polygon", "coordinates": [ [ [ -3.888904248326298, 6.423335855929395 ], [ -3.868650012485969, 6.423370624078809 ], [ -3.868684423871134, 6.443631707672479 ], [ -3.888939461824116, 6.443596828962779 ], [ -3.888904248326298, 6.423335855929395 ] ] ] } },
{ "type": "Feature", "properties": { "id": 68452, "nb_points": 4 }, "geometry": { "type": "Polygon", "coordinates": [ [ [ -3.890048621746291, 7.051418243126733 ], [ -3.869768318746408, 7.051456442673339 ], [ -3.869806170771778, 7.071716999802963 ], [ -3.890087356082879, 7.071678689422973 ], [ -3.890048621746291, 7.051418243126733 ] ] ] } },
{ "type": "Feature", "properties": { "id": 68503, "nb_points": 5 }, "geometry": { "type": "Polygon", "coordinates": [ [ [ -3.892169891306637, 8.084677281304408 ], [ -3.871841268958842, 8.084721145725133 ], [ -3.871884832210616, 8.104980732467412 ], [ -3.892214469993059, 8.10493675670612 ], [ -3.892169891306637, 8.084677281304408 ] ] ] } },
{ "type": "Feature", "properties": { "id": 68504, "nb_points": 1 }, "geometry": { "type": "Polygon", "coordinates": [ [ [ -3.892214469993059, 8.10493675670612 ], [ -3.871884832210616, 8.104980732467412 ], [ -3.871928508131783, 8.125240298892622 ], [ -3.892259163975085, 8.125196211780093 ], [ -3.892214469993059, 8.10493675670612 ] ] ] } },
{ "type": "Feature", "properties": { "id": 68576, "nb_points": 3 }, "geometry": { "type": "Polygon", "coordinates": [ [ [ -3.895728975070346, 9.563562499053447 ], [ -3.875319282359587, 9.56361452114619 ], [ -3.875371147799733, 9.583872495472622 ], [ -3.895782049459795, 9.583820361185499 ], [ -3.895728975070346, 9.563562499053447 ] ] ] } },
{ "type": "Feature", "properties": { "id": 68709, "nb_points": 12 }, "geometry": { "type": "Polygon", "coordinates": [ [ [ -3.868081928238409, 6.078929768278326 ], [ -3.847840823894386, 6.078961900333728 ], [ -3.847872599057864, 6.099223360049673 ], [ -3.868114461763378, 6.099191120116836 ], [ -3.868081928238409, 6.078929768278326 ] ] ] } },
{ "type": "Feature", "properties": { "id": 68710, "nb_points": 24 }, "geometry": { "type": "Polygon", "coordinates": [ [ [ -3.868114461763378, 6.099191120116836 ], [ -3.847872599057864, 6.099223360049673 ], [ -3.847904481946326, 6.119484804396468 ], [ -3.86814710558432, 6.119452456578442 ], [ -3.868114461763378, 6.099191120116836 ] ] ] } },
{ "type": "Feature", "properties": { "id": 68721, "nb_points": 7 }, "geometry": { "type": "Polygon", "coordinates": [ [ [ -3.86847961460502, 6.32206496439951 ], [ -3.848229240132119, 6.322098391501624 ], [ -3.848262309328493, 6.342359663470465 ], [ -3.868513473046573, 6.342326128396133 ], [ -3.86847961460502, 6.32206496439951 ] ] ] } },
{ "type": "Feature", "properties": { "id": 68722, "nb_points": 5 }, "geometry": { "type": "Polygon", "coordinates": [ [ [ -3.868513473046573, 6.342326128396133 ], [ -3.848262309328493, 6.342359663470465 ], [ -3.848295486494037, 6.362620919467212 ], [ -3.868547442034111, 6.362587276412592 ], [ -3.868513473046573, 6.342326128396133 ] ] ] } },
{ "type": "Feature", "properties": { "id": 68726, "nb_points": 2 }, "geometry": { "type": "Polygon", "coordinates": [ [ [ -3.868650012485969, 6.423370624078809 ], [ -3.848395666014048, 6.423404591122988 ], [ -3.84842927526498, 6.443665782729497 ], [ -3.868684423871134, 6.443631707672479 ], [ -3.868650012485969, 6.423370624078809 ] ] ] } },
{ "type": "Feature", "properties": { "id": 68756, "nb_points": 2 }, "geometry": { "type": "Polygon", "coordinates": [ [ [ -3.869730578055075, 7.031195867810702 ], [ -3.849451043461023, 7.031233078917896 ], [ -3.849487904412498, 7.051493762051175 ], [ -3.869768318746408, 7.051456442673339 ], [ -3.869730578055075, 7.031195867810702 ] ] ] } },
{ "type": "Feature", "properties": { "id": 68757, "nb_points": 1 }, "geometry": { "type": "Polygon", "coordinates": [ [ [ -3.869768318746408, 7.051456442673339 ], [ -3.849487904412498, 7.051493762051175 ], [ -3.849524874102836, 7.07175442746045 ], [ -3.869806170771778, 7.071716999802963 ], [ -3.869768318746408, 7.051456442673339 ] ] ] } },
{ "type": "Feature", "properties": { "id": 68805, "nb_points": 6 }, "geometry": { "type": "Polygon", "coordinates": [ [ [ -3.871711254944614, 8.023942264090415 ], [ -3.851385550590339, 8.023984791553957 ], [ -3.851427768411816, 8.044244547694756 ], [ -3.871754480353292, 8.044201911487171 ], [ -3.871711254944614, 8.023942264090415 ] ] ] } },
{ "type": "Feature", "properties": { "id": 69007, "nb_points": 12 }, "geometry": { "type": "Polygon", "coordinates": [ [ [ -3.847621412386824, 5.937131256211671 ], [ -3.827385437057427, 5.937161893297406 ], [ -3.827415718302134, 5.957423564469562 ], [ -3.847652434028698, 5.957392822102975 ], [ -3.847621412386824, 5.937131256211671 ] ] ] } },
{ "type": "Feature", "properties": { "id": 69060, "nb_points": 1 }, "geometry": { "type": "Polygon", "coordinates": [ [ [ -3.849414291225223, 7.010972378110527 ], [ -3.829135525083858, 7.011008605870998 ], [ -3.829171400151306, 7.031269412386647 ], [ -3.849451043461023, 7.031233078917896 ], [ -3.849414291225223, 7.010972378110527 ] ] ] } },
{ "type": "Feature", "properties": { "id": 69062, "nb_points": 2 }, "geometry": { "type": "Polygon", "coordinates": [ [ [ -3.849487904412498, 7.051493762051175 ], [ -3.829207381339736, 7.05153020123698 ], [ -3.829243468671783, 7.071790972372104 ], [ -3.849524874102836, 7.07175442746045 ], [ -3.849487904412498, 7.051493762051175 ] ] ] } },
{ "type": "Feature", "properties": { "id": 69187, "nb_points": 1 }, "geometry": { "type": "Polygon", "coordinates": [ [ [ -3.854960131253777, 9.583923428519318 ], [ -3.834549002499846, 9.583973160293594 ], [ -3.834598559472759, 9.604231327380099 ], [ -3.855010899919479, 9.604181488569479 ], [ -3.854960131253777, 9.583923428519318 ] ] ] } },
{ "type": "Feature", "properties": { "id": 69192, "nb_points": 5 }, "geometry": { "type": "Polygon", "coordinates": [ [ [ -3.855215097311965, 9.685213488942185 ], [ -3.834797883298593, 9.68526375602046 ], [ -3.83484798839783, 9.705521803011372 ], [ -3.855266427505632, 9.705471428835477 ], [ -3.855215097311965, 9.685213488942185 ] ] ] } },
{ "type": "Feature", "properties": { "id": 69307, "nb_points": 12 }, "geometry": { "type": "Polygon", "coordinates": [ [ [ -3.827235605463598, 5.83585331405513 ], [ -3.807003188712931, 5.83588269749799 ], [ -3.807032217559843, 5.856144545664899 ], [ -3.827265361894344, 5.856115059519983 ], [ -3.827235605463598, 5.83585331405513 ] ] ] } },
{ "type": "Feature", "properties": { "id": 69367, "nb_points": 1 }, "geometry": { "type": "Polygon", "coordinates": [ [ [ -3.829207381339736, 7.05153020123698 ], [ -3.808926752123368, 7.051565760208035 ], [ -3.808961957074421, 7.071826634515141 ], [ -3.829243468671783, 7.071790972372104 ], [ -3.829207381339736, 7.05153020123698 ] ] ] } },
{ "type": "Feature", "properties": { "id": 69492, "nb_points": 5 }, "geometry": { "type": "Polygon", "coordinates": [ [ [ -3.834549002499846, 9.583973160293594 ], [ -3.814137764215943, 9.584021690764221 ], [ -3.814186109464407, 9.604279962301563 ], [ -3.834598559472759, 9.604231327380099 ], [ -3.834549002499846, 9.583973160293594 ] ] ] } },
{ "type": "Feature", "properties": { "id": 69657, "nb_points": 2 }, "geometry": { "type": "Polygon", "coordinates": [ [ [ -3.808411091410658, 6.747650548743523 ], [ -3.788143283553983, 6.747683719197684 ], [ -3.788176094038726, 6.767944954360101 ], [ -3.808444745425128, 6.767911683410857 ], [ -3.808411091410658, 6.747650548743523 ] ] ] } },
{ "type": "Feature", "properties": { "id": 69668, "nb_points": 8 }, "geometry": { "type": "Polygon", "coordinates": [ [ [ -3.8087869675817, 6.97052208641204 ], [ -3.788509738481315, 6.970556362757476 ], [ -3.788543657346452, 6.990817408176581 ], [ -3.808821758471764, 6.990783031246441 ], [ -3.8087869675817, 6.97052208641204 ] ] ] } },
{ "type": "Feature", "properties": { "id": 69908, "nb_points": 10 }, "geometry": { "type": "Polygon", "coordinates": [ [ [ -3.786520446252883, 5.653553163463953 ], [ -3.766294260580875, 5.65358021389806 ], [ -3.766320959918558, 5.673842390212506 ], [ -3.786547850139514, 5.673815242220542 ], [ -3.786520446252883, 5.653553163463953 ] ] ] } },
{ "type": "Feature", "properties": { "id": 69935, "nb_points": 12 }, "geometry": { "type": "Polygon", "coordinates": [ [ [ -3.787295375229147, 6.200624126619904 ], [ -3.767049266280784, 6.200653813473916 ], [ -3.76707859271831, 6.220915586463254 ], [ -3.787325475539635, 6.220885801866996 ], [ -3.787295375229147, 6.200624126619904 ] ] ] } },
{ "type": "Feature", "properties": { "id": 69962, "nb_points": 10 }, "geometry": { "type": "Polygon", "coordinates": [ [ [ -3.788143283553983, 6.747683719197684 ], [ -3.76787537506044, 6.747716047678151 ], [ -3.767907341994846, 6.767977380784772 ], [ -3.788176094038726, 6.767944954360101 ], [ -3.788143283553983, 6.747683719197684 ] ] ] } },
{ "type": "Feature", "properties": { "id": 69973, "nb_points": 4 }, "geometry": { "type": "Polygon", "coordinates": [ [ [ -3.788509738481315, 6.970556362757476 ], [ -3.76823240851374, 6.970589769058254 ], [ -3.76826545533262, 6.990850912508916 ], [ -3.788543657346452, 6.990817408176581 ], [ -3.788509738481315, 6.970556362757476 ] ] ] } },
{ "type": "Feature", "properties": { "id": 70213, "nb_points": 2 }, "geometry": { "type": "Polygon", "coordinates": [ [ [ -3.766294260580875, 5.65358021389806 ], [ -3.746067977850096, 5.653606559804317 ], [ -3.746093972622141, 5.673868831135739 ], [ -3.766320959918558, 5.673842390212506 ], [ -3.766294260580875, 5.65358021389806 ] ] ] } },
{ "type": "Feature", "properties": { "id": 70258, "nb_points": 12 }, "geometry": { "type": "Polygon", "coordinates": [ [ [ -3.767592082491777, 6.565363293320919 ], [ -3.747331551712924, 6.565393921606987 ], [ -3.747361816613906, 6.585655500719316 ], [ -3.767623167695537, 6.585624777107462 ], [ -3.767592082491777, 6.565363293320919 ] ] ] } },
{ "type": "Feature", "properties": { "id": 70408, "nb_points": 1 }, "geometry": { "type": "Polygon", "coordinates": [ [ [ -3.773360891478264, 9.604373620355583 ], [ -3.752948128858386, 9.604418643429309 ], [ -3.752992937597104, 9.624677188929333 ], [ -3.773406914710831, 9.624632069150655 ], [ -3.773360891478264, 9.604373620355583 ] ] ] } },
{ "type": "Feature", "properties": { "id": 70495, "nb_points": 6 }, "geometry": { "type": "Polygon", "coordinates": [ [ [ -3.745496147283495, 5.187570494309484 ], [ -3.72528526938577, 5.187594010375969 ], [ -3.725308448924202, 5.207856688535901 ], [ -3.745519972601624, 5.207833080129244 ], [ -3.745496147283495, 5.187570494309484 ] ] ] } },
{ "type": "Feature", "properties": { "id": 70496, "nb_points": 42 }, "geometry": { "type": "Polygon", "coordinates": [ [ [ -3.745519972601624, 5.207833080129244 ], [ -3.725308448924202, 5.207856688535901 ], [ -3.725331720065865, 5.228119353582827 ], [ -3.745543892075026, 5.228095652830339 ], [ -3.745519972601624, 5.207833080129244 ] ] ] } },
{ "type": "Feature", "properties": { "id": 70509, "nb_points": 12 }, "geometry": { "type": "Polygon", "coordinates": [ [ [ -3.745838275360283, 5.47124548362023 ], [ -3.725618124162039, 5.47127029297227 ], [ -3.725642587488408, 5.491532782961088 ], [ -3.745863420232348, 5.491507881187602 ], [ -3.745838275360283, 5.47124548362023 ] ] ] } },
{ "type": "Feature", "properties": { "id": 70614, "nb_points": 12 }, "geometry": { "type": "Polygon", "coordinates": [ [ [ -3.74899699169102, 7.598712335779283 ], [ -3.728691224365385, 7.598746886274909 ], [ -3.728725422801727, 7.619007651744096 ], [ -3.749032142889486, 7.618973008074958 ], [ -3.74899699169102, 7.598712335779283 ] ] ] } },
{ "type": "Feature", "properties": { "id": 70933, "nb_points": 12 }, "geometry": { "type": "Polygon", "coordinates": [ [ [ -3.729178541432101, 7.882395850008519 ], [ -3.708859103512181, 7.882430720482135 ], [ -3.708893627000137, 7.902691305283722 ], [ -3.729214054324686, 7.902656344080477 ], [ -3.729178541432101, 7.882395850008519 ] ] ] } },
{ "type": "Feature", "properties": { "id": 71197, "nb_points": 12 }, "geometry": { "type": "Polygon", "coordinates": [ [ [ -3.707522104725781, 7.051730351085538 ], [ -3.687240893151689, 7.051760628321844 ], [ -3.687270803371065, 7.072022068026047 ], [ -3.707552897450723, 7.07199170294229 ], [ -3.707522104725781, 7.051730351085538 ] ] ] } },
{ "type": "Feature", "properties": { "id": 71481, "nb_points": 6 }, "geometry": { "type": "Polygon", "coordinates": [ [ [ -3.686633072307296, 6.626266391801758 ], [ -3.666369706991495, 6.626293999130339 ], [ -3.66639694547115, 6.646555884381808 ], [ -3.686661138914523, 6.646528191904678 ], [ -3.686633072307296, 6.626266391801758 ] ] ] } },
{ "type": "Feature", "properties": { "id": 71482, "nb_points": 6 }, "geometry": { "type": "Polygon", "coordinates": [ [ [ -3.686661138914523, 6.646528191904678 ], [ -3.66639694547115, 6.646555884381808 ], [ -3.666424268976468, 6.66681775297638 ], [ -3.686689293132416, 6.666789975344025 ], [ -3.686661138914523, 6.646528191904678 ] ] ] } },
{ "type": "Feature", "properties": { "id": 71500, "nb_points": 10 }, "geometry": { "type": "Polygon", "coordinates": [ [ [ -3.687181336619338, 7.011237695984447 ], [ -3.666901794332267, 7.011266922297322 ], [ -3.666930651286861, 7.031528482549931 ], [ -3.687211070907367, 7.031499170958071 ], [ -3.687181336619338, 7.011237695984447 ] ] ] } },
{ "type": "Feature", "properties": { "id": 71501, "nb_points": 2 }, "geometry": { "type": "Polygon", "coordinates": [ [ [ -3.687211070907367, 7.031499170958071 ], [ -3.666930651286861, 7.031528482549931 ], [ -3.666959593602551, 7.051790025199765 ], [ -3.687240893151689, 7.051760628321844 ], [ -3.687211070907367, 7.031499170958071 ] ] ] } },
{ "type": "Feature", "properties": { "id": 71729, "nb_points": 12 }, "geometry": { "type": "Polygon", "coordinates": [ [ [ -3.664957130017967, 5.471340630776802 ], [ -3.644736626978637, 5.471362713245902 ], [ -3.644758363973669, 5.491625547524924 ], [ -3.664979548617265, 5.49160338279272 ], [ -3.664957130017967, 5.471340630776802 ] ] ] } },
{ "type": "Feature", "properties": { "id": 71764, "nb_points": 12 }, "geometry": { "type": "Polygon", "coordinates": [ [ [ -3.66579193790052, 6.180528410423237 ], [ -3.645546053773458, 6.180553375397346 ], [ -3.645570654516217, 6.200815696930658 ], [ -3.665817310045213, 6.200790649495297 ], [ -3.66579193790052, 6.180528410423237 ] ] ] } },
{ "type": "Feature", "properties": { "id": 71859, "nb_points": 8 }, "geometry": { "type": "Polygon", "coordinates": [ [ [ -3.668582690930561, 8.105364756590667 ], [ -3.64825195824206, 8.10539758512588 ], [ -3.648284433811363, 8.125658207066904 ], [ -3.668616184829317, 8.12562529540623 ], [ -3.668582690930561, 8.105364756590667 ] ] ] } },
{ "type": "Feature", "properties": { "id": 72063, "nb_points": 9 }, "geometry": { "type": "Polygon", "coordinates": [ [ [ -3.645400172307105, 6.058979122409844 ], [ -3.625158780583137, 6.059002837265018 ], [ -3.62518213313619, 6.079265330939631 ], [ -3.645424280843228, 6.079241536203663 ], [ -3.645400172307105, 6.058979122409844 ] ] ] } },
{ "type": "Feature", "properties": { "id": 72064, "nb_points": 3 }, "geometry": { "type": "Polygon", "coordinates": [ [ [ -3.645424280843228, 6.079241536203663 ], [ -3.62518213313619, 6.079265330939631 ], [ -3.625205565114443, 6.099527809368347 ], [ -3.645448471375739, 6.099503934745867 ], [ -3.645424280843228, 6.079241536203663 ] ] ] } },
{ "type": "Feature", "properties": { "id": 72068, "nb_points": 12 }, "geometry": { "type": "Polygon", "coordinates": [ [ [ -3.645521535103366, 6.160291038362173 ], [ -3.625276337747418, 6.160315152678729 ], [ -3.625300087573739, 6.180577569623501 ], [ -3.645546053773458, 6.180553375397346 ], [ -3.645521535103366, 6.160291038362173 ] ] ] } },
{ "type": "Feature", "properties": { "id": 72164, "nb_points": 1 }, "geometry": { "type": "Polygon", "coordinates": [ [ [ -3.64825195824206, 8.10539758512588 ], [ -3.627921141777035, 8.105429400141096 ], [ -3.627952598996331, 8.125690102641249 ], [ -3.648284433811363, 8.125658207066904 ], [ -3.64825195824206, 8.10539758512588 ] ] ] } },
{ "type": "Feature", "properties": { "id": 72356, "nb_points": 12 }, "geometry": { "type": "Polygon", "coordinates": [ [ [ -3.62488473984, 5.815851742216574 ], [ -3.604652140291888, 5.815873773973203 ], [ -3.604673815689353, 5.836136523963315 ], [ -3.624907140416752, 5.836114414935667 ], [ -3.62488473984, 5.815851742216574 ] ] ] } },
{ "type": "Feature", "properties": { "id": 72420, "nb_points": 9 }, "geometry": { "type": "Polygon", "coordinates": [ [ [ -3.626478769369731, 7.112631188454166 ], [ -3.606194565947689, 7.112658177058526 ], [ -3.606221178837122, 7.132919889414002 ], [ -3.626506272627754, 7.132892823160179 ], [ -3.626478769369731, 7.112631188454166 ] ] ] } },
{ "type": "Feature", "properties": { "id": 72421, "nb_points": 3 }, "geometry": { "type": "Polygon", "coordinates": [ [ [ -3.626506272627754, 7.132892823160179 ], [ -3.606221178837122, 7.132919889414002 ], [ -3.606247869384976, 7.153181583938573 ], [ -3.626533856142341, 7.153154440028749 ], [ -3.626506272627754, 7.132892823160179 ] ] ] } },
{ "type": "Feature", "properties": { "id": 72469, "nb_points": 3 }, "geometry": { "type": "Polygon", "coordinates": [ [ [ -3.627921141777035, 8.105429400141096 ], [ -3.607590244162475, 8.105460201616424 ], [ -3.607620683011856, 8.125720982109325 ], [ -3.627952598996331, 8.125690102641249 ], [ -3.627921141777035, 8.105429400141096 ] ] ] } },
{ "type": "Feature", "properties": { "id": 72630, "nb_points": 2 }, "geometry": { "type": "Polygon", "coordinates": [ [ [ -3.604018167946927, 5.187721536878841 ], [ -3.5838067025155, 5.187740529523483 ], [ -3.583825361213636, 5.208003783018019 ], [ -3.604037472517545, 5.207984715795221 ], [ -3.604018167946927, 5.187721536878841 ] ] ] } },
{ "type": "Feature", "properties": { "id": 72631, "nb_points": 1 }, "geometry": { "type": "Polygon", "coordinates": [ [ [ -3.604037472517545, 5.207984715795221 ], [ -3.583825361213636, 5.208003783018019 ], [ -3.58384409364916, 5.228267023434808 ], [ -3.604056853377967, 5.228247881629282 ], [ -3.604037472517545, 5.207984715795221 ] ] ] } },
{ "type": "Feature", "properties": { "id": 72634, "nb_points": 24 }, "geometry": { "type": "Polygon", "coordinates": [ [ [ -3.604095844016648, 5.268774173849126 ], [ -3.583881779779172, 5.268793464833887 ], [ -3.583900733497183, 5.289056665715568 ], [ -3.604115453819243, 5.289037300134257 ], [ -3.604095844016648, 5.268774173849126 ] ] ] } },
{ "type": "Feature", "properties": { "id": 72935, "nb_points": 2 }, "geometry": { "type": "Polygon", "coordinates": [ [ [ -3.5838067025155, 5.187740529523483 ], [ -3.563595163358337, 5.187758875914627 ], [ -3.563613176172349, 5.20802220144969 ], [ -3.583825361213636, 5.208003783018019 ], [ -3.5838067025155, 5.187740529523483 ] ] ] } },
{ "type": "Feature", "properties": { "id": 72982, "nb_points": 2 }, "geometry": { "type": "Polygon", "coordinates": [ [ [ -3.584763569399311, 6.140098492083588 ], [ -3.564518907623974, 6.140120229438014 ], [ -3.564540279067011, 6.160382886266935 ], [ -3.584785707156068, 6.160361076645394 ], [ -3.584763569399311, 6.140098492083588 ] ] ] } },
{ "type": "Feature", "properties": { "id": 73016, "nb_points": 12 }, "geometry": { "type": "Polygon", "coordinates": [ [ [ -3.585558042172702, 6.829017409473927 ], [ -3.56528587918148, 6.829041606960299 ], [ -3.565309698435992, 6.849303711199656 ], [ -3.585582715511392, 6.849279441257763 ], [ -3.585558042172702, 6.829017409473927 ] ] ] } },
{ "type": "Feature", "properties": { "id": 73041, "nb_points": 12 }, "geometry": { "type": "Polygon", "coordinates": [ [ [ -3.586197363437019, 7.335562950989576 ], [ -3.565903069915756, 7.335588961661992 ], [ -3.565928699970165, 7.355850622923698 ], [ -3.586223912504829, 7.355824539643963 ], [ -3.586197363437019, 7.335562950989576 ] ] ] } },
{ "type": "Feature", "properties": { "id": 73240, "nb_points": 7 }, "geometry": { "type": "Polygon", "coordinates": [ [ [ -3.563595163358337, 5.187758875914627 ], [ -3.5433835530275, 5.187776576040883 ], [ -3.543400919946146, 5.208039971078795 ], [ -3.563613176172349, 5.20802220144969 ], [ -3.563595163358337, 5.187758875914627 ] ] ] } },
{ "type": "Feature", "properties": { "id": 73292, "nb_points": 4 }, "geometry": { "type": "Polygon", "coordinates": [ [ [ -3.564626482619929, 6.241433358785739 ], [ -3.544377891720088, 6.241454679084457 ], [ -3.544398842922633, 6.261717328012146 ], [ -3.564648213020872, 6.26169593796649 ], [ -3.564626482619929, 6.241433358785739 ] ] ] } },
{ "type": "Feature", "properties": { "id": 73350, "nb_points": 4 }, "geometry": { "type": "Polygon", "coordinates": [ [ [ -3.566006026020438, 7.416635496332556 ], [ -3.545707968130363, 7.416660870996244 ], [ -3.54573295937898, 7.43692252858309 ], [ -3.566031946720367, 7.436897083845278 ], [ -3.566006026020438, 7.416635496332556 ] ] ] } },
{ "type": "Feature", "properties": { "id": 73351, "nb_points": 8 }, "geometry": { "type": "Polygon", "coordinates": [ [ [ -3.566031946720367, 7.436897083845278 ], [ -3.54573295937898, 7.43692252858309 ], [ -3.545758020722811, 7.457184167615263 ], [ -3.566057940122408, 7.457158652797164 ], [ -3.566031946720367, 7.436897083845278 ] ] ] } },
{ "type": "Feature", "properties": { "id": 73590, "nb_points": 1 }, "geometry": { "type": "Polygon", "coordinates": [ [ [ -3.544233171387953, 6.099615701903691 ], [ -3.523989893644929, 6.099635773480539 ], [ -3.524009599222098, 6.119898597896458 ], [ -3.544253638159907, 6.119878459153554 ], [ -3.544233171387953, 6.099615701903691 ] ] ] } },
{ "type": "Feature", "properties": { "id": 73592, "nb_points": 1 }, "geometry": { "type": "Polygon", "coordinates": [ [ [ -3.544274174097415, 6.140141201078654 ], [ -3.524029371392444, 6.140161406992457 ], [ -3.524049210168353, 6.160424200718594 ], [ -3.544294779213343, 6.160403927629032 ], [ -3.544274174097415, 6.140141201078654 ] ] ] } },
{ "type": "Feature", "properties": { "id": 73597, "nb_points": 8 }, "geometry": { "type": "Polygon", "coordinates": [ [ [ -3.544377891720088, 6.241454679084457 ], [ -3.524129231576846, 6.24147522092599 ], [ -3.524149403567862, 6.261737937053988 ], [ -3.544398842922633, 6.261717328012146 ], [ -3.544377891720088, 6.241454679084457 ] ] ] } },
{ "type": "Feature", "properties": { "id": 73651, "nb_points": 1 }, "geometry": { "type": "Polygon", "coordinates": [ [ [ -3.545608703773619, 7.335614056090367 ], [ -3.525314267614593, 7.335638234259047 ], [ -3.525338059594323, 7.355900033062436 ], [ -3.545633414798474, 7.355875787401753 ], [ -3.545608703773619, 7.335614056090367 ] ] ] } },
{ "type": "Feature", "properties": { "id": 73773, "nb_points": 1 }, "geometry": { "type": "Polygon", "coordinates": [ [ [ -3.549145377543707, 9.807395274413484 ], [ -3.528719406605628, 9.807427734928348 ], [ -3.528751549027346, 9.827686933095849 ], [ -3.549178761571539, 9.82765440424699 ], [ -3.549145377543707, 9.807395274413484 ] ] ] } },
{ "type": "Feature", "properties": { "id": 73774, "nb_points": 3 }, "geometry": { "type": "Polygon", "coordinates": [ [ [ -3.549178761571539, 9.82765440424699 ], [ -3.528751549027346, 9.827686933095849 ], [ -3.528783761044853, 9.847946106959082 ], [ -3.549212217883499, 9.847913509768249 ], [ -3.549178761571539, 9.82765440424699 ] ] ] } },
{ "type": "Feature", "properties": { "id": 73854, "nb_points": 12 }, "geometry": { "type": "Polygon", "coordinates": [ [ [ -3.523239154645979, 5.268847399312564 ], [ -3.503024810640416, 5.268864064609704 ], [ -3.503041139905877, 5.289127538494569 ], [ -3.523256140040891, 5.289110808754169 ], [ -3.523239154645979, 5.268847399312564 ] ] ] } },
{ "type": "Feature", "properties": { "id": 73860, "nb_points": 12 }, "geometry": { "type": "Polygon", "coordinates": [ [ [ -3.523342059059261, 5.390427655967769 ], [ -3.503123739955396, 5.390444707984945 ], [ -3.503140450781947, 5.410708101544775 ], [ -3.523359441346801, 5.410690985060033 ], [ -3.523342059059261, 5.390427655967769 ] ] ] } },
{ "type": "Feature", "properties": { "id": 73894, "nb_points": 1 }, "geometry": { "type": "Polygon", "coordinates": [ [ [ -3.523970254648596, 6.079372933794645 ], [ -3.50372766895993, 6.079392180106985 ], [ -3.503746549321079, 6.099655084408915 ], [ -3.523989893644929, 6.099635773480539 ], [ -3.523970254648596, 6.079372933794645 ] ] ] } },
{ "type": "Feature", "properties": { "id": 73895, "nb_points": 1 }, "geometry": { "type": "Polygon", "coordinates": [ [ [ -3.523989893644929, 6.099635773480539 ], [ -3.503746549321079, 6.099655084408915 ], [ -3.503765493691119, 6.119917973445516 ], [ -3.524009599222098, 6.119898597896458 ], [ -3.523989893644929, 6.099635773480539 ] ] ] } },
{ "type": "Feature", "properties": { "id": 73896, "nb_points": 1 }, "geometry": { "type": "Polygon", "coordinates": [ [ [ -3.524009599222098, 6.119898597896458 ], [ -3.503765493691119, 6.119917973445516 ], [ -3.503784502081917, 6.140180847166854 ], [ -3.524029371392444, 6.140161406992457 ], [ -3.524009599222098, 6.119898597896458 ] ] ] } },
{ "type": "Feature", "properties": { "id": 73926, "nb_points": 8 }, "geometry": { "type": "Polygon", "coordinates": [ [ [ -3.524631789390976, 6.727775982378553 ], [ -3.504363649268365, 6.727797298786799 ], [ -3.504384584004656, 6.748059689871316 ], [ -3.52465356530932, 6.748038308690495 ], [ -3.524631789390976, 6.727775982378553 ] ] ] } },
{ "type": "Feature", "properties": { "id": 73953, "nb_points": 5 }, "geometry": { "type": "Polygon", "coordinates": [ [ [ -3.525243296092825, 7.274852728236457 ], [ -3.504951534079142, 7.274875795361201 ], [ -3.504974212615472, 7.295137713838811 ], [ -3.525266885878771, 7.295114581796613 ], [ -3.525243296092825, 7.274852728236457 ] ] ] } },
{ "type": "Feature", "properties": { "id": 73954, "nb_points": 5 }, "geometry": { "type": "Polygon", "coordinates": [ [ [ -3.525266885878771, 7.295114581796613 ], [ -3.504974212615472, 7.295137713838811 ], [ -3.504996955931886, 7.315399614119204 ], [ -3.525290543047725, 7.31537641715396 ], [ -3.525266885878771, 7.295114581796613 ] ] ] } },
{ "type": "Feature", "properties": { "id": 73956, "nb_points": 1 }, "geometry": { "type": "Polygon", "coordinates": [ [ [ -3.525314267614593, 7.335638234259047 ], [ -3.505019764042713, 7.335661496152944 ], [ -3.505042636962324, 7.355923359890611 ], [ -3.525338059594323, 7.355900033062436 ], [ -3.525314267614593, 7.335638234259047 ] ] ] } },
{ "type": "Feature", "properties": { "id": 74071, "nb_points": 2 }, "geometry": { "type": "Polygon", "coordinates": [ [ [ -3.52849635661382, 9.665612671279312 ], [ -3.508078932279043, 9.665643441649244 ], [ -3.508109365273406, 9.685902874289917 ], [ -3.528528012438314, 9.685872038228851 ], [ -3.52849635661382, 9.665612671279312 ] ] ] } },
{ "type": "Feature", "properties": { "id": 74076, "nb_points": 1 }, "geometry": { "type": "Polygon", "coordinates": [ [ [ -3.528655330467332, 9.766909265872995 ], [ -3.508231765145432, 9.76694036477431 ], [ -3.508262532184935, 9.787199677135078 ], [ -3.528687333759132, 9.787168512504687 ], [ -3.528655330467332, 9.766909265872995 ] ] ] } },
{ "type": "Feature", "properties": { "id": 74077, "nb_points": 1 }, "geometry": { "type": "Polygon", "coordinates": [ [ [ -3.528687333759132, 9.787168512504687 ], [ -3.508262532184935, 9.787199677135078 ], [ -3.508293366092337, 9.807458965295455 ], [ -3.528719406605628, 9.807427734928348 ], [ -3.528687333759132, 9.787168512504687 ] ] ] } },
{ "type": "Feature", "properties": { "id": 74078, "nb_points": 3 }, "geometry": { "type": "Polygon", "coordinates": [ [ [ -3.528719406605628, 9.807427734928348 ], [ -3.508293366092337, 9.807458965295455 ], [ -3.508324266887369, 9.827718229207326 ], [ -3.528751549027346, 9.827686933095849 ], [ -3.528719406605628, 9.807427734928348 ] ] ] } },
{ "type": "Feature", "properties": { "id": 74174, "nb_points": 12 }, "geometry": { "type": "Polygon", "coordinates": [ [ [ -3.503276428952528, 5.572814757533768 ], [ -3.483051910907728, 5.572831695366082 ], [ -3.4830685002856, 5.593095027015378 ], [ -3.503293712827909, 5.593078027218842 ], [ -3.503276428952528, 5.572814757533768 ] ] ] } },
{ "type": "Feature", "properties": { "id": 74198, "nb_points": 1 }, "geometry": { "type": "Polygon", "coordinates": [ [ [ -3.503708852595847, 6.059129260589665 ], [ -3.483466958985622, 6.05914768672039 ], [ -3.483485019274205, 6.079410668304068 ], [ -3.50372766895993, 6.079392180106985 ], [ -3.503708852595847, 6.059129260589665 ] ] ] } },
{ "type": "Feature", "properties": { "id": 74230, "nb_points": 36 }, "geometry": { "type": "Polygon", "coordinates": [ [ [ -3.504342778928053, 6.707534890892782 ], [ -3.484075413017138, 6.707555305428285 ], [ -3.484095444749781, 6.727817775538544 ], [ -3.504363649268365, 6.727797298786799 ], [ -3.504342778928053, 6.707534890892782 ] ] ] } },
{ "type": "Feature", "properties": { "id": 74231, "nb_points": 28 }, "geometry": { "type": "Polygon", "coordinates": [ [ [ -3.504363649268365, 6.727797298786799 ], [ -3.484095444749781, 6.727817775538544 ], [ -3.484115538290867, 6.748080228844239 ], [ -3.504384584004656, 6.748059689871316 ], [ -3.504363649268365, 6.727797298786799 ] ] ] } },
{ "type": "Feature", "properties": { "id": 74377, "nb_points": 1 }, "geometry": { "type": "Polygon", "coordinates": [ [ [ -3.508109365273406, 9.685902874289917 ], [ -3.487690651338573, 9.68593249571528 ], [ -3.487719925570373, 9.70619196750711 ], [ -3.508139865037702, 9.706162282970926 ], [ -3.508109365273406, 9.685902874289917 ] ] ] } },
{ "type": "Feature", "properties": { "id": 74383, "nb_points": 1 }, "geometry": { "type": "Polygon", "coordinates": [ [ [ -3.508293366092337, 9.807458965295455 ], [ -3.487867258691424, 9.807488965495164 ], [ -3.487896917839995, 9.827748292561738 ], [ -3.508324266887369, 9.827718229207326 ], [ -3.508293366092337, 9.807458965295455 ] ] ] } },
{ "type": "Feature", "properties": { "id": 74503, "nb_points": 1 }, "geometry": { "type": "Polygon", "coordinates": [ [ [ -3.483466958985622, 6.05914768672039 ], [ -3.463225003961159, 6.059165357269451 ], [ -3.46324230816293, 6.079428398374399 ], [ -3.483485019274205, 6.079410668304068 ], [ -3.483466958985622, 6.05914768672039 ] ] ] } },
{ "type": "Feature", "properties": { "id": 74542, "nb_points": 12 }, "geometry": { "type": "Polygon", "coordinates": [ [ [ -3.484216933566179, 6.849392241566348 ], [ -3.463943581160005, 6.849412236738848 ], [ -3.463963189073812, 6.869674647872992 ], [ -3.484237398224422, 6.869654593002024 ], [ -3.484216933566179, 6.849392241566348 ] ] ] } },
{ "type": "Feature", "properties": { "id": 74620, "nb_points": 9 }, "geometry": { "type": "Polygon", "coordinates": [ [ [ -3.486000095092726, 8.429800385305436 ], [ -3.465652091404666, 8.429825052626889 ], [ -3.465676365304146, 8.450085978063839 ], [ -3.486025429610233, 8.450061250621483 ], [ -3.486000095092726, 8.429800385305436 ] ] ] } },
{ "type": "Feature", "properties": { "id": 74621, "nb_points": 3 }, "geometry": { "type": "Polygon", "coordinates": [ [ [ -3.486025429610233, 8.450061250621483 ], [ -3.465676365304146, 8.450085978063839 ], [ -3.465700699591693, 8.470346882513761 ], [ -3.486050827154372, 8.470322094944487 ], [ -3.486025429610233, 8.450061250621483 ] ] ] } },
{ "type": "Feature", "properties": { "id": 74681, "nb_points": 3 }, "geometry": { "type": "Polygon", "coordinates": [ [ [ -3.487661441193799, 9.665672999971044 ], [ -3.467243886040212, 9.665701346226136 ], [ -3.467271873316724, 9.685960902486325 ], [ -3.487690651338573, 9.68593249571528 ], [ -3.487661441193799, 9.665672999971044 ] ] ] } },
{ "type": "Feature", "properties": { "id": 74682, "nb_points": 4 }, "geometry": { "type": "Polygon", "coordinates": [ [ [ -3.487690651338573, 9.68593249571528 ], [ -3.467271873316724, 9.685960902486325 ], [ -3.467299921997309, 9.70622043480107 ], [ -3.487719925570373, 9.70619196750711 ], [ -3.487690651338573, 9.68593249571528 ] ] ] } },
{ "type": "Feature", "properties": { "id": 74683, "nb_points": 3 }, "geometry": { "type": "Polygon", "coordinates": [ [ [ -3.487719925570373, 9.70619196750711 ], [ -3.467299921997309, 9.70622043480107 ], [ -3.467328032099902, 9.726479943122223 ], [ -3.487749263907916, 9.726451415298376 ], [ -3.487719925570373, 9.70619196750711 ] ] ] } },
{ "type": "Feature", "properties": { "id": 74688, "nb_points": 1 }, "geometry": { "type": "Polygon", "coordinates": [ [ [ -3.487867258691424, 9.807488965495164 ], [ -3.467441087090525, 9.807517735508624 ], [ -3.467469504573654, 9.827777123140196 ], [ -3.487896917839995, 9.827748292561738 ], [ -3.487867258691424, 9.807488965495164 ] ] ] } },
{ "type": "Feature", "properties": { "id": 74808, "nb_points": 3 }, "geometry": { "type": "Polygon", "coordinates": [ [ [ -3.463225003961159, 6.059165357269451 ], [ -3.442982990093531, 6.059182272225853 ], [ -3.442999538197654, 6.079445370306947 ], [ -3.46324230816293, 6.079428398374399 ], [ -3.463225003961159, 6.059165357269451 ] ] ] } },
{ "type": "Feature", "properties": { "id": 74814, "nb_points": 12 }, "geometry": { "type": "Polygon", "coordinates": [ [ [ -3.463329712199967, 6.180743374800873 ], [ -3.44308312316312, 6.180760631675647 ], [ -3.44310000911849, 6.201023637792873 ], [ -3.463347369689667, 6.201006323917253 ], [ -3.463329712199967, 6.180743374800873 ] ] ] } },
{ "type": "Feature", "properties": { "id": 74821, "nb_points": 10 }, "geometry": { "type": "Polygon", "coordinates": [ [ [ -3.463454552334121, 6.322583691244155 ], [ -3.443202508476229, 6.322601347212821 ], [ -3.443219789073381, 6.342864243770505 ], [ -3.463472622497081, 6.342846530771538 ], [ -3.463454552334121, 6.322583691244155 ] ] ] } },
{ "type": "Feature", "properties": { "id": 74836, "nb_points": 1 }, "geometry": { "type": "Polygon", "coordinates": [ [ [ -3.463731804828931, 6.626524596739723 ], [ -3.443467646576955, 6.626543108617081 ], [ -3.443485774638952, 6.646805762190736 ], [ -3.46375076117803, 6.64678719321763 ], [ -3.463731804828931, 6.626524596739723 ] ] ] } },
{ "type": "Feature", "properties": { "id": 74837, "nb_points": 10 }, "geometry": { "type": "Polygon", "coordinates": [ [ [ -3.46375076117803, 6.64678719321763 ], [ -3.443485774638952, 6.646805762190736 ], [ -3.443503959288305, 6.667068399167723 ], [ -3.463769776700002, 6.667049773094394 ], [ -3.46375076117803, 6.64678719321763 ] ] ] } },
{ "type": "Feature", "properties": { "id": 74838, "nb_points": 1 }, "geometry": { "type": "Polygon", "coordinates": [ [ [ -3.463769776700002, 6.667049773094394 ], [ -3.443503959288305, 6.667068399167723 ], [ -3.443522200536433, 6.687331019498375 ], [ -3.463788851406788, 6.68731233632033 ], [ -3.463769776700002, 6.667049773094394 ] ] ] } },
{ "type": "Feature", "properties": { "id": 74858, "nb_points": 11 }, "geometry": { "type": "Polygon", "coordinates": [ [ [ -3.46416253211339, 7.072297807939576 ], [ -3.443879553474988, 7.07231757697922 ], [ -3.44389892915335, 7.092579853965806 ], [ -3.464182793083332, 7.09256002772866 ], [ -3.46416253211339, 7.072297807939576 ] ] ] } },
{ "type": "Feature", "properties": { "id": 74984, "nb_points": 2 }, "geometry": { "type": "Polygon", "coordinates": [ [ [ -3.467188095627873, 9.625182162062009 ], [ -3.446772916814573, 9.625209180395897 ], [ -3.446799563814065, 9.645468842317554 ], [ -3.467215960149879, 9.645441766068641 ], [ -3.467188095627873, 9.625182162062009 ] ] ] } },
{ "type": "Feature", "properties": { "id": 74987, "nb_points": 2 }, "geometry": { "type": "Polygon", "coordinates": [ [ [ -3.467271873316724, 9.685960902486325 ], [ -3.446853033890809, 9.685988094585204 ], [ -3.446879857002243, 9.70624768483491 ], [ -3.467299921997309, 9.70622043480107 ], [ -3.467271873316724, 9.685960902486325 ] ] ] } },
{ "type": "Feature", "properties": { "id": 74993, "nb_points": 1 }, "geometry": { "type": "Polygon", "coordinates": [ [ [ -3.467441087090525, 9.807517735508624 ], [ -3.44701485397732, 9.807545275317743 ], [ -3.447042029776819, 9.827804720924563 ], [ -3.467469504573654, 9.827777123140196 ], [ -3.467441087090525, 9.807517735508624 ] ] ] } },
{ "type": "Feature", "properties": { "id": 75075, "nb_points": 9 }, "geometry": { "type": "Polygon", "coordinates": [ [ [ -3.442395768311195, 5.289173773752905 ], [ -3.422180529230761, 5.289187867486162 ], [ -3.422194287231093, 5.309451560511897 ], [ -3.442410185033671, 5.30943741248594 ], [ -3.442395768311195, 5.289173773752905 ] ] ] } },
{ "type": "Feature", "properties": { "id": 75092, "nb_points": 1 }, "geometry": { "type": "Polygon", "coordinates": [ [ [ -3.442648463111585, 5.63365378916922 ], [ -3.422421678019176, 5.633668806348858 ], [ -3.422436344320157, 5.653932266497312 ], [ -3.442663831623328, 5.653917194965487 ], [ -3.442648463111585, 5.63365378916922 ] ] ] } },
{ "type": "Feature", "properties": { "id": 75126, "nb_points": 2 }, "geometry": { "type": "Polygon", "coordinates": [ [ [ -3.443202508476229, 6.322601347212821 ], [ -3.422950408208731, 6.322618214476804 ], [ -3.422966899229238, 6.342881165517208 ], [ -3.443219789073381, 6.342864243770505 ], [ -3.443202508476229, 6.322601347212821 ] ] ] } },
{ "type": "Feature", "properties": { "id": 75163, "nb_points": 1 }, "geometry": { "type": "Polygon", "coordinates": [ [ [ -3.443879553474988, 7.07231757697922 ], [ -3.423596518001698, 7.072336462921955 ], [ -3.423615008376287, 7.092598794550993 ], [ -3.44389892915335, 7.092579853965806 ], [ -3.443879553474988, 7.07231757697922 ] ] ] } },
{ "type": "Feature", "properties": { "id": 75234, "nb_points": 8 }, "geometry": { "type": "Polygon", "coordinates": [ [ [ -3.445397226964016, 8.510892471039876 ], [ -3.425044846741427, 8.510915248749086 ], [ -3.425067219887262, 8.531176202519655 ], [ -3.445420671316625, 8.531153369809019 ], [ -3.445397226964016, 8.510892471039876 ] ] ] } },
{ "type": "Feature", "properties": { "id": 75289, "nb_points": 2 }, "geometry": { "type": "Polygon", "coordinates": [ [ [ -3.446772916814573, 9.625209180395897 ], [ -3.426357679331415, 9.625234991802703 ], [ -3.426383108791363, 9.645494709052292 ], [ -3.446799563814065, 9.645468842317554 ], [ -3.446772916814573, 9.625209180395897 ] ] ] } },
{ "type": "Feature", "properties": { "id": 75290, "nb_points": 3 }, "geometry": { "type": "Polygon", "coordinates": [ [ [ -3.446799563814065, 9.645468842317554 ], [ -3.426383108791363, 9.645494709052292 ], [ -3.426408594256734, 9.66575440246571 ], [ -3.446826269500453, 9.665728480396705 ], [ -3.446799563814065, 9.645468842317554 ] ] ] } },
{ "type": "Feature", "properties": { "id": 75377, "nb_points": 1 }, "geometry": { "type": "Polygon", "coordinates": [ [ [ -3.422139575298661, 5.228396709124603 ], [ -3.401926243735093, 5.228409988590536 ], [ -3.401939190640784, 5.248673772952617 ], [ -3.422153173273082, 5.248660441742341 ], [ -3.422139575298661, 5.228396709124603 ] ] ] } },
{ "type": "Feature", "properties": { "id": 75380, "nb_points": 3 }, "geometry": { "type": "Polygon", "coordinates": [ [ [ -3.422180529230761, 5.289187867486162 ], [ -3.401965236799817, 5.289201302194727 ], [ -3.401978336069418, 5.309465046974433 ], [ -3.422194287231093, 5.309451560511897 ], [ -3.422180529230761, 5.289187867486162 ] ] ] } },
{ "type": "Feature", "properties": { "id": 75385, "nb_points": 11 }, "geometry": { "type": "Polygon", "coordinates": [ [ [ -3.42224985290986, 5.39050619913656 ], [ -3.402031241272917, 5.390519892647445 ], [ -3.402044594646359, 5.410783570453572 ], [ -3.42226387779228, 5.410769825172417 ], [ -3.42224985290986, 5.39050619913656 ] ] ] } },
{ "type": "Feature", "properties": { "id": 75397, "nb_points": 11 }, "geometry": { "type": "Polygon", "coordinates": [ [ [ -3.422421678019176, 5.633668806348858 ], [ -3.402194839425612, 5.633683121323381 ], [ -3.402208803506662, 5.653946633282507 ], [ -3.422436344320157, 5.653932266497312 ], [ -3.422421678019176, 5.633668806348858 ] ] ] } },
{ "type": "Feature", "properties": { "id": 75401, "nb_points": 6 }, "geometry": { "type": "Polygon", "coordinates": [ [ [ -3.422480664321918, 5.714722561845985 ], [ -3.402251001474501, 5.714737084083951 ], [ -3.402265169401328, 5.735000539159056 ], [ -3.422495544719568, 5.734985965096542 ], [ -3.422480664321918, 5.714722561845985 ] ] ] } },
{ "type": "Feature", "properties": { "id": 75418, "nb_points": 12 }, "geometry": { "type": "Polygon", "coordinates": [ [ [ -3.422740919953853, 6.059198431579077 ], [ -3.402498796113274, 6.059213835319073 ], [ -3.402513831991481, 6.079477039716935 ], [ -3.422756711949964, 6.079461584091153 ], [ -3.422740919953853, 6.059198431579077 ] ] ] } },
{ "type": "Feature", "properties": { "id": 75535, "nb_points": 4 }, "geometry": { "type": "Polygon", "coordinates": [ [ [ -3.424955905548482, 8.429871222933185 ], [ -3.404607728656264, 8.429892725889131 ], [ -3.404628820611995, 8.450153816264072 ], [ -3.424978058166402, 8.450132260899618 ], [ -3.424955905548482, 8.429871222933185 ] ] ] } },
{ "type": "Feature", "properties": { "id": 75595, "nb_points": 2 }, "geometry": { "type": "Polygon", "coordinates": [ [ [ -3.426383108791363, 9.645494709052292 ], [ -3.405966597763242, 9.645519366256597 ], [ -3.405990862991305, 9.665779112416857 ], [ -3.426408594256734, 9.66575440246571 ], [ -3.426383108791363, 9.645494709052292 ] ] ] } },
{ "type": "Feature", "properties": { "id": 75597, "nb_points": 1 }, "geometry": { "type": "Polygon", "coordinates": [ [ [ -3.426434135743821, 9.686014071994823 ], [ -3.406015181558794, 9.686038834698865 ], [ -3.406039553481257, 9.706298533054513 ], [ -3.426459733268953, 9.706273717591513 ], [ -3.426434135743821, 9.686014071994823 ] ] ] } },
{ "type": "Feature", "properties": { "id": 75681, "nb_points": 6 }, "geometry": { "type": "Polygon", "coordinates": [ [ [ -3.401913347601167, 5.208146191134667 ], [ -3.381700613789433, 5.208158769979886 ], [ -3.381712861399765, 5.22842261663878 ], [ -3.401926243735093, 5.228409988590536 ], [ -3.401913347601167, 5.208146191134667 ] ] ] } },
{ "type": "Feature", "properties": { "id": 75682, "nb_points": 5 }, "geometry": { "type": "Polygon", "coordinates": [ [ [ -3.401926243735093, 5.228409988590536 ], [ -3.381712861399765, 5.22842261663878 ], [ -3.381725157228644, 5.248686450206914 ], [ -3.401939190640784, 5.248673772952617 ], [ -3.401926243735093, 5.228409988590536 ] ] ] } },
{ "type": "Feature", "properties": { "id": 75696, "nb_points": 3 }, "geometry": { "type": "Polygon", "coordinates": [ [ [ -3.402112124366372, 5.512101755305592 ], [ -3.381889394425763, 5.512115072519539 ], [ -3.381902366134121, 5.532378717553243 ], [ -3.402125782939995, 5.532365351089594 ], [ -3.402112124366372, 5.512101755305592 ] ] ] } },
{ "type": "Feature", "properties": { "id": 75706, "nb_points": 6 }, "geometry": { "type": "Polygon", "coordinates": [ [ [ -3.402251001474501, 5.714737084083951 ], [ -3.382021287652436, 5.71475089394071 ], [ -3.382034743099581, 5.735014398298138 ], [ -3.402265169401328, 5.735000539159056 ], [ -3.402251001474501, 5.714737084083951 ] ] ] } },
{ "type": "Feature", "properties": { "id": 75751, "nb_points": 10 }, "geometry": { "type": "Polygon", "coordinates": [ [ [ -3.402939162930139, 6.626577651544758 ], [ -3.382674842705401, 6.626593682573565 ], [ -3.382690485839874, 6.646856492131307 ], [ -3.402955634384304, 6.646840411658363 ], [ -3.402939162930139, 6.626577651544758 ] ] ] } },
{ "type": "Feature", "properties": { "id": 75752, "nb_points": 2 }, "geometry": { "type": "Polygon", "coordinates": [ [ [ -3.402955634384304, 6.646840411658363 ], [ -3.382690485839874, 6.646856492131307 ], [ -3.382706177804939, 6.667119285104611 ], [ -3.40297215725468, 6.667103155183656 ], [ -3.402955634384304, 6.646840411658363 ] ] ] } },
{ "type": "Feature", "properties": { "id": 75763, "nb_points": 5 }, "geometry": { "type": "Polygon", "coordinates": [ [ [ -3.403140216149407, 6.869729667162041 ], [ -3.382865785321697, 6.869746291779013 ], [ -3.382882015080618, 6.890008899049753 ], [ -3.403157305290291, 6.889992224941319 ], [ -3.403140216149407, 6.869729667162041 ] ] ] } },
{ "type": "Feature", "properties": { "id": 75764, "nb_points": 1 }, "geometry": { "type": "Polygon", "coordinates": [ [ [ -3.403157305290291, 6.889992224941319 ], [ -3.382882015080618, 6.890008899049753 ], [ -3.382898293790475, 6.910271489141049 ], [ -3.403174445974104, 6.910254765537131 ], [ -3.403157305290291, 6.889992224941319 ] ] ] } },
{ "type": "Feature", "properties": { "id": 75902, "nb_points": 5 }, "geometry": { "type": "Polygon", "coordinates": [ [ [ -3.406015181558794, 9.686038834698865 ], [ -3.385596174018798, 9.686062382681763 ], [ -3.385619320323006, 9.706322131208312 ], [ -3.406039553481257, 9.706298533054513 ], [ -3.406015181558794, 9.686038834698865 ] ] ] } },
{ "type": "Feature", "properties": { "id": 75904, "nb_points": 1 }, "geometry": { "type": "Polygon", "coordinates": [ [ [ -3.406063978774278, 9.726558207435705 ], [ -3.385642517313882, 9.726581855766192 ], [ -3.38566576500626, 9.746841556307327 ], [ -3.40608845745348, 9.746817857794362 ], [ -3.406063978774278, 9.726558207435705 ] ] ] } },
{ "type": "Feature", "properties": { "id": 75905, "nb_points": 3 }, "geometry": { "type": "Polygon", "coordinates": [ [ [ -3.40608845745348, 9.746817857794362 ], [ -3.38566576500626, 9.746841556307327 ], [ -3.385689063415011, 9.767101232783666 ], [ -3.406112989534519, 9.76707748408241 ], [ -3.40608845745348, 9.746817857794362 ] ] ] } },
{ "type": "Feature", "properties": { "id": 75995, "nb_points": 12 }, "geometry": { "type": "Polygon", "coordinates": [ [ [ -3.381812578798662, 5.390532914429888 ], [ -3.361593868043607, 5.390545264475796 ], [ -3.361605878374492, 5.410809038203739 ], [ -3.381825260654785, 5.410796641466717 ], [ -3.381812578798662, 5.390532914429888 ] ] ] } },
{ "type": "Feature", "properties": { "id": 76000, "nb_points": 9 }, "geometry": { "type": "Polygon", "coordinates": [ [ [ -3.381876471046195, 5.49185141369345 ], [ -3.361654377091087, 5.49186399722477 ], [ -3.36166661615637, 5.512127702756955 ], [ -3.381889394425763, 5.512115072519539 ], [ -3.381876471046195, 5.49185141369345 ] ] ] } },
{ "type": "Feature", "properties": { "id": 76061, "nb_points": 7 }, "geometry": { "type": "Polygon", "coordinates": [ [ [ -3.382753546782373, 6.727907564021625 ], [ -3.36248501022754, 6.727923002584807 ], [ -3.362500056350808, 6.748185775636165 ], [ -3.382769434168658, 6.748170290160952 ], [ -3.382753546782373, 6.727907564021625 ] ] ] } },
{ "type": "Feature", "properties": { "id": 76062, "nb_points": 5 }, "geometry": { "type": "Polygon", "coordinates": [ [ [ -3.382769434168658, 6.748170290160952 ], [ -3.362500056350808, 6.748185775636165 ], [ -3.362515148765976, 6.768448531858754 ], [ -3.382785370435124, 6.768432999467776 ], [ -3.382769434168658, 6.748170290160952 ] ] ] } },
{ "type": "Feature", "properties": { "id": 76070, "nb_points": 3 }, "geometry": { "type": "Polygon", "coordinates": [ [ [ -3.382898293790475, 6.910271489141049 ], [ -3.36262209264568, 6.91028735004794 ], [ -3.362637555739949, 6.930549969856332 ], [ -3.382914621461503, 6.930534062003378 ], [ -3.382898293790475, 6.910271489141049 ] ] ] } },
{ "type": "Feature", "properties": { "id": 76208, "nb_points": 1 }, "geometry": { "type": "Polygon", "coordinates": [ [ [ -3.385619320323006, 9.706322131208312 ], [ -3.365199036478095, 9.706344512038086 ], [ -3.365221005151988, 9.726604284184265 ], [ -3.385642517313882, 9.726581855766192 ], [ -3.385619320323006, 9.706322131208312 ] ] ] } },
{ "type": "Feature", "properties": { "id": 76209, "nb_points": 1 }, "geometry": { "type": "Polygon", "coordinates": [ [ [ -3.385642517313882, 9.726581855766192 ], [ -3.365221005151988, 9.726604284184265 ], [ -3.365243021842673, 9.7468640323192 ], [ -3.38566576500626, 9.746841556307327 ], [ -3.385642517313882, 9.726581855766192 ] ] ] } },
{ "type": "Feature", "properties": { "id": 76298, "nb_points": 12 }, "geometry": { "type": "Polygon", "coordinates": [ [ [ -3.361569984547144, 5.350017676603335 ], [ -3.34135256346401, 5.350029266610458 ], [ -3.341363815933839, 5.370293111411979 ], [ -3.361581903436981, 5.370281477258963 ], [ -3.361569984547144, 5.350017676603335 ] ] ] } },
{ "type": "Feature", "properties": { "id": 76348, "nb_points": 12 }, "geometry": { "type": "Polygon", "coordinates": [ [ [ -3.362222085292662, 6.363190266508169 ], [ -3.341968203353283, 6.363204067440817 ], [ -3.341981623038097, 6.38346717922157 ], [ -3.362236299749123, 6.383453333990218 ], [ -3.362222085292662, 6.363190266508169 ] ] ] } },
{ "type": "Feature", "properties": { "id": 76352, "nb_points": 1 }, "geometry": { "type": "Polygon", "coordinates": [ [ [ -3.3622792199123, 6.444242440627727 ], [ -3.342022143410012, 6.444256418775243 ], [ -3.342035737334717, 6.464519466531244 ], [ -3.362293618927871, 6.464505444071621 ], [ -3.3622792199123, 6.444242440627727 ] ] ] } },
{ "type": "Feature", "properties": { "id": 76353, "nb_points": 8 }, "geometry": { "type": "Polygon", "coordinates": [ [ [ -3.362293618927871, 6.464505444071621 ], [ -3.342035737334717, 6.464519466531244 ], [ -3.342049374840647, 6.48478249815681 ], [ -3.362308064105729, 6.484768431381703 ], [ -3.362293618927871, 6.464505444071621 ] ] ] } },
{ "type": "Feature", "properties": { "id": 76354, "nb_points": 1 }, "geometry": { "type": "Polygon", "coordinates": [ [ [ -3.362308064105729, 6.484768431381703 ], [ -3.342049374840647, 6.48478249815681 ], [ -3.342063055936357, 6.505045513602254 ], [ -3.362322555454939, 6.505031402508274 ], [ -3.362308064105729, 6.484768431381703 ] ] ] } },
{ "type": "Feature", "properties": { "id": 76374, "nb_points": 3 }, "geometry": { "type": "Polygon", "coordinates": [ [ [ -3.362606675920014, 6.890024713014406 ], [ -3.342331290400505, 6.890039666825428 ], [ -3.342345845132287, 6.910302348247916 ], [ -3.36262209264568, 6.91028735004794 ], [ -3.362606675920014, 6.890024713014406 ] ] ] } },
{ "type": "Feature", "properties": { "id": 76615, "nb_points": 11 }, "geometry": { "type": "Polygon", "coordinates": [ [ [ -3.34149044326918, 5.593194506436054 ], [ -3.321264813107174, 5.593205929225166 ], [ -3.321275886847046, 5.613469651128996 ], [ -3.341502214138224, 5.613458186701082 ], [ -3.34149044326918, 5.593194506436054 ] ] ] } },
{ "type": "Feature", "properties": { "id": 76616, "nb_points": 1 }, "geometry": { "type": "Polygon", "coordinates": [ [ [ -3.341502214138224, 5.613458186701082 ], [ -3.321275886847046, 5.613469651128996 ], [ -3.321287001272715, 5.633733358998946 ], [ -3.341514028254368, 5.633721852929481 ], [ -3.341502214138224, 5.613458186701082 ] ] ] } },
{ "type": "Feature", "properties": { "id": 76658, "nb_points": 1 }, "geometry": { "type": "Polygon", "coordinates": [ [ [ -3.342035737334717, 6.464519466531244 ], [ -3.321777812160344, 6.464532682400431 ], [ -3.321790641985788, 6.484795755792395 ], [ -3.342049374840647, 6.48478249815681 ], [ -3.342035737334717, 6.464519466531244 ] ] ] } },
{ "type": "Feature", "properties": { "id": 76659, "nb_points": 1 }, "geometry": { "type": "Polygon", "coordinates": [ [ [ -3.342049374840647, 6.48478249815681 ], [ -3.321790641985788, 6.484795755792395 ], [ -3.321803512819415, 6.505058813007436 ], [ -3.342063055936357, 6.505045513602254 ], [ -3.342049374840647, 6.48478249815681 ] ] ] } },
{ "type": "Feature", "properties": { "id": 76809, "nb_points": 1 }, "geometry": { "type": "Polygon", "coordinates": [ [ [ -3.344594079308337, 9.524026248874531 ], [ -3.324184636554704, 9.524045813530497 ], [ -3.324203765285897, 9.544305886935348 ], [ -3.344614412255979, 9.544286279911534 ], [ -3.344594079308337, 9.524026248874531 ] ] ] } },
{ "type": "Feature", "properties": { "id": 76810, "nb_points": 1 }, "geometry": { "type": "Polygon", "coordinates": [ [ [ -3.344614412255979, 9.544286279911534 ], [ -3.324203765285897, 9.544305886935348 ], [ -3.324222936553094, 9.564565936771787 ], [ -3.344634790417397, 9.564546287375329 ], [ -3.344614412255979, 9.544286279911534 ] ] ] } },
{ "type": "Feature", "properties": { "id": 76812, "nb_points": 1 }, "geometry": { "type": "Polygon", "coordinates": [ [ [ -3.344655213805609, 9.584806271217779 ], [ -3.324242150368544, 9.584825962991697 ], [ -3.324261406744522, 9.605085965546948 ], [ -3.344675682433664, 9.605066231390753 ], [ -3.344655213805609, 9.584806271217779 ] ] ] } },
{ "type": "Feature", "properties": { "id": 76822, "nb_points": 11 }, "geometry": { "type": "Polygon", "coordinates": [ [ [ -3.344861938047389, 9.787404799885604 ], [ -3.324436631391977, 9.787424915701067 ], [ -3.324456314054795, 9.807684678965879 ], [ -3.344882859798336, 9.807664520719321 ], [ -3.344861938047389, 9.787404799885604 ] ] ] } },
{ "type": "Feature", "properties": { "id": 76823, "nb_points": 1 }, "geometry": { "type": "Polygon", "coordinates": [ [ [ -3.344882859798336, 9.807664520719321 ], [ -3.324456314054795, 9.807684678965879 ], [ -3.324476039415091, 9.827944418037527 ], [ -3.344903826934696, 9.827924217354928 ], [ -3.344882859798336, 9.807664520719321 ] ] ] } },
{ "type": "Feature", "properties": { "id": 76904, "nb_points": 12 }, "geometry": { "type": "Polygon", "coordinates": [ [ [ -3.321093160968765, 5.268984510980722 ], [ -3.30087829631499, 5.268994611391441 ], [ -3.300888063792884, 5.289258590089499 ], [ -3.321103584659613, 5.289248450621352 ], [ -3.321093160968765, 5.268984510980722 ] ] ] } },
{ "type": "Feature", "properties": { "id": 76954, "nb_points": 12 }, "geometry": { "type": "Polygon", "coordinates": [ [ [ -3.321664187780054, 6.282164302109767 ], [ -3.301413374712339, 6.282176358558011 ], [ -3.301425051346696, 6.302439614496794 ], [ -3.321676648890931, 6.302427518857812 ], [ -3.321664187780054, 6.282164302109767 ] ] ] } },
{ "type": "Feature", "properties": { "id": 77001, "nb_points": 12 }, "geometry": { "type": "Polygon", "coordinates": [ [ [ -3.322294244378888, 7.234517680570031 ], [ -3.302003766745282, 7.234531582287945 ], [ -3.302017254622419, 7.254794045452369 ], [ -3.322308638417856, 7.254780104396357 ], [ -3.322294244378888, 7.234517680570031 ] ] ] } },
{ "type": "Feature", "properties": { "id": 77116, "nb_points": 1 }, "geometry": { "type": "Polygon", "coordinates": [ [ [ -3.324222936553094, 9.564565936771787 ], [ -3.303811040140545, 9.564584386915325 ], [ -3.303829044370957, 9.584844452926287 ], [ -3.324242150368544, 9.584825962991697 ], [ -3.324222936553094, 9.564565936771787 ] ] ] } },
{ "type": "Feature", "properties": { "id": 77422, "nb_points": 6 }, "geometry": { "type": "Polygon", "coordinates": [ [ [ -3.303829044370957, 9.584844452926287 ], [ -3.283415898492189, 9.58486174100994 ], [ -3.283432730327872, 9.605121820569641 ], [ -3.303847088482553, 9.605104495277125 ], [ -3.303829044370957, 9.584844452926287 ] ] ] } },
{ "type": "Feature", "properties": { "id": 77582, "nb_points": 12 }, "geometry": { "type": "Polygon", "coordinates": [ [ [ -3.281364062372469, 6.646924451502181 ], [ -3.261098659629909, 6.646935554718327 ], [ -3.261109365974411, 6.66719859081187 ], [ -3.281375599673585, 6.667187453452939 ], [ -3.281364062372469, 6.646924451502181 ] ] ] } },
{ "type": "Feature", "properties": { "id": 77899, "nb_points": 1 }, "geometry": { "type": "Polygon", "coordinates": [ [ [ -3.261229336574947, 6.890090880354835 ], [ -3.24095375814229, 6.89010153326862 ], [ -3.240964002778217, 6.91036439833574 ], [ -3.261240443245095, 6.910353713799793 ], [ -3.261229336574947, 6.890090880354835 ] ] ] } },
{ "type": "Feature", "properties": { "id": 77927, "nb_points": 8 }, "geometry": { "type": "Polygon", "coordinates": [ [ [ -3.261552973955321, 7.457443549923859 ], [ -3.241252276699353, 7.45745508925875 ], [ -3.241263386597073, 7.477717453879906 ], [ -3.261565018694568, 7.477705882847662 ], [ -3.261552973955321, 7.457443549923859 ] ] ] } },
{ "type": "Feature", "properties": { "id": 77928, "nb_points": 4 }, "geometry": { "type": "Polygon", "coordinates": [ [ [ -3.261565018694568, 7.477705882847662 ], [ -3.241263386597073, 7.477717453879906 ], [ -3.24127452749595, 7.497979799913327 ], [ -3.261577097043557, 7.497968197180937 ], [ -3.261565018694568, 7.477705882847662 ] ] ] } },
{ "type": "Feature", "properties": { "id": 77963, "nb_points": 3 }, "geometry": { "type": "Polygon", "coordinates": [ [ [ -3.26200781440101, 8.186875472418025 ], [ -3.241671815118065, 8.186888154678464 ], [ -3.24168404563005, 8.207149819218843 ], [ -3.262021074048382, 8.207137105155226 ], [ -3.26200781440101, 8.186875472418025 ] ] ] } },
{ "type": "Feature", "properties": { "id": 78033, "nb_points": 2 }, "geometry": { "type": "Polygon", "coordinates": [ [ [ -3.263018334960627, 9.605137941413615 ], [ -3.242603905060987, 9.605152857798911 ], [ -3.242618344165556, 9.625412980319696 ], [ -3.26303398904204, 9.625398031895395 ], [ -3.263018334960627, 9.605137941413615 ] ] ] } },
{ "type": "Feature", "properties": { "id": 78204, "nb_points": 9 }, "geometry": { "type": "Polygon", "coordinates": [ [ [ -3.24095375814229, 6.89010153326862 ], [ -3.220678148903453, 6.890111325980897 ], [ -3.220687531498717, 6.910374220116753 ], [ -3.240964002778217, 6.91036439833574 ], [ -3.24095375814229, 6.89010153326862 ] ] ] } },
{ "type": "Feature", "properties": { "id": 78205, "nb_points": 2 }, "geometry": { "type": "Polygon", "coordinates": [ [ [ -3.240964002778217, 6.91036439833574 ], [ -3.220687531498717, 6.910374220116753 ], [ -3.220696942313861, 6.930637097048436 ], [ -3.240974278226767, 6.930627246196317 ], [ -3.240964002778217, 6.91036439833574 ] ] ] } },
{ "type": "Feature", "properties": { "id": 78236, "nb_points": 12 }, "geometry": { "type": "Polygon", "coordinates": [ [ [ -3.241296902325299, 7.538504436020222 ], [ -3.220992419027047, 7.538515160143797 ], [ -3.22100270768512, 7.558777479267099 ], [ -3.241308136269887, 7.55876672599533 ], [ -3.241296902325299, 7.538504436020222 ] ] ] } },
{ "type": "Feature", "properties": { "id": 78268, "nb_points": 9 }, "geometry": { "type": "Polygon", "coordinates": [ [ [ -3.241671815118065, 8.186888154678464 ], [ -3.221335784575861, 8.186899812871806 ], [ -3.221346985944714, 8.207161506647324 ], [ -3.24168404563005, 8.207149819218843 ], [ -3.241671815118065, 8.186888154678464 ] ] ] } },
{ "type": "Feature", "properties": { "id": 78425, "nb_points": 1 }, "geometry": { "type": "Polygon", "coordinates": [ [ [ -3.219990190752554, 5.187971878296113 ], [ -3.199777760972121, 5.187978590565219 ], [ -3.199784146340301, 5.208242778851134 ], [ -3.219997222145521, 5.208236040225034 ], [ -3.219990190752554, 5.187971878296113 ] ] ] } },
{ "type": "Feature", "properties": { "id": 78426, "nb_points": 23 }, "geometry": { "type": "Polygon", "coordinates": [ [ [ -3.219997222145521, 5.208236040225034 ], [ -3.199784146340301, 5.208242778851134 ], [ -3.199790556942882, 5.228506954116598 ], [ -3.22000428132592, 5.228500189131887 ], [ -3.219997222145521, 5.208236040225034 ] ] ] } },
{ "type": "Feature", "properties": { "id": 78438, "nb_points": 8 }, "geometry": { "type": "Polygon", "coordinates": [ [ [ -3.2200837675535, 5.451404953328773 ], [ -3.199862740197506, 5.45141200836666 ], [ -3.199869453929576, 5.47167602348182 ], [ -3.220091160531795, 5.471668942065436 ], [ -3.2200837675535, 5.451404953328773 ] ] ] } },
{ "type": "Feature", "properties": { "id": 78439, "nb_points": 17 }, "geometry": { "type": "Polygon", "coordinates": [ [ [ -3.220091160531795, 5.471668942065436 ], [ -3.199869453929576, 5.47167602348182 ], [ -3.199876192949315, 5.491940024925927 ], [ -3.220098581356178, 5.491932917129343 ], [ -3.220091160531795, 5.471668942065436 ] ] ] } },
{ "type": "Feature", "properties": { "id": 78470, "nb_points": 12 }, "geometry": { "type": "Polygon", "coordinates": [ [ [ -3.220334178156114, 6.099845563450677 ], [ -3.200090143773063, 6.099853463475436 ], [ -3.200097668879209, 6.120117016353524 ], [ -3.220342464597321, 6.120109089892678 ], [ -3.220334178156114, 6.099845563450677 ] ] ] } },
{ "type": "Feature", "properties": { "id": 78471, "nb_points": 12 }, "geometry": { "type": "Polygon", "coordinates": [ [ [ -3.220342464597321, 6.120109089892678 ], [ -3.200097668879209, 6.120117016353524 ], [ -3.200105219415797, 6.140380553964229 ], [ -3.220350779041834, 6.140372601065391 ], [ -3.220342464597321, 6.120109089892678 ] ] ] } },
{ "type": "Feature", "properties": { "id": 78520, "nb_points": 15 }, "geometry": { "type": "Polygon", "coordinates": [ [ [ -3.220782910527277, 7.113002207090599 ], [ -3.200497647870114, 7.113011431383496 ], [ -3.200506450615453, 7.133274160094987 ], [ -3.220792603869738, 7.133264909262647 ], [ -3.220782910527277, 7.113002207090599 ] ] ] } },
{ "type": "Feature", "properties": { "id": 78521, "nb_points": 18 }, "geometry": { "type": "Polygon", "coordinates": [ [ [ -3.220792603869738, 7.133264909262647 ], [ -3.200506450615453, 7.133274160094987 ], [ -3.200515279047943, 7.153536871061157 ], [ -3.220802325498186, 7.153527593687141 ], [ -3.220792603869738, 7.133264909262647 ] ] ] } },
{ "type": "Feature", "properties": { "id": 78529, "nb_points": 12 }, "geometry": { "type": "Polygon", "coordinates": [ [ [ -3.220871169421416, 7.295365883583246 ], [ -3.200577797784633, 7.295375346812131 ], [ -3.200586831915841, 7.31563791404034 ], [ -3.220881117559649, 7.315628424251662 ], [ -3.220871169421416, 7.295365883583246 ] ] ] } },
{ "type": "Feature", "properties": { "id": 78559, "nb_points": 12 }, "geometry": { "type": "Polygon", "coordinates": [ [ [ -3.221181968257331, 7.903233990665971 ], [ -3.200860041296649, 7.903244251713923 ], [ -3.200869850113329, 7.92350625188385 ], [ -3.221192769457941, 7.923495964204363 ], [ -3.221181968257331, 7.903233990665971 ] ] ] } },
{ "type": "Feature", "properties": { "id": 78744, "nb_points": 11 }, "geometry": { "type": "Polygon", "coordinates": [ [ [ -3.199869453929576, 5.47167602348182 ], [ -3.179647722039691, 5.471682422947477 ], [ -3.179653779250575, 5.491946448231329 ], [ -3.199876192949315, 5.491940024925927 ], [ -3.199869453929576, 5.47167602348182 ] ] ] } },
{ "type": "Feature", "properties": { "id": 78825, "nb_points": 3 }, "geometry": { "type": "Polygon", "coordinates": [ [ [ -3.200497647870114, 7.113011431383496 ], [ -3.180212359531344, 7.113019767363594 ], [ -3.180220271674017, 7.13328252005874 ], [ -3.200506450615453, 7.133274160094987 ], [ -3.200497647870114, 7.113011431383496 ] ] ] } },
{ "type": "Feature", "properties": { "id": 78913, "nb_points": 3 }, "geometry": { "type": "Polygon", "coordinates": [ [ [ -3.201371269233821, 8.896058236983755 ], [ -3.180997593759695, 8.896068691919208 ], [ -3.181007558468766, 8.916329695419313 ], [ -3.201382355585284, 8.916319216299307 ], [ -3.201371269233821, 8.896058236983755 ] ] ] } },
{ "type": "Feature", "properties": { "id": 78914, "nb_points": 1 }, "geometry": { "type": "Polygon", "coordinates": [ [ [ -3.201382355585284, 8.916319216299307 ], [ -3.181007558468766, 8.916329695419313 ], [ -3.181017546764343, 8.936590676872521 ], [ -3.201393468178184, 8.936580173565401 ], [ -3.201382355585284, 8.916319216299307 ] ] ] } },
{ "type": "Feature", "properties": { "id": 78915, "nb_points": 1 }, "geometry": { "type": "Polygon", "coordinates": [ [ [ -3.201393468178184, 8.936580173565401 ], [ -3.181017546764343, 8.936590676872521 ], [ -3.181027558652783, 8.956851636230397 ], [ -3.20140460701959, 8.956841108733608 ], [ -3.201393468178184, 8.936580173565401 ] ] ] } },
{ "type": "Feature", "properties": { "id": 79073, "nb_points": 12 }, "geometry": { "type": "Polygon", "coordinates": [ [ [ -3.179799377257341, 5.958015142080455 ], [ -3.159560552002116, 5.958021371164824 ], [ -3.159566412536366, 5.978285074732778 ], [ -3.179805981138598, 5.978278824314635 ], [ -3.179799377257341, 5.958015142080455 ] ] ] } },
{ "type": "Feature", "properties": { "id": 79164, "nb_points": 24 }, "geometry": { "type": "Polygon", "coordinates": [ [ [ -3.180494355514012, 7.801943110234314 ], [ -3.160177302023818, 7.801951287487887 ], [ -3.160185022767048, 7.822213430783521 ], [ -3.180503055552012, 7.822205232037724 ], [ -3.180494355514012, 7.801943110234314 ] ] ] } },
{ "type": "Feature", "properties": { "id": 79220, "nb_points": 6 }, "geometry": { "type": "Polygon", "coordinates": [ [ [ -3.181017546764343, 8.936590676872521 ], [ -3.160641601757644, 8.936600060902014 ], [ -3.160650486686747, 8.956861041871809 ], [ -3.181027558652783, 8.956851636230397 ], [ -3.181017546764343, 8.936590676872521 ] ] ] } },
{ "type": "Feature", "properties": { "id": 79370, "nb_points": 8 }, "geometry": { "type": "Polygon", "coordinates": [ [ [ -3.159514396600861, 5.795911211636485 ], [ -3.139281405445842, 5.79591654747813 ], [ -3.139286381231673, 5.816180387356258 ], [ -3.159520095197149, 5.816175032735851 ], [ -3.159514396600861, 5.795911211636485 ] ] ] } },
{ "type": "Feature", "properties": { "id": 79432, "nb_points": 12 }, "geometry": { "type": "Polygon", "coordinates": [ [ [ -3.159906106396637, 7.052238786701115 ], [ -3.139623430738047, 7.052245289433942 ], [ -3.139629508012461, 7.072508135352683 ], [ -3.159913066489832, 7.072501613752555 ], [ -3.159906106396637, 7.052238786701115 ] ] ] } },
{ "type": "Feature", "properties": { "id": 79675, "nb_points": 4 }, "geometry": { "type": "Polygon", "coordinates": [ [ [ -3.139281405445842, 5.79591654747813 ], [ -3.119048396630233, 5.795921160690471 ], [ -3.119052649602495, 5.816185016804164 ], [ -3.139286381231673, 5.816180387356258 ], [ -3.139281405445842, 5.79591654747813 ] ] ] } },
{ "type": "Feature", "properties": { "id": 79758, "nb_points": 12 }, "geometry": { "type": "Polygon", "coordinates": [ [ [ -3.139754813264709, 7.47776129385158 ], [ -3.119453034289742, 7.477767258769696 ], [ -3.119458550361077, 7.498029741249254 ], [ -3.139761266819447, 7.498023759989569 ], [ -3.139754813264709, 7.47776129385158 ] ] ] } },
{ "type": "Feature", "properties": { "id": 79807, "nb_points": 12 }, "geometry": { "type": "Polygon", "coordinates": [ [ [ -3.140092238505201, 8.470599326563431 ], [ -3.119741443047266, 8.470606093996699 ], [ -3.119747715693336, 8.490867606240505 ], [ -3.140099577218209, 8.490860822389878 ], [ -3.140092238505201, 8.470599326563431 ] ] ] } },
{ "type": "Feature", "properties": { "id": 79840, "nb_points": 1 }, "geometry": { "type": "Polygon", "coordinates": [ [ [ -3.140344038942085, 9.139217323606792 ], [ -3.119956665392611, 9.139224633706899 ], [ -3.119963452878978, 9.159485426613752 ], [ -3.140351979994974, 9.159478100039617 ], [ -3.140344038942085, 9.139217323606792 ] ] ] } },
{ "type": "Feature", "properties": { "id": 80074, "nb_points": 9 }, "geometry": { "type": "Polygon", "coordinates": [ [ [ -3.119514556054662, 7.700653533572256 ], [ -3.099202305765674, 7.700658715788675 ], [ -3.09920702468891, 7.720921004488755 ], [ -3.119520241199805, 7.720915808476953 ], [ -3.119514556054662, 7.700653533572256 ] ] ] } },
{ "type": "Feature", "properties": { "id": 80103, "nb_points": 12 }, "geometry": { "type": "Polygon", "coordinates": [ [ [ -3.119685687684562, 8.288251545869047 ], [ -3.099344352627451, 8.288257128675351 ], [ -3.099349443292537, 8.308518841754614 ], [ -3.119691820687438, 8.308513245115007 ], [ -3.119685687684562, 8.288251545869047 ] ] ] } },
{ "type": "Feature", "properties": { "id": 80139, "nb_points": 12 }, "geometry": { "type": "Polygon", "coordinates": [ [ [ -3.11991626936236, 9.017659403926816 ], [ -3.099535745673159, 9.017665485614115 ], [ -3.099541301608882, 9.037926427117805 ], [ -3.119922962902204, 9.037920331546013 ], [ -3.11991626936236, 9.017659403926816 ] ] ] } },
{ "type": "Feature", "properties": { "id": 80167, "nb_points": 3 }, "geometry": { "type": "Polygon", "coordinates": [ [ [ -3.120109617268902, 9.584956777900615 ], [ -3.099696233033846, 9.584963248927687 ], [ -3.099702153995262, 9.605223546961316 ], [ -3.120116750575145, 9.60521706200675 ], [ -3.120109617268902, 9.584956777900615 ] ] ] } },
{ "type": "Feature", "properties": { "id": 80170, "nb_points": 1 }, "geometry": { "type": "Polygon", "coordinates": [ [ [ -3.120131064504144, 9.645737559129007 ], [ -3.099714035192907, 9.64574407194333 ], [ -3.099719995436728, 9.666004298795697 ], [ -3.120138245136046, 9.665997772049097 ], [ -3.120131064504144, 9.645737559129007 ] ] ] } },
{ "type": "Feature", "properties": { "id": 80255, "nb_points": 1 }, "geometry": { "type": "Polygon", "coordinates": [ [ [ -3.098715284666838, 5.188002455821728 ], [ -3.078502741793843, 5.188005289634478 ], [ -3.078505250943723, 5.208269582759345 ], [ -3.098718439859369, 5.208266737819091 ], [ -3.098715284666838, 5.188002455821728 ] ] ] } },
{ "type": "Feature", "properties": { "id": 80379, "nb_points": 1 }, "geometry": { "type": "Polygon", "coordinates": [ [ [ -3.099202305765674, 7.700658715788675 ], [ -3.078890042703885, 7.700662935462592 ], [ -3.078893795402234, 7.720925235395705 ], [ -3.09920702468891, 7.720921004488755 ], [ -3.099202305765674, 7.700658715788675 ] ] ] } },
{ "type": "Feature", "properties": { "id": 80473, "nb_points": 2 }, "geometry": { "type": "Polygon", "coordinates": [ [ [ -3.099702153995262, 9.605223546961316 ], [ -3.079287544325042, 9.60522882740343 ], [ -3.079292263347871, 9.625489113099883 ], [ -3.099708088047019, 9.625483821315868 ], [ -3.099702153995262, 9.605223546961316 ] ] ] } },
{ "type": "Feature", "properties": { "id": 80559, "nb_points": 11 }, "geometry": { "type": "Polygon", "coordinates": [ [ [ -3.078500242558333, 5.16774098354565 ], [ -3.058288333262478, 5.167743162351812 ], [ -3.058290189006477, 5.188007477029335 ], [ -3.078502741793843, 5.188005289634478 ], [ -3.078500242558333, 5.16774098354565 ] ] ] } },
{ "type": "Feature", "properties": { "id": 80565, "nb_points": 2 }, "geometry": { "type": "Polygon", "coordinates": [ [ [ -3.07851538671836, 5.289326624617956 ], [ -3.058299578174768, 5.289328854964201 ], [ -3.05830147810629, 5.309593091110257 ], [ -3.078517945463707, 5.309590852172138 ], [ -3.07851538671836, 5.289326624617956 ] ] ] } },
{ "type": "Feature", "properties": { "id": 80583, "nb_points": 12 }, "geometry": { "type": "Polygon", "coordinates": [ [ [ -3.078562963813398, 5.654080650358789 ], [ -3.058334905341158, 5.654083035442636 ], [ -3.058336938095529, 5.674347025193271 ], [ -3.078565701438793, 5.674344631507565 ], [ -3.078562963813398, 5.654080650358789 ] ] ] } },
{ "type": "Feature", "properties": { "id": 80669, "nb_points": 12 }, "geometry": { "type": "Polygon", "coordinates": [ [ [ -3.078834969817867, 7.396726170320348 ], [ -3.058536876508258, 7.396729297482421 ], [ -3.058539550028381, 7.416991887623616 ], [ -3.078838570398756, 7.416988751802475 ], [ -3.078834969817867, 7.396726170320348 ] ] ] } },
{ "type": "Feature", "properties": { "id": 80759, "nb_points": 5 }, "geometry": { "type": "Polygon", "coordinates": [ [ [ -3.079199857399612, 9.22027895520214 ], [ -3.058807814539184, 9.220282864975967 ], [ -3.058811172042762, 9.240543601062051 ], [ -3.079204379139703, 9.240539682552086 ], [ -3.079199857399612, 9.22027895520214 ] ] ] } },
{ "type": "Feature", "properties": { "id": 80870, "nb_points": 5 }, "geometry": { "type": "Polygon", "coordinates": [ [ [ -3.058299578174768, 5.289328854964201 ], [ -3.038083762263653, 5.289330426198196 ], [ -3.038085003380163, 5.309594668397053 ], [ -3.05830147810629, 5.309593091110257 ], [ -3.058299578174768, 5.289328854964201 ] ] ] } },
{ "type": "Feature", "properties": { "id": 81008, "nb_points": 3 }, "geometry": { "type": "Polygon", "coordinates": [ [ [ -3.058632004181172, 8.085646731905591 ], [ -3.038300917146187, 8.085649142642067 ], [ -3.038302831221201, 8.105911084913988 ], [ -3.058634934294018, 8.105908668058341 ], [ -3.058632004181172, 8.085646731905591 ] ] ] } },
{ "type": "Feature", "properties": { "id": 81180, "nb_points": 1 }, "geometry": { "type": "Polygon", "coordinates": [ [ [ -3.038090015989574, 5.390651504058753 ], [ -3.017870875631037, 5.390652433750356 ], [ -3.017871469227428, 5.410916612647113 ], [ -3.038091281181682, 5.410915679440675 ], [ -3.038090015989574, 5.390651504058753 ] ] ] } },
{ "type": "Feature", "properties": { "id": 81181, "nb_points": 11 }, "geometry": { "type": "Polygon", "coordinates": [ [ [ -3.038091281181682, 5.410915679440675 ], [ -3.017871469227428, 5.410916612647113 ], [ -3.017872065084058, 5.431180778030688 ], [ -3.038092551191267, 5.431179841309195 ], [ -3.038091281181682, 5.410915679440675 ] ] ] } },
{ "type": "Feature", "properties": { "id": 81291, "nb_points": 2 }, "geometry": { "type": "Polygon", "coordinates": [ [ [ -3.038260057553608, 7.639881428559207 ], [ -3.017950654866275, 7.639882749956283 ], [ -3.017951501945084, 7.66014512540305 ], [ -3.038261863018462, 7.660143800460983 ], [ -3.038260057553608, 7.639881428559207 ] ] ] } },
{ "type": "Feature", "properties": { "id": 81313, "nb_points": 6 }, "geometry": { "type": "Polygon", "coordinates": [ [ [ -3.038300917146187, 8.085649142642067 ], [ -3.01796982516192, 8.085650542104409 ], [ -3.017970723197891, 8.105912487928586 ], [ -3.038302831221201, 8.105911084913988 ], [ -3.038300917146187, 8.085649142642067 ] ] ] } },
{ "type": "Feature", "properties": { "id": 81314, "nb_points": 3 }, "geometry": { "type": "Polygon", "coordinates": [ [ [ -3.038302831221201, 8.105911084913988 ], [ -3.017970723197891, 8.105912487928586 ], [ -3.01797162355651, 8.126174413661857 ], [ -3.038304750246709, 8.126173007094662 ], [ -3.038302831221201, 8.105911084913988 ] ] ] } },
{ "type": "Feature", "properties": { "id": 81374, "nb_points": 1 }, "geometry": { "type": "Polygon", "coordinates": [ [ [ -3.038426780565499, 9.321589101955029 ], [ -3.018028877120355, 9.321590718760831 ], [ -3.01802991793661, 9.341851350044784 ], [ -3.038428998962587, 9.34184972966429 ], [ -3.038426780565499, 9.321589101955029 ] ] ] } },
{ "type": "Feature", "properties": { "id": 81379, "nb_points": 1 }, "geometry": { "type": "Polygon", "coordinates": [ [ [ -3.038437922871774, 9.422892009511383 ], [ -3.018034104810906, 9.422893644194611 ], [ -3.018035157435139, 9.443154159744829 ], [ -3.038440166436399, 9.443152521484917 ], [ -3.038437922871774, 9.422892009511383 ] ] ] } },
{ "type": "Feature", "properties": { "id": 81380, "nb_points": 1 }, "geometry": { "type": "Polygon", "coordinates": [ [ [ -3.038440166436399, 9.443152521484917 ], [ -3.018035157435139, 9.443154159744829 ], [ -3.018036212422976, 9.463414652003895 ], [ -3.038442415038814, 9.463413010166901 ], [ -3.038440166436399, 9.443152521484917 ] ] ] } },
{ "type": "Feature", "properties": { "id": 81381, "nb_points": 1 }, "geometry": { "type": "Polygon", "coordinates": [ [ [ -3.038442415038814, 9.463413010166901 ], [ -3.018036212422976, 9.463414652003895 ], [ -3.018037269775092, 9.483675120923703 ], [ -3.038444668680454, 9.483673475509226 ], [ -3.038442415038814, 9.463413010166901 ] ] ] } },
{ "type": "Feature", "properties": { "id": 81390, "nb_points": 2 }, "geometry": { "type": "Polygon", "coordinates": [ [ [ -3.038462879399098, 9.645756352251063 ], [ -3.018045813787387, 9.645758026299983 ], [ -3.01804689244858, 9.666018283003631 ], [ -3.038465178458933, 9.666016605373569 ], [ -3.038462879399098, 9.645756352251063 ] ] ] } },
{ "type": "Feature", "properties": { "id": 81492, "nb_points": 1 }, "geometry": { "type": "Polygon", "coordinates": [ [ [ -3.017875078283881, 5.532501400501492 ], [ -2.997651180776034, 5.532501665208323 ], [ -2.997651100696303, 5.552765749438689 ], [ -3.017875687709816, 5.552765483756463 ], [ -3.017875078283881, 5.532501400501492 ] ] ] } },
{ "type": "Feature", "properties": { "id": 81610, "nb_points": 3 }, "geometry": { "type": "Polygon", "coordinates": [ [ [ -3.017962724421573, 7.923554258102646 ], [ -2.997639663906396, 7.923554638410668 ], [ -2.997639548341688, 7.943816744187182 ], [ -3.017963603896697, 7.943816362894571 ], [ -3.017962724421573, 7.923554258102646 ] ] ] } },
{ "type": "Feature", "properties": { "id": 81611, "nb_points": 9 }, "geometry": { "type": "Polygon", "coordinates": [ [ [ -3.017963603896697, 7.943816362894571 ], [ -2.997639548341688, 7.943816744187182 ], [ -2.997639432472371, 7.96407883026398 ], [ -3.017964485689965, 7.964078447986688 ], [ -3.017963603896697, 7.943816362894571 ] ] ] } },
{ "type": "Feature", "properties": { "id": 81675, "nb_points": 4 }, "geometry": { "type": "Polygon", "coordinates": [ [ [ -3.018024737444694, 9.240547964084371 ], [ -2.997631515276891, 9.240548408593986 ], [ -2.997631379751351, 9.260809132588916 ], [ -3.018025768826527, 9.260808687088177 ], [ -3.018024737444694, 9.240547964084371 ] ] ] } },
{ "type": "Feature", "properties": { "id": 81677, "nb_points": 2 }, "geometry": { "type": "Polygon", "coordinates": [ [ [ -3.018026802565975, 9.281069387234329 ], [ -2.997631243916016, 9.281069833726303 ], [ -2.9976311077708, 9.301330511957927 ], [ -3.018027838663698, 9.301330064474618 ], [ -3.018026802565975, 9.281069387234329 ] ] ] } },
{ "type": "Feature", "properties": { "id": 81684, "nb_points": 1 }, "geometry": { "type": "Polygon", "coordinates": [ [ [ -3.018034104810906, 9.422893644194611 ], [ -2.997630284387106, 9.422894097628271 ], [ -2.997630146070274, 9.443154614170599 ], [ -3.018035157435139, 9.443154159744829 ], [ -3.018034104810906, 9.422893644194611 ] ] ] } },
{ "type": "Feature", "properties": { "id": 81685, "nb_points": 1 }, "geometry": { "type": "Polygon", "coordinates": [ [ [ -3.018035157435139, 9.443154159744829 ], [ -2.997630146070274, 9.443154614170599 ], [ -2.99763000744286, 9.463415107421888 ], [ -3.018036212422976, 9.463414652003895 ], [ -3.018035157435139, 9.443154159744829 ] ] ] } },
{ "type": "Feature", "properties": { "id": 81686, "nb_points": 7 }, "geometry": { "type": "Polygon", "coordinates": [ [ [ -3.018036212422976, 9.463414652003895 ], [ -2.99763000744286, 9.463415107421888 ], [ -2.997629868504775, 9.483675577334028 ], [ -3.018037269775092, 9.483675120923703 ], [ -3.018036212422976, 9.463414652003895 ] ] ] } },
{ "type": "Feature", "properties": { "id": 81797, "nb_points": 10 }, "geometry": { "type": "Polygon", "coordinates": [ [ [ -2.997651180776034, 5.532501665208323 ], [ -2.977427283565481, 5.53250124032165 ], [ -2.977426513980137, 5.552765322986387 ], [ -2.997651100696303, 5.552765749438689 ], [ -2.997651180776034, 5.532501665208323 ] ] ] } },
{ "type": "Feature", "properties": { "id": 81878, "nb_points": 12 }, "geometry": { "type": "Polygon", "coordinates": [ [ [ -2.997643726312176, 7.173843323786945 ], [ -2.977355644386186, 7.173842771719824 ], [ -2.977354641616601, 7.194105570328019 ], [ -2.9976436219683, 7.194106123970311 ], [ -2.997643726312176, 7.173843323786945 ] ] ] } },
{ "type": "Feature", "properties": { "id": 81981, "nb_points": 24 }, "geometry": { "type": "Polygon", "coordinates": [ [ [ -2.997631379751351, 9.260809132588916 ], [ -2.977236990985971, 9.260808417506018 ], [ -2.977235685575939, 9.281069117052358 ], [ -2.997631243916016, 9.281069833726303 ], [ -2.997631379751351, 9.260809132588916 ] ] ] } },
{ "type": "Feature", "properties": { "id": 81998, "nb_points": 1 }, "geometry": { "type": "Polygon", "coordinates": [ [ [ -2.997629028347201, 9.605237903992325 ], [ -2.977214393430149, 9.605237161837533 ], [ -2.977213037278633, 9.625497465435583 ], [ -2.997628887231926, 9.625498209184457 ], [ -2.997629028347201, 9.605237903992325 ] ] ] } },
{ "type": "Feature", "properties": { "id": 81999, "nb_points": 3 }, "geometry": { "type": "Polygon", "coordinates": [ [ [ -2.997628887231926, 9.625498209184457 ], [ -2.977213037278633, 9.625497465435583 ], [ -2.977211678134619, 9.645757745309888 ], [ -2.997628745805265, 9.645758490653021 ], [ -2.997628887231926, 9.625498209184457 ] ] ] } },
{ "type": "Feature", "properties": { "id": 82088, "nb_points": 11 }, "geometry": { "type": "Polygon", "coordinates": [ [ [ -2.977437757981737, 5.248802655383968 ], [ -2.957223248115431, 5.24880159836954 ], [ -2.957221864779798, 5.269065865765586 ], [ -2.977437028352667, 5.269066926883012 ], [ -2.977437757981737, 5.248802655383968 ] ] ] } },
{ "type": "Feature", "properties": { "id": 82188, "nb_points": 12 }, "geometry": { "type": "Polygon", "coordinates": [ [ [ -2.977350601505354, 7.275156585439696 ], [ -2.957058004344151, 7.275155116702885 ], [ -2.957056075621079, 7.295417821270752 ], [ -2.977349584216134, 7.295419294141008 ], [ -2.977350601505354, 7.275156585439696 ] ] ] } },
{ "type": "Feature", "properties": { "id": 82201, "nb_points": 7 }, "geometry": { "type": "Polygon", "coordinates": [ [ [ -2.977337149904624, 7.538570370409708 ], [ -2.957032500866697, 7.538568847909995 ], [ -2.957030500426467, 7.558831312956789 ], [ -2.977336094788775, 7.558832839594661 ], [ -2.977337149904624, 7.538570370409708 ] ] ] } },
{ "type": "Feature", "properties": { "id": 82202, "nb_points": 3 }, "geometry": { "type": "Polygon", "coordinates": [ [ [ -2.977336094788775, 7.558832839594661 ], [ -2.957030500426467, 7.558831312956789 ], [ -2.957028494460798, 7.579093759234776 ], [ -2.977335036758578, 7.579095290011176 ], [ -2.977336094788775, 7.558832839594661 ] ] ] } },
{ "type": "Feature", "properties": { "id": 82519, "nb_points": 12 }, "geometry": { "type": "Polygon", "coordinates": [ [ [ -2.957006063794916, 7.801979415512114 ], [ -2.936688927243509, 7.801976863824727 ], [ -2.936685875558413, 7.822239074342476 ], [ -2.95700399142422, 7.822241632736451 ], [ -2.957006063794916, 7.801979415512114 ] ] ] } },
{ "type": "Feature", "properties": { "id": 82538, "nb_points": 3 }, "geometry": { "type": "Polygon", "coordinates": [ [ [ -2.956965739752893, 8.1869581768362 ], [ -2.936629547771369, 8.186955497616033 ], [ -2.936626340688093, 8.207217331031673 ], [ -2.95696356185275, 8.207220016970496 ], [ -2.956965739752893, 8.1869581768362 ] ] ] } },
{ "type": "Feature", "properties": { "id": 82539, "nb_points": 9 }, "geometry": { "type": "Polygon", "coordinates": [ [ [ -2.95696356185275, 8.207220016970496 ], [ -2.936626340688093, 8.207217331031673 ], [ -2.936623125405981, 8.227479144111189 ], [ -2.956961378384854, 8.227481836769327 ], [ -2.95696356185275, 8.207220016970496 ] ] ] } },
{ "type": "Feature", "properties": { "id": 82812, "nb_points": 2 }, "geometry": { "type": "Polygon", "coordinates": [ [ [ -2.936724911589597, 7.558828841700643 ], [ -2.916419330889251, 7.558825425827765 ], [ -2.916415429057033, 7.579087856146463 ], [ -2.936721957689721, 7.579091281279354 ], [ -2.936724911589597, 7.558828841700643 ] ] ] } },
{ "type": "Feature", "properties": { "id": 83004, "nb_points": 12 }, "geometry": { "type": "Polygon", "coordinates": [ [ [ -2.916791556404397, 5.269061773809439 ], [ -2.896576416710523, 5.269058742973259 ], [ -2.896573059193701, 5.289322969662711 ], [ -2.916788855144643, 5.28932601221888 ], [ -2.916791556404397, 5.269061773809439 ] ] ] } },
{ "type": "Feature", "properties": { "id": 83144, "nb_points": 12 }, "geometry": { "type": "Polygon", "coordinates": [ [ [ -2.91631020079857, 8.105904295377323 ], [ -2.895978118257058, 8.10589961534939 ], [ -2.895972906624943, 8.12616150848779 ], [ -2.916306007827091, 8.1261662003661 ], [ -2.91631020079857, 8.105904295377323 ] ] ] } },
{ "type": "Feature", "properties": { "id": 83173, "nb_points": 6 }, "geometry": { "type": "Polygon", "coordinates": [ [ [ -2.91618420212516, 8.693491184306271 ], [ -2.89582150886082, 8.693486160143971 ], [ -2.89581590586978, 8.713747449348539 ], [ -2.916179694289382, 8.713752485395473 ], [ -2.91618420212516, 8.693491184306271 ] ] ] } },
{ "type": "Feature", "properties": { "id": 83478, "nb_points": 6 }, "geometry": { "type": "Polygon", "coordinates": [ [ [ -2.89582150886082, 8.693486160143971 ], [ -2.875458829140181, 8.693480047598017 ], [ -2.875452130997438, 8.713741322343386 ], [ -2.89581590586978, 8.713747449348539 ], [ -2.89582150886082, 8.693486160143971 ] ] ] } },
{ "type": "Feature", "properties": { "id": 83484, "nb_points": 5 }, "geometry": { "type": "Polygon", "coordinates": [ [ [ -2.89578768763415, 8.815053571077103 ], [ -2.875418397270438, 8.815047371753492 ], [ -2.875411601892369, 8.83530851643259 ], [ -2.895782003305832, 8.835314730224407 ], [ -2.89578768763415, 8.815053571077103 ] ] ] } },
{ "type": "Feature", "properties": { "id": 83624, "nb_points": 10 }, "geometry": { "type": "Polygon", "coordinates": [ [ [ -2.876320448932104, 5.471696579149626 ], [ -2.856098660392783, 5.471692067151007 ], [ -2.856093808436978, 5.491956128362135 ], [ -2.876316278794586, 5.491960657169173 ], [ -2.876320448932104, 5.471696579149626 ] ] ] } },
{ "type": "Feature", "properties": { "id": 83928, "nb_points": 1 }, "geometry": { "type": "Polygon", "coordinates": [ [ [ -2.856103494141984, 5.451427992272671 ], [ -2.835882403066062, 5.45142281766102 ], [ -2.835876890060066, 5.471686873191693 ], [ -2.856098660392783, 5.471692067151007 ], [ -2.856103494141984, 5.451427992272671 ] ] ] } },
{ "type": "Feature", "properties": { "id": 84392, "nb_points": 8 }, "geometry": { "type": "Polygon", "coordinates": [ [ [ -2.834742387866246, 8.673203297756196 ], [ -2.8143808571497, 8.673193942265533 ], [ -2.814370897712707, 8.69345517969994 ], [ -2.834733520918913, 8.693464557371151 ], [ -2.834742387866246, 8.673203297756196 ] ] ] } },
{ "type": "Feature", "properties": { "id": 84397, "nb_points": 7 }, "geometry": { "type": "Polygon", "coordinates": [ [ [ -2.83469783821948, 8.774509380229047 ], [ -2.814330818575753, 8.774499913812736 ], [ -2.814320738412437, 8.794761043192015 ], [ -2.834688863788757, 8.794770531800355 ], [ -2.83469783821948, 8.774509380229047 ] ] ] } },
{ "type": "Feature", "properties": { "id": 84529, "nb_points": 1 }, "geometry": { "type": "Polygon", "coordinates": [ [ [ -2.815716014161224, 5.26904005395651 ], [ -2.795500965351925, 5.269033740298823 ], [ -2.7954943265894, 5.289297870305046 ], [ -2.815710031641189, 5.289304208377112 ], [ -2.815716014161224, 5.26904005395651 ] ] ] } },
{ "type": "Feature", "properties": { "id": 84530, "nb_points": 1 }, "geometry": { "type": "Polygon", "coordinates": [ [ [ -2.815710031641189, 5.289304208377112 ], [ -2.7954943265894, 5.289297870305046 ], [ -2.795487661982972, 5.309561987090142 ], [ -2.815704025831924, 5.309568349578109 ], [ -2.815710031641189, 5.289304208377112 ] ] ] } },
{ "type": "Feature", "properties": { "id": 84665, "nb_points": 32 }, "geometry": { "type": "Polygon", "coordinates": [ [ [ -2.814686854256477, 8.024823276153885 ], [ -2.794358913494578, 8.024813625718862 ], [ -2.794348714916216, 8.045075501218696 ], [ -2.814677663808592, 8.045085176330282 ], [ -2.814686854256477, 8.024823276153885 ] ] ] } },
{ "type": "Feature", "properties": { "id": 84666, "nb_points": 16 }, "geometry": { "type": "Polygon", "coordinates": [ [ [ -2.814677663808592, 8.045085176330282 ], [ -2.794348714916216, 8.045075501218696 ], [ -2.794338489773937, 8.065337356761807 ], [ -2.814668449422633, 8.065347056552303 ], [ -2.814677663808592, 8.045085176330282 ] ] ] } },
{ "type": "Feature", "properties": { "id": 84680, "nb_points": 12 }, "geometry": { "type": "Polygon", "coordinates": [ [ [ -2.814546481366019, 8.328749661355848 ], [ -2.794203142640035, 8.328739640523017 ], [ -2.794192544915569, 8.349001211541719 ], [ -2.814536931227626, 8.349011257086991 ], [ -2.814546481366019, 8.328749661355848 ] ] ] } },
{ "type": "Feature", "properties": { "id": 84697, "nb_points": 4 }, "geometry": { "type": "Polygon", "coordinates": [ [ [ -2.8143808571497, 8.673193942265533 ], [ -2.794019350559373, 8.673183500984884 ], [ -2.794008298639047, 8.693444713664485 ], [ -2.814370897712707, 8.69345517969994 ], [ -2.8143808571497, 8.673193942265533 ] ] ] } },
{ "type": "Feature", "properties": { "id": 84834, "nb_points": 4 }, "geometry": { "type": "Polygon", "coordinates": [ [ [ -2.795500965351925, 5.269033740298823 ], [ -2.775285942382382, 5.269026770086967 ], [ -2.775278647381511, 5.289290873139972 ], [ -2.7954943265894, 5.289297870305046 ], [ -2.795500965351925, 5.269033740298823 ] ] ] } },
{ "type": "Feature", "properties": { "id": 84835, "nb_points": 4 }, "geometry": { "type": "Polygon", "coordinates": [ [ [ -2.7954943265894, 5.289297870305046 ], [ -2.775278647381511, 5.289290873139972 ], [ -2.775271323982081, 5.30955496297017 ], [ -2.795487661982972, 5.309561987090142 ], [ -2.7954943265894, 5.289297870305046 ] ] ] } },
{ "type": "Feature", "properties": { "id": 84970, "nb_points": 12 }, "geometry": { "type": "Polygon", "coordinates": [ [ [ -2.794358913494578, 8.024813625718862 ], [ -2.77403099929014, 8.024802971739975 ], [ -2.774019792587755, 8.045064819997148 ], [ -2.794348714916216, 8.045075501218696 ], [ -2.794358913494578, 8.024813625718862 ] ] ] } },
{ "type": "Feature", "properties": { "id": 84989, "nb_points": 3 }, "geometry": { "type": "Polygon", "coordinates": [ [ [ -2.79416059173832, 8.409785800267592 ], [ -2.773813073534733, 8.409774628228151 ], [ -2.773801310992762, 8.430036088904474 ], [ -2.794149887322113, 8.430047288237011 ], [ -2.79416059173832, 8.409785800267592 ] ] ] } },
{ "type": "Feature", "properties": { "id": 85035, "nb_points": 1 }, "geometry": { "type": "Polygon", "coordinates": [ [ [ -2.79364045836095, 9.341791894196414 ], [ -2.773241525257553, 9.341779463749884 ], [ -2.773228405582689, 9.362039913378831 ], [ -2.793628518895612, 9.36205237125097 ], [ -2.79364045836095, 9.341791894196414 ] ] ] } },
{ "type": "Feature", "properties": { "id": 85036, "nb_points": 2 }, "geometry": { "type": "Polygon", "coordinates": [ [ [ -2.793628518895612, 9.36205237125097 ], [ -2.773228405582689, 9.362039913378831 ], [ -2.773215256215279, 9.382300339891557 ], [ -2.793616552408784, 9.382312825192349 ], [ -2.793628518895612, 9.36205237125097 ] ] ] } },
{ "type": "Feature", "properties": { "id": 85038, "nb_points": 1 }, "geometry": { "type": "Polygon", "coordinates": [ [ [ -2.793604558892829, 9.402573255972369 ], [ -2.773202077146933, 9.402560743239871 ], [ -2.773188868369241, 9.422821123375584 ], [ -2.793592538340095, 9.422833663542846 ], [ -2.793604558892829, 9.402573255972369 ] ] ] } },
{ "type": "Feature", "properties": { "id": 85340, "nb_points": 2 }, "geometry": { "type": "Polygon", "coordinates": [ [ [ -2.773241525257553, 9.341779463749884 ], [ -2.752842621838329, 9.341765862434299 ], [ -2.752828321962308, 9.362026282054323 ], [ -2.773228405582689, 9.362039913378831 ], [ -2.773241525257553, 9.341779463749884 ] ] ] } },
{ "type": "Feature", "properties": { "id": 85341, "nb_points": 3 }, "geometry": { "type": "Polygon", "coordinates": [ [ [ -2.773228405582689, 9.362039913378831 ], [ -2.752828321962308, 9.362026282054323 ], [ -2.752813989722707, 9.382286678554795 ], [ -2.773215256215279, 9.382300339891557 ], [ -2.773228405582689, 9.362039913378831 ] ] ] } },
{ "type": "Feature", "properties": { "id": 85645, "nb_points": 2 }, "geometry": { "type": "Polygon", "coordinates": [ [ [ -2.752842621838329, 9.341765862434299 ], [ -2.73244375077356, 9.341751090258199 ], [ -2.732428270705507, 9.362011477286007 ], [ -2.752828321962308, 9.362026282054323 ], [ -2.752842621838329, 9.341765862434299 ] ] ] } },
{ "type": "Feature", "properties": { "id": 85905, "nb_points": 9 }, "geometry": { "type": "Polygon", "coordinates": [ [ [ -2.733104248956709, 8.430010525529001 ], [ -2.712755768526498, 8.429996161502066 ], [ -2.712740794411835, 8.450257503977605 ], [ -2.733090335581632, 8.45027190301357 ], [ -2.733104248956709, 8.430010525529001 ] ] ] } },
{ "type": "Feature", "properties": { "id": 85951, "nb_points": 1 }, "geometry": { "type": "Polygon", "coordinates": [ [ [ -2.732428270705507, 9.362011477286007 ], [ -2.712028254483295, 9.361995499083172 ], [ -2.712011556527498, 9.3822558278084 ], [ -2.732412755602858, 9.382271841190638 ], [ -2.732428270705507, 9.362011477286007 ] ] ] } },
{ "type": "Feature", "properties": { "id": 86197, "nb_points": 12 }, "geometry": { "type": "Polygon", "coordinates": [ [ [ -2.712947046341912, 8.166596825487073 ], [ -2.692612152813192, 8.166581894782167 ], [ -2.692596635638195, 8.18684346757567 ], [ -2.712932555652411, 8.186858435812638 ], [ -2.712947046341912, 8.166596825487073 ] ] ] } },
{ "type": "Feature", "properties": { "id": 86511, "nb_points": 12 }, "geometry": { "type": "Polygon", "coordinates": [ [ [ -2.692471066009197, 8.348935314496616 ], [ -2.67212687920762, 8.348919001281569 ], [ -2.672109953654909, 8.369180349350636 ], [ -2.692455190627785, 8.369196702700785 ], [ -2.692471066009197, 8.348935314496616 ] ] ] } }
]
}
