name,city,latitude,longitude,point_type,square_size_km,area_km2,center_lat,center_lon,radiance_2240m_carre,class,final_image_filename,predicted_class,correct_prediction
point_11258,unknown,9.3924612,13.3759705,original,2.24,5.017600025949832,9.3924612,13.3759705,0.87612754,1,point_11258_unknown_class_1_9.392461_13.375970.png,1,True
point_1611,unknown,10.6376919,-4.7561262,original,2.24,5.017600025948604,10.6376919,-4.7561262,8.492192,2,point_1611_unknown_class_2_10.637692_-4.756126.png,2,True
point_11309_north,unknown,-0.4705225380314943,36.3257803,north,2.24,5.017600025960915,-0.4705225380314943,36.3257803,2.357773,1,point_11309_north_unknown_class_1_-0.470523_36.325780.png,1,True
point_1149_north,unknown,7.372631535889501,-2.3450168,north,2.24,5.017600025955469,7.372631535889501,-2.3450168,8.069201,2,point_1149_north_unknown_class_2_7.372632_-2.345017.png,2,True
point_15278_north,unknown,4.029725376746317,9.1666324,north,2.24,5.017600025958815,4.029725376746317,9.1666324,1.9437594,1,point_15278_north_unknown_class_1_4.029725_9.166632.png,2,False
point_730_east,unknown,7.715060218200921,-4.980038250945783,east,2.24,5.017600025954358,7.715060218200921,-4.980038250945783,10.715676,2,point_730_east_unknown_class_2_7.715060_-4.980038.png,2,True
point_17550_east,unknown,0.3025083812182191,32.79749124095352,east,2.24,5.01760002596061,0.3025083812182191,32.79749124095352,1.4258786,1,point_17550_east_unknown_class_1_0.302508_32.797491.png,0,False
point_2025_east,unknown,9.6108575978624,-13.576228193688442,east,2.24,5.017600025949539,9.6108575978624,-13.576228193688442,7.7712517,2,point_2025_east_unknown_class_2_9.610858_-13.576228.png,2,True
point_9609,unknown,6.463831,1.8382261,original,2.24,5.017600025956316,6.463831,1.8382261,0.489857,0,point_9609_unknown_class_0_6.463831_1.838226.png,1,False
point_4393_north,unknown,10.354328417895143,37.7291131,north,2.24,5.017600025951455,10.354328417895143,37.7291131,2.0001948,1,point_4393_north_unknown_class_1_10.354328_37.729113.png,2,False
point_17293_north,unknown,0.3658227684441477,32.0010369,north,2.24,5.017600025960427,0.3658227684441477,32.0010369,0.37993774,0,point_17293_north_unknown_class_0_0.365823_32.001037.png,0,True
point_17099_north,unknown,-0.6549298511225098,30.593061,north,2.24,5.017600025959781,-0.6549298511225098,30.593061,0.5140574,0,point_17099_north_unknown_class_0_-0.654930_30.593061.png,0,True
point_3038,unknown,9.8902425,8.8783887,original,2.24,5.017600025950324,9.8902425,8.8783887,6.9318175,2,point_3038_unknown_class_2_9.890242_8.878389.png,2,True
point_1619,unknown,11.6616417,-1.073194,original,2.24,5.017600025947952,11.6616417,-1.073194,2.7196052,1,point_1619_unknown_class_1_11.661642_-1.073194.png,1,True
point_11299_west,unknown,5.660532647456747,-0.3184911059013021,west,2.24,5.017600025957326,5.660532647456747,-0.3184911059013021,24.687494,2,point_11299_west_unknown_class_2_5.660533_-0.318491.png,2,True
point_1896,unknown,-1.8677552,11.0601949,original,2.24,5.01760002596012,-1.8677552,11.0601949,2.460518,1,point_1896_unknown_class_1_-1.867755_11.060195.png,2,False
point_13562_north,unknown,0.438700464902591,32.5708381,north,2.24,5.017600025959545,0.438700464902591,32.5708381,6.07236,2,point_13562_north_unknown_class_2_0.438700_32.570838.png,1,False
point_6142_north,unknown,5.571631165711746,-0.6611256,north,2.24,5.017600025957326,5.571631165711746,-0.6611256,2.0818865,1,point_6142_north_unknown_class_1_5.571631_-0.661126.png,1,True
point_3416_north,unknown,1.7354327918886296,33.616799,north,2.24,5.017600025960053,1.7354327918886296,33.616799,1.2675173,1,point_3416_north_unknown_class_1_1.735433_33.616799.png,2,False
point_11493,unknown,16.4120515,-3.6640145,original,2.24,5.017600025933407,16.4120515,-3.6640145,1.5832977,1,point_11493_unknown_class_1_16.412052_-3.664014.png,0,False
point_18980,unknown,1.2561465,32.3653408,original,2.24,5.017600025961238,1.2561465,32.3653408,0.30444106,0,point_18980_unknown_class_0_1.256147_32.365341.png,0,True
point_10963_south,unknown,0.5749997449309371,30.289834,south,2.24,5.017600025960003,0.5749997449309371,30.289834,0.36875102,0,point_10963_south_unknown_class_0_0.575000_30.289834.png,0,True
point_6473_north,unknown,2.942842543797515,30.9092928,north,2.24,5.017600025959761,2.942842543797515,30.9092928,0.38701287,0,point_6473_north_unknown_class_0_2.942843_30.909293.png,0,True
point_3137_north,unknown,12.99864510130845,7.6406781,north,2.24,5.017600025942417,12.99864510130845,7.6406781,10.599973,2,point_3137_north_unknown_class_2_12.998645_7.640678.png,2,True
point_20299_south,unknown,13.475430485210405,-2.4696976,south,2.24,5.017600025941594,13.475430485210405,-2.4696976,0.3490462,0,point_20299_south_unknown_class_0_13.475430_-2.469698.png,0,True
point_21041_north,unknown,14.814694595987769,-17.2803067,north,2.24,5.017600025939765,14.814694595987769,-17.2803067,8.784268,2,point_21041_north_unknown_class_2_14.814695_-17.280307.png,2,True
point_1353_north,unknown,6.390906863862004,2.4786438,north,2.24,5.017600025955156,6.390906863862004,2.4786438,4.019401,1,point_1353_north_unknown_class_1_6.390907_2.478644.png,1,True
point_15969_north,unknown,0.9196004250340536,32.4763955,north,2.24,5.0176000259607445,0.9196004250340536,32.4763955,0.52456224,0,point_15969_north_unknown_class_0_0.919600_32.476396.png,0,True
point_722_south,unknown,7.6593826467891075,-5.0907559,south,2.24,5.017600025954772,7.6593826467891075,-5.0907559,1.2864304,1,point_722_south_unknown_class_1_7.659383_-5.090756.png,0,False
point_20431_north,unknown,9.686471729569838,1.2822595,north,2.24,5.017600025951871,9.686471729569838,1.2822595,0.38455132,0,point_20431_north_unknown_class_0_9.686472_1.282260.png,0,True
point_14177,unknown,10.1064093,14.4378849,original,2.24,5.017600025949228,10.1064093,14.4378849,1.5519923,1,point_14177_unknown_class_1_10.106409_14.437885.png,2,False
point_19222_south,unknown,7.291017008965999,13.5526034,south,2.24,5.017600025954907,7.291017008965999,13.5526034,1.5774182,1,point_19222_south_unknown_class_1_7.291017_13.552603.png,1,True
point_17548,unknown,0.2864388,32.8331723,original,2.24,5.017600025960904,0.2864388,32.8331723,0.7491251,1,point_17548_unknown_class_1_0.286439_32.833172.png,0,False
point_1059_north,unknown,4.958036263042336,-1.777874,north,2.24,5.017600025957918,4.958036263042336,-1.777874,12.593483,2,point_1059_north_unknown_class_2_4.958036_-1.777874.png,2,True
point_2971_north,unknown,13.322219892383988,-4.8951529,north,2.24,5.017600025939862,13.322219892383988,-4.8951529,3.002519,1,point_2971_north_unknown_class_1_13.322220_-4.895153.png,1,True
point_6133,unknown,7.1746613,-3.1351791,original,2.24,5.017600025954892,7.1746613,-3.1351791,0.9361222,1,point_6133_unknown_class_1_7.174661_-3.135179.png,1,True
point_21535_east,unknown,11.338664787057589,-5.644011032887558,east,2.24,5.017600025945884,11.338664787057589,-5.644011032887558,3.1712272,1,point_21535_east_unknown_class_1_11.338665_-5.644011.png,1,True
point_16018,unknown,11.8469076,13.1489235,original,2.24,5.0176000259463285,11.8469076,13.1489235,10.300202,2,point_16018_unknown_class_2_11.846908_13.148924.png,2,True
point_15989_north,unknown,-1.497965764614781,37.2654011,north,2.24,5.017600025960296,-1.497965764614781,37.2654011,3.953015,1,point_15989_north_unknown_class_1_-1.497966_37.265401.png,2,False
point_17087_south,unknown,-0.7270133444399446,30.5643094,south,2.24,5.017600025960144,-0.7270133444399446,30.5643094,0.5364964,0,point_17087_south_unknown_class_0_-0.727013_30.564309.png,0,True
point_1390_north,unknown,6.460009509381643,2.322218,north,2.24,5.0176000259551055,6.460009509381643,2.322218,8.6038265,2,point_1390_north_unknown_class_2_6.460010_2.322218.png,2,True
point_6213_east,unknown,5.779667639988845,0.8564221898504064,east,2.24,5.0176000259560665,5.779667639988845,0.8564221898504064,1.4240768,1,point_6213_east_unknown_class_1_5.779668_0.856422.png,2,False
point_12719,unknown,0.2800278,34.7458687,original,2.24,5.017600025961207,0.2800278,34.7458687,8.56018,2,point_12719_unknown_class_2_0.280028_34.745869.png,2,True
point_16055_north,unknown,8.929818386145016,-12.0449359,north,2.24,5.017600025950765,8.929818386145016,-12.0449359,0.4518555,0,point_16055_north_unknown_class_0_8.929818_-12.044936.png,0,True
point_3093,unknown,6.450652,7.485499,original,2.24,5.017600025956314,6.450652,7.485499,7.3431396,2,point_3093_unknown_class_2_6.450652_7.485499.png,2,True
point_16835_north,unknown,1.1208677998440089,34.1268067,north,2.24,5.017600025959929,1.1208677998440089,34.1268067,0.41006672,0,point_16835_north_unknown_class_0_1.120868_34.126807.png,0,True
point_9953_west,unknown,9.764729388041625,-13.36766140335064,west,2.24,5.017600025952171,9.764729388041625,-13.36766140335064,0.658475,0,point_9953_west_unknown_class_0_9.764729_-13.367661.png,0,True
point_4364_east,unknown,9.065329132612202,38.79214698874,east,2.24,5.017600025952488,9.065329132612202,38.79214698874,6.9738946,2,point_4364_east_unknown_class_2_9.065329_38.792147.png,1,False
point_22326_north,unknown,13.803647813748874,-2.0762993,north,2.24,5.017600025941224,13.803647813748874,-2.0762993,0.35435852,0,point_22326_north_unknown_class_0_13.803648_-2.076299.png,0,True
point_6829_north,unknown,6.528189655063293,1.6450105,north,2.24,5.017600025955118,6.528189655063293,1.6450105,0.39169556,0,point_6829_north_unknown_class_0_6.528190_1.645010.png,0,True
point_4365,unknown,9.598531,41.8703213,original,2.24,5.017600025949831,9.598531,41.8703213,15.678231,2,point_4365_unknown_class_2_9.598531_41.870321.png,2,True
point_1624_east,unknown,13.086249573662249,-1.0643262816205563,east,2.24,5.017600025943481,13.086249573662249,-1.0643262816205563,2.3871157,1,point_1624_east_unknown_class_1_13.086250_-1.064326.png,1,True
point_17252,unknown,14.3854833,-16.8941483,original,2.24,5.0176000259391165,14.3854833,-16.8941483,0.83962333,1,point_17252_unknown_class_1_14.385483_-16.894148.png,1,True
point_21158_north,unknown,-0.8183243662423233,29.9729375,north,2.24,5.017600025960264,-0.8183243662423233,29.9729375,0.5050314,0,point_21158_north_unknown_class_0_-0.818324_29.972938.png,0,True
point_15816,unknown,-11.6562476,27.4028259,original,2.24,5.017600025944883,-11.6562476,27.4028259,6.4840975,2,point_15816_unknown_class_2_-11.656248_27.402826.png,2,True
point_3869_north,unknown,14.744662618544588,-17.2604157,north,2.24,5.017600025938297,14.744662618544588,-17.2604157,16.74284,2,point_3869_north_unknown_class_2_14.744663_-17.260416.png,2,True
point_3852_north,unknown,15.642225508014446,-16.223237,north,2.24,5.017600025936841,15.642225508014446,-16.223237,4.917415,2,point_3852_north_unknown_class_2_15.642226_-16.223237.png,1,False
point_11322_north,unknown,-1.6561674957174743,29.2201447,north,2.24,5.017600025959882,-1.6561674957174743,29.2201447,8.542493,2,point_11322_north_unknown_class_2_-1.656167_29.220145.png,2,True
point_1754_east,unknown,4.579298715105867,13.704322871863267,east,2.24,5.017600025957721,4.579298715105867,13.704322871863267,3.987935,1,point_1754_east_unknown_class_1_4.579299_13.704323.png,1,True
point_7609_north,unknown,11.077426780813395,-0.2536898,north,2.24,5.017600025946755,11.077426780813395,-0.2536898,3.1437836,1,point_7609_north_unknown_class_1_11.077427_-0.253690.png,1,True
point_8550_north,unknown,-4.224901033064941,15.2397186,north,2.24,5.017600025958059,-4.224901033064941,15.2397186,13.035053,2,point_8550_north_unknown_class_2_-4.224901_15.239719.png,2,True
point_19629_north,unknown,13.57590748526835,2.0366496,north,2.24,5.0176000259395686,13.57590748526835,2.0366496,6.4574327,2,point_19629_north_unknown_class_2_13.575907_2.036650.png,2,True
point_6496,unknown,2.9779727,30.8926647,original,2.24,5.017600025959212,2.9779727,30.8926647,0.45209923,0,point_6496_unknown_class_0_2.977973_30.892665.png,0,True
point_8129_north,unknown,0.6409358516276441,32.5853118,north,2.24,5.017600025961355,0.6409358516276441,32.5853118,0.48130524,0,point_8129_north_unknown_class_0_0.640936_32.585312.png,0,True
point_2683_south,unknown,6.966798225090013,-9.4816672,south,2.24,5.017600025955782,6.966798225090013,-9.4816672,0.36135978,0,point_2683_south_unknown_class_0_6.966798_-9.481667.png,0,True
point_4831,unknown,5.2729684,-3.598375,original,2.24,5.017600025957634,5.2729684,-3.598375,7.963881,2,point_4831_unknown_class_2_5.272968_-3.598375.png,2,True
point_3445_east,unknown,3.0133473127467845,30.93405093723805,east,2.24,5.017600025959218,3.0133473127467845,30.93405093723805,2.0065207,1,point_3445_east_unknown_class_1_3.013347_30.934051.png,1,True
point_3825_west,unknown,14.851006057566758,-15.934411385899368,west,2.24,5.017600025938281,14.851006057566758,-15.934411385899368,13.973228,2,point_3825_west_unknown_class_2_14.851006_-15.934411.png,2,True
point_16118_west,unknown,11.894724451131626,3.438723215191028,west,2.24,5.017600025945392,11.894724451131626,3.438723215191028,1.0445278,1,point_16118_west_unknown_class_1_11.894724_3.438723.png,1,True
point_17734_north,unknown,0.4262340655550692,32.700123,north,2.24,5.017600025961115,0.4262340655550692,32.700123,4.7119527,2,point_17734_north_unknown_class_2_0.426234_32.700123.png,1,False
point_19973_north,unknown,-0.8032660647105321,30.2356774,north,2.24,5.017600025960978,-0.8032660647105321,30.2356774,0.39329964,0,point_19973_north_unknown_class_0_-0.803266_30.235677.png,0,True
point_22303_east,unknown,13.718169632286983,-2.0361239736764727,east,2.24,5.017600025940541,13.718169632286983,-2.0361239736764727,0.3576422,0,point_22303_east_unknown_class_0_13.718170_-2.036124.png,0,True
point_18949_north,unknown,-1.2095349158808888,36.803132,north,2.24,5.017600025959596,-1.2095349158808888,36.803132,16.655893,2,point_18949_north_unknown_class_2_-1.209535_36.803132.png,2,True
point_4144_north,unknown,6.353996692725464,1.5286228,north,2.24,5.0176000259562334,6.353996692725464,1.5286228,1.1306089,1,point_4144_north_unknown_class_1_6.353997_1.528623.png,1,True
point_6211_south,unknown,5.752206774288788,0.7999288,south,2.24,5.017600025956042,5.752206774288788,0.7999288,0.40106973,0,point_6211_south_unknown_class_0_5.752207_0.799929.png,0,True
point_11904_west,unknown,-0.5764754642076365,34.34856392590601,west,2.24,5.017600025959093,-0.5764754642076365,34.34856392590601,0.5280466,0,point_11904_west_unknown_class_0_-0.576475_34.348564.png,0,True
point_4764,unknown,13.5919802,2.1075433,original,2.24,5.017600025940465,13.5919802,2.1075433,12.102805,2,point_4764_unknown_class_2_13.591980_2.107543.png,2,True
point_10316_north,unknown,7.267971329676499,-8.1554445,north,2.24,5.017600025956152,7.267971329676499,-8.1554445,4.1039495,1,point_10316_north_unknown_class_1_7.267971_-8.155444.png,2,False
point_17506_north,unknown,2.5390242802533507,34.6570859,north,2.24,5.01760002595993,2.5390242802533507,34.6570859,1.5682573,1,point_17506_north_unknown_class_1_2.539024_34.657086.png,1,True
point_21000_north,unknown,12.254827626890854,-2.54109,north,2.24,5.017600025945178,12.254827626890854,-2.54109,0.34056732,0,point_21000_north_unknown_class_0_12.254828_-2.541090.png,0,True
point_4145_south,unknown,6.312269590559611,1.5265736,south,2.24,5.017600025955508,6.312269590559611,1.5265736,0.66376436,0,point_4145_south_unknown_class_0_6.312270_1.526574.png,0,True
point_2617_north,unknown,-0.2650471284083008,36.0662915,north,2.24,5.017600025959922,-0.2650471284083008,36.0662915,5.9046717,2,point_2617_north_unknown_class_2_-0.265047_36.066291.png,1,False
point_16270,unknown,13.597285,-6.002581,original,2.24,5.017600025944109,13.597285,-6.002581,0.44370025,0,point_16270_unknown_class_0_13.597285_-6.002581.png,0,True
point_1301_north,unknown,6.311637325647188,-0.4743928,north,2.24,5.017600025956395,6.311637325647188,-0.4743928,3.3076878,1,point_1301_north_unknown_class_1_6.311637_-0.474393.png,1,True
point_18961_east,unknown,-1.222653724078944,36.7824351140697,east,2.24,5.017600025960433,-1.222653724078944,36.7824351140697,11.155926,2,point_18961_east_unknown_class_2_-1.222654_36.782435.png,2,True
point_3615_north,unknown,14.728506446743037,-17.4813,north,2.24,5.017600025935977,14.728506446743037,-17.4813,21.966702,2,point_3615_north_unknown_class_2_14.728506_-17.481300.png,2,True
point_4888_south,unknown,6.7996510836771575,-5.2789115,south,2.24,5.017600025955527,6.7996510836771575,-5.2789115,17.33832,2,point_4888_south_unknown_class_2_6.799651_-5.278912.png,2,True
point_14411_south,unknown,0.495768139574732,25.1426049,south,2.24,5.017600025960146,0.495768139574732,25.1426049,0.33093128,0,point_14411_south_unknown_class_0_0.495768_25.142605.png,0,True
point_21474,unknown,0.0150638,34.3277247,original,2.24,5.017600025961296,0.0150638,34.3277247,0.71669465,1,point_21474_unknown_class_1_0.015064_34.327725.png,0,False
point_4746_north,unknown,13.571315392700845,2.1124786,north,2.24,5.017600025940495,13.571315392700845,2.1124786,19.171955,2,point_4746_north_unknown_class_2_13.571315_2.112479.png,2,True
point_16216_north,unknown,13.453530482545554,7.0972551,north,2.24,5.0176000259415945,13.453530482545554,7.0972551,0.7045933,1,point_16216_north_unknown_class_1_13.453530_7.097255.png,1,True
point_8083_south,unknown,0.5475469429870103,32.436419,south,2.24,5.017600025960506,0.5475469429870103,32.436419,0.8356868,1,point_8083_south_unknown_class_1_0.547547_32.436419.png,1,True
point_21391_east,unknown,9.69160269270997,-0.8042297343183418,east,2.24,5.017600025948609,9.69160269270997,-0.8042297343183418,0.5948099,0,point_21391_east_unknown_class_0_9.691603_-0.804230.png,0,True
point_17259,unknown,-6.115636,23.5570415,original,2.24,5.017600025956572,-6.115636,23.5570415,0.4056676,0,point_17259_unknown_class_0_-6.115636_23.557042.png,1,False
point_21482,unknown,-3.6252757,13.3729786,original,2.24,5.017600025959444,-3.6252757,13.3729786,0.35030365,0,point_21482_unknown_class_0_-3.625276_13.372979.png,0,True
point_8927_north,unknown,0.8115602364864356,33.5795288,north,2.24,5.017600025958817,0.8115602364864356,33.5795288,0.35410163,0,point_8927_north_unknown_class_0_0.811560_33.579529.png,0,True
point_4584_east,unknown,-4.351899129306942,15.350634257521556,east,2.24,5.01760002595809,-4.351899129306942,15.350634257521556,21.787622,2,point_4584_east_unknown_class_2_-4.351899_15.350634.png,2,True
point_19958_east,unknown,-0.8354238481281313,30.193340887256085,east,2.24,5.017600025960378,-0.8354238481281313,30.193340887256085,0.58136386,0,point_19958_east_unknown_class_0_-0.835424_30.193341.png,0,True
point_2658_south,unknown,-0.2681120721597022,35.7326875,south,2.24,5.017600025960644,-0.2681120721597022,35.7326875,1.370529,1,point_2658_south_unknown_class_1_-0.268112_35.732687.png,1,True
point_14524,unknown,3.1899196,32.8620928,original,2.24,5.01760002595905,3.1899196,32.8620928,0.33045745,0,point_14524_unknown_class_0_3.189920_32.862093.png,0,True
point_17507_west,unknown,2.54054524216775,34.5541302725578,west,2.24,5.01760002595974,2.54054524216775,34.5541302725578,0.3186201,0,point_17507_west_unknown_class_0_2.540545_34.554130.png,1,False
point_1172,unknown,6.2132762,-1.6884994,original,2.24,5.017600025956408,6.2132762,-1.6884994,17.02418,2,point_1172_unknown_class_2_6.213276_-1.688499.png,2,True
point_3403_north,unknown,2.264247061597055,32.8864447,north,2.24,5.017600025959526,2.264247061597055,32.8864447,2.3373935,1,point_3403_north_unknown_class_1_2.264247_32.886445.png,2,False
point_833_north,unknown,5.604458743162604,-0.1606429,north,2.24,5.017600025956843,5.604458743162604,-0.1606429,29.503569,2,point_833_north_unknown_class_2_5.604459_-0.160643.png,2,True
point_10485,unknown,3.9815504,9.8038626,original,2.24,5.017600025958614,3.9815504,9.8038626,7.512183,2,point_10485_unknown_class_2_3.981550_9.803863.png,2,True
point_21126,unknown,-0.887805,30.008903,original,2.24,5.017600025959882,-0.887805,30.008903,0.36423755,0,point_21126_unknown_class_0_-0.887805_30.008903.png,0,True
point_3813_north,unknown,12.579493443216048,-16.2823952,north,2.24,5.017600025942216,12.579493443216048,-16.2823952,4.2687254,1,point_3813_north_unknown_class_1_12.579493_-16.282395.png,2,False
point_22825_east,unknown,5.336314267765385,-0.6053750322895399,east,2.24,5.01760002595756,5.336314267765385,-0.6053750322895399,2.707104,1,point_22825_east_unknown_class_1_5.336314_-0.605375.png,1,True
point_2678_east,unknown,6.372389302788297,-10.767400974610734,east,2.24,5.017600025956039,6.372389302788297,-10.767400974610734,3.372431,1,point_2678_east_unknown_class_1_6.372389_-10.767401.png,1,True
point_3485_north,unknown,0.38998316734298,32.7134974,north,2.24,5.017600025960079,0.38998316734298,32.7134974,6.4046516,2,point_3485_north_unknown_class_2_0.389983_32.713497.png,1,False
point_4402_west,unknown,-4.3559128290563605,15.269067335563369,west,2.24,5.017600025957951,-4.3559128290563605,15.269067335563369,26.014673,2,point_4402_west_unknown_class_2_-4.355913_15.269067.png,2,True
point_6423,unknown,1.8903896,32.5710637,original,2.24,5.017600025958594,1.8903896,32.5710637,0.30887184,0,point_6423_unknown_class_0_1.890390_32.571064.png,0,True
point_2197_west,unknown,10.390400348016945,-9.3380073069145,west,2.24,5.017600025946932,10.390400348016945,-9.3380073069145,1.9959377,1,point_2197_west_unknown_class_1_10.390400_-9.338007.png,2,False
point_10791_north,unknown,5.506353210161558,10.0489971,north,2.24,5.017600025957114,5.506353210161558,10.0489971,0.34860668,0,point_10791_north_unknown_class_0_5.506353_10.048997.png,1,False
point_21397_north,unknown,10.946674254720612,3.696252,north,2.24,5.017600025948286,10.946674254720612,3.696252,0.38212857,0,point_21397_north_unknown_class_0_10.946674_3.696252.png,0,True
point_13844_north,unknown,1.392155057952915,34.3606361,north,2.24,5.017600025960503,1.392155057952915,34.3606361,0.35311967,0,point_13844_north_unknown_class_0_1.392155_34.360636.png,0,True
point_21427_north,unknown,6.774455054194555,3.64758,north,2.24,5.017600025957166,6.774455054194555,3.64758,0.72573805,1,point_21427_north_unknown_class_1_6.774455_3.647580.png,0,False
point_22147_east,unknown,7.562823927815979,-1.9164359379447264,east,2.24,5.017600025953079,7.562823927815979,-1.9164359379447264,10.871407,2,point_22147_east_unknown_class_2_7.562824_-1.916436.png,2,True
point_1422_north,unknown,9.372462093205677,2.6161985,north,2.24,5.017600025949916,9.372462093205677,2.6161985,5.091652,2,point_1422_north_unknown_class_2_9.372462_2.616198.png,2,True
point_1136,unknown,7.3287889,-2.3224953,original,2.24,5.017600025954474,7.3287889,-2.3224953,22.854246,2,point_1136_unknown_class_2_7.328789_-2.322495.png,2,True
point_17751_north,unknown,0.4340747651469423,32.8293839,north,2.24,5.017600025961731,0.4340747651469423,32.8293839,0.6897777,1,point_17751_north_unknown_class_1_0.434075_32.829384.png,1,True
point_3468,unknown,-0.3724603,31.7153151,original,2.24,5.017600025959863,-0.3724603,31.7153151,1.3846382,1,point_3468_unknown_class_1_-0.372460_31.715315.png,1,True
point_3376_north,unknown,-0.5859729457340699,30.6657059,north,2.24,5.017600025959839,-0.5859729457340699,30.6657059,5.0568914,2,point_3376_north_unknown_class_2_-0.585973_30.665706.png,2,True
point_22452_north,unknown,0.7643729410346474,34.2487031,north,2.24,5.01760002596115,0.7643729410346474,34.2487031,0.41807956,0,point_22452_north_unknown_class_0_0.764373_34.248703.png,0,True
point_22147_south,unknown,7.54257003790351,-1.9367336,south,2.24,5.017600025954399,7.54257003790351,-1.9367336,8.298092,2,point_22147_south_unknown_class_2_7.542570_-1.936734.png,2,True
point_17455_north,unknown,-3.982033809678215,39.7016707,north,2.24,5.017600025958373,-3.982033809678215,39.7016707,7.8056045,2,point_17455_north_unknown_class_2_-3.982034_39.701671.png,2,True
point_10956_north,unknown,17.9695549389654,19.119654,north,2.24,5.017600025926942,17.9695549389654,19.119654,0.36377034,0,point_10956_north_unknown_class_0_17.969555_19.119654.png,0,True
point_3809_east,unknown,16.0410335782539,-16.421621968552213,east,2.24,5.017600025933038,16.0410335782539,-16.421621968552213,3.8378115,1,point_3809_east_unknown_class_1_16.041034_-16.421622.png,1,True
point_2572_west,unknown,-0.1211277924796179,34.73486369297016,west,2.24,5.017600025960575,-0.1211277924796179,34.73486369297016,1.1956108,1,point_2572_west_unknown_class_1_-0.121128_34.734864.png,1,True
point_3252_north,unknown,0.3494604691488157,32.6133619,north,2.24,5.017600025960238,0.3494604691488157,32.6133619,23.665255,2,point_3252_north_unknown_class_2_0.349460_32.613362.png,2,True
point_22626,unknown,6.3866648,1.4453328,original,2.24,5.017600025955888,6.3866648,1.4453328,1.2691983,1,point_22626_unknown_class_1_6.386665_1.445333.png,1,True
point_15923,unknown,0.845948,32.3823967,original,2.24,5.017600025960908,0.845948,32.3823967,0.6393721,0,point_15923_unknown_class_0_0.845948_32.382397.png,0,True
point_8599_north,unknown,5.940682304675203,-10.0352027,north,2.24,5.017600025957048,5.940682304675203,-10.0352027,0.34070465,0,point_8599_north_unknown_class_0_5.940682_-10.035203.png,0,True
point_19013_north,unknown,-0.3362446311503936,36.1204048,north,2.24,5.017600025960904,-0.3362446311503936,36.1204048,1.0701271,1,point_19013_north_unknown_class_1_-0.336245_36.120405.png,0,False
point_1906_north,unknown,9.569734066105116,-13.6752249,north,2.24,5.017600025951222,9.569734066105116,-13.6752249,4.628297,1,point_1906_north_unknown_class_1_9.569734_-13.675225.png,1,True
point_1831,unknown,5.1421589,10.5208055,original,2.24,5.017600025957882,5.1421589,10.5208055,3.425435,1,point_1831_unknown_class_1_5.142159_10.520805.png,2,False
point_19175_north,unknown,2.565963971776436,31.0700384,north,2.24,5.017600025959664,2.565963971776436,31.0700384,0.30830312,0,point_19175_north_unknown_class_0_2.565964_31.070038.png,0,True
point_22463,unknown,6.5594693,-5.0331016,original,2.24,5.017600025956668,6.5594693,-5.0331016,6.027156,2,point_22463_unknown_class_2_6.559469_-5.033102.png,2,True
point_19043_east,unknown,0.005608099651814,37.11790546246002,east,2.24,5.017600025960988,0.005608099651814,37.11790546246002,1.5931921,1,point_19043_east_unknown_class_1_0.005608_37.117905.png,0,False
point_14517_east,unknown,1.0179269367943429,35.03657301718744,east,2.24,5.017600025960935,1.0179269367943429,35.03657301718744,1.7297735,1,point_14517_east_unknown_class_1_1.017927_35.036573.png,1,True
point_2781_north,unknown,12.610048697086452,-8.0210337,north,2.24,5.017600025945141,12.610048697086452,-8.0210337,14.646363,2,point_2781_north_unknown_class_2_12.610049_-8.021034.png,2,True
point_2247_south,unknown,9.708264719996,-13.4251949,south,2.24,5.0176000259500775,9.708264719996,-13.4251949,3.641367,1,point_2247_south_unknown_class_1_9.708265_-13.425195.png,1,True
point_20424_east,unknown,5.500816357463834,7.054595335683875,east,2.24,5.01760002595705,5.500816357463834,7.054595335683875,4.8943377,2,point_20424_east_unknown_class_2_5.500816_7.054595.png,2,True
point_19919_east,unknown,-0.9724825396166326,30.312526441753835,east,2.24,5.017600025960024,-0.9724825396166326,30.312526441753835,0.45527783,0,point_19919_east_unknown_class_0_-0.972483_30.312526.png,0,True
point_4791,unknown,16.9731593,8.000043,original,2.24,5.017600025931832,16.9731593,8.000043,10.444122,2,point_4791_unknown_class_2_16.973159_8.000043.png,2,True
point_11181_north,unknown,16.285800200639063,-0.0949555,north,2.24,5.017600025932048,16.285800200639063,-0.0949555,0.3921169,0,point_11181_north_unknown_class_0_16.285800_-0.094955.png,0,True
point_2766_north,unknown,12.59311442266524,-7.9972727,north,2.24,5.017600025944527,12.59311442266524,-7.9972727,19.137814,2,point_2766_north_unknown_class_2_12.593114_-7.997273.png,2,True
point_6416_west,unknown,6.287205608139519,1.4869701913105997,west,2.24,5.017600025956475,6.287205608139519,1.4869701913105997,0.4844618,0,point_6416_west_unknown_class_0_6.287206_1.486970.png,0,True
point_6471,unknown,18.7352077,7.3849847,original,2.24,5.017600025924545,18.7352077,7.3849847,12.92099,2,point_6471_unknown_class_2_18.735208_7.384985.png,1,False
point_19046_north,unknown,15.11513706422662,-7.2876371,north,2.24,5.0176000259360505,15.11513706422662,-7.2876371,0.38008156,0,point_19046_north_unknown_class_0_15.115137_-7.287637.png,0,True
point_2897_north,unknown,12.699773461023412,-8.0613501,north,2.24,5.01760002594469,12.699773461023412,-8.0613501,3.9352267,1,point_2897_north_unknown_class_1_12.699773_-8.061350.png,1,True
point_14646_north,unknown,6.138476957970228,-0.2719075,north,2.24,5.017600025957029,6.138476957970228,-0.2719075,4.662901,2,point_14646_north_unknown_class_2_6.138477_-0.271908.png,0,False
point_8372_north,unknown,11.470083146784066,-7.4476167,north,2.24,5.017600025946675,11.470083146784066,-7.4476167,0.36980715,0,point_8372_north_unknown_class_0_11.470083_-7.447617.png,0,True
point_6469_east,unknown,6.054344322759291,37.57983707428725,east,2.24,5.0176000259552325,6.054344322759291,37.57983707428725,0.8348172,1,point_6469_east_unknown_class_1_6.054344_37.579837.png,1,True
point_1152_west,unknown,5.103834482314867,-1.3069004272674642,west,2.24,5.017600025957674,5.103834482314867,-1.3069004272674642,4.986525,2,point_1152_west_unknown_class_2_5.103834_-1.306900.png,2,True
point_7962_north,unknown,11.201282814269431,-4.3716256,north,2.24,5.01760002594548,11.201282814269431,-4.3716256,1.3169417,1,point_7962_north_unknown_class_1_11.201283_-4.371626.png,0,False
point_1234_east,unknown,6.098879119964206,-0.2324527624094318,east,2.24,5.017600025956979,6.098879119964206,-0.2324527624094318,3.955414,1,point_1234_east_unknown_class_1_6.098879_-0.232453.png,0,False
point_17463,unknown,12.1700578,18.6669638,original,2.24,5.01760002594595,12.1700578,18.6669638,0.3804373,0,point_17463_unknown_class_0_12.170058_18.666964.png,0,True
point_3822,unknown,14.7959986,-15.9052114,original,2.24,5.0176000259374085,14.7959986,-15.9052114,13.168099,2,point_3822_unknown_class_2_14.795999_-15.905211.png,2,True
point_6841_east,unknown,7.587115926282165,0.6803940989787415,east,2.24,5.017600025953941,7.587115926282165,0.6803940989787415,0.3541016,0,point_6841_east_unknown_class_0_7.587116_0.680394.png,0,True
point_10841_north,unknown,2.960024337545476,11.1610817,north,2.24,5.017600025959978,2.960024337545476,11.1610817,0.50820273,0,point_10841_north_unknown_class_0_2.960024_11.161082.png,0,True
point_4216,unknown,7.8734054,-11.1921438,original,2.24,5.01760002595428,7.8734054,-11.1921438,1.7542524,1,point_4216_unknown_class_1_7.873405_-11.192144.png,1,True
point_4767_west,unknown,13.80858352634974,8.96001061799104,west,2.24,5.017600025941472,13.80858352634974,8.96001061799104,6.953584,2,point_4767_west_unknown_class_2_13.808584_8.960011.png,2,True
point_1485,unknown,6.3605025,2.0818842,original,2.24,5.017600025956172,6.3605025,2.0818842,3.361862,1,point_1485_unknown_class_1_6.360502_2.081884.png,1,True
point_12743_east,unknown,0.9302386422400926,33.4849361970032,east,2.24,5.017600025959968,0.9302386422400926,33.4849361970032,0.41941988,0,point_12743_east_unknown_class_0_0.930239_33.484936.png,0,True
point_19045_east,unknown,0.0375050976714485,37.14665546664646,east,2.24,5.017600025959809,0.0375050976714485,37.14665546664646,1.7963802,1,point_19045_east_unknown_class_1_0.037505_37.146655.png,1,True
point_14673_east,unknown,11.981177845533484,-1.3651421969011008,east,2.24,5.01760002594614,11.981177845533484,-1.3651421969011008,0.37004483,0,point_14673_east_unknown_class_0_11.981178_-1.365142.png,0,True
point_7763_north,unknown,0.5169378603680492,29.45004,north,2.24,5.017600025960337,0.5169378603680492,29.45004,0.61984426,0,point_7763_north_unknown_class_0_0.516938_29.450040.png,1,False
point_10782_north,unknown,15.035824205545484,-2.95403,north,2.24,5.017600025936754,15.035824205545484,-2.95403,0.3597735,0,point_10782_north_unknown_class_0_15.035824_-2.954030.png,0,True
point_17432,unknown,-4.0595462,39.6957166,original,2.24,5.017600025958487,-4.0595462,39.6957166,13.036317,2,point_17432_unknown_class_2_-4.059546_39.695717.png,2,True
point_15180_east,unknown,5.854183135316357,-5.663549948153642,east,2.24,5.017600025956527,5.854183135316357,-5.663549948153642,2.1514661,1,point_15180_east_unknown_class_1_5.854183_-5.663550.png,1,True
point_20354_north,unknown,13.584570871239972,-2.4606022,north,2.24,5.0176000259430165,13.584570871239972,-2.4606022,0.45382553,0,point_20354_north_unknown_class_0_13.584571_-2.460602.png,0,True
point_1955_north,unknown,9.597741233493569,-13.6298552,north,2.24,5.01760002595016,9.597741233493569,-13.6298552,16.937265,2,point_1955_north_unknown_class_2_9.597741_-13.629855.png,2,True
point_1512_south,unknown,12.298757367779327,-1.5379561,south,2.24,5.017600025944747,12.298757367779327,-1.5379561,15.873125,2,point_1512_south_unknown_class_2_12.298757_-1.537956.png,2,True
point_4392_south,unknown,11.106593685424958,39.6346984,south,2.24,5.017600025948173,11.106593685424958,39.6346984,2.6474676,1,point_4392_south_unknown_class_1_11.106594_39.634698.png,2,False
point_13912_north,unknown,1.212342786737088,35.0565617,north,2.24,5.0176000259600615,1.212342786737088,35.0565617,0.6728925,0,point_13912_north_unknown_class_0_1.212343_35.056562.png,0,True
point_3556_south,unknown,-1.6985305996899889,29.224931,south,2.24,5.017600025959432,-1.6985305996899889,29.224931,3.7766473,1,point_3556_south_unknown_class_1_-1.698531_29.224931.png,2,False
point_4850_north,unknown,9.490670057671668,-5.6345345,north,2.24,5.017600025952271,9.490670057671668,-5.6345345,21.047459,2,point_4850_north_unknown_class_2_9.490670_-5.634535.png,2,True
point_11520,unknown,2.7001834,32.3143477,original,2.24,5.017600025960052,2.7001834,32.3143477,0.7166241,1,point_11520_unknown_class_1_2.700183_32.314348.png,0,False
point_16017_north,unknown,11.848345115694434,13.1087693,north,2.24,5.017600025944723,11.848345115694434,13.1087693,6.6825123,2,point_16017_north_unknown_class_2_11.848345_13.108769.png,2,True
point_16680,unknown,1.0006756,34.0833446,original,2.24,5.0176000259599896,1.0006756,34.0833446,0.3523465,0,point_16680_unknown_class_0_1.000676_34.083345.png,0,True
point_22201_north,unknown,-1.037347991697659,37.1360649,north,2.24,5.017600025960522,-1.037347991697659,37.1360649,2.0318694,1,point_22201_north_unknown_class_1_-1.037348_37.136065.png,0,False
point_20022,unknown,-0.4993736,36.9063257,original,2.24,5.017600025960485,-0.4993736,36.9063257,1.2079902,1,point_20022_unknown_class_1_-0.499374_36.906326.png,1,True
point_1014_north,unknown,6.72089259850556,-1.5504453,north,2.24,5.017600025955883,6.72089259850556,-1.5504453,22.504017,2,point_1014_north_unknown_class_2_6.720893_-1.550445.png,2,True
point_3484,unknown,0.3743682,32.6857582,original,2.24,5.0176000259613085,0.3743682,32.6857582,9.714622,2,point_3484_unknown_class_2_0.374368_32.685758.png,2,True
point_11495_north,unknown,16.44579659374488,-3.619166,north,2.24,5.017600025933006,16.44579659374488,-3.619166,0.37723687,0,point_11495_north_unknown_class_0_16.445797_-3.619166.png,0,True
point_20153_south,unknown,12.272996229723107,-1.4647491,south,2.24,5.017600025947641,12.272996229723107,-1.4647491,4.679572,2,point_20153_south_unknown_class_2_12.272996_-1.464749.png,2,True
point_17424,unknown,-4.1209538,39.6073788,original,2.24,5.017600025958163,-4.1209538,39.6073788,0.986306,1,point_17424_unknown_class_1_-4.120954_39.607379.png,1,True
point_14827_east,unknown,12.88200088699133,-7.524114944591632,east,2.24,5.017600025942718,12.88200088699133,-7.524114944591632,0.85095906,1,point_14827_east_unknown_class_1_12.882001_-7.524115.png,0,False
point_9946_north,unknown,7.274577523795465,2.3796274,north,2.24,5.017600025953329,7.274577523795465,2.3796274,0.4091812,0,point_9946_north_unknown_class_0_7.274578_2.379627.png,0,True
point_4004_east,unknown,6.136468317604693,1.276730951154657,east,2.24,5.017600025956435,6.136468317604693,1.276730951154657,50.321205,2,point_4004_east_unknown_class_2_6.136468_1.276731.png,2,True
point_22525,unknown,14.4466287,-4.8455967,original,2.24,5.0176000259407685,14.4466287,-4.8455967,0.36234814,0,point_22525_unknown_class_0_14.446629_-4.845597.png,0,True
point_1286,unknown,5.6236389,-0.29822,original,2.24,5.01760002595693,5.6236389,-0.29822,33.410458,2,point_1286_unknown_class_2_5.623639_-0.298220.png,2,True
point_16163_south,unknown,11.672190463438929,-1.1411364,south,2.24,5.017600025945269,11.672190463438929,-1.1411364,0.34052813,0,point_16163_south_unknown_class_0_11.672190_-1.141136.png,0,True
point_8375,unknown,9.2683707,-2.9979572,original,2.24,5.017600025951384,9.2683707,-2.9979572,15.953373,2,point_8375_unknown_class_2_9.268371_-2.997957.png,2,True
point_22133_south,unknown,-3.3829001722072145,37.7063287,south,2.24,5.017600025958402,-3.3829001722072145,37.7063287,0.8509391,1,point_22133_south_unknown_class_1_-3.382900_37.706329.png,1,True
point_8889_east,unknown,0.676855557974695,33.61677135713175,east,2.24,5.017600025961778,0.676855557974695,33.61677135713175,0.3989085,0,point_8889_east_unknown_class_0_0.676856_33.616771.png,0,True
point_19063,unknown,10.2592355,1.3796487,original,2.24,5.017600025949342,10.2592355,1.3796487,1.6074972,1,point_19063_unknown_class_1_10.259236_1.379649.png,1,True
point_1859_east,unknown,0.40373977493291,9.525488258609744,east,2.24,5.017600025960216,0.40373977493291,9.525488258609744,7.888464,2,point_1859_east_unknown_class_2_0.403740_9.525488.png,1,False
point_3547_east,unknown,-1.9711212775740925,30.19508609621885,east,2.24,5.017600025960006,-1.9711212775740925,30.19508609621885,11.385441,2,point_3547_east_unknown_class_2_-1.971121_30.195086.png,2,True
point_4822,unknown,5.2436535,-3.627452299999999,original,2.24,5.01760002595755,5.2436535,-3.627452299999999,7.6161547,2,point_4822_unknown_class_2_5.243653_-3.627452.png,2,True
point_15182_north,unknown,5.887214943517816,-5.7316392,north,2.24,5.017600025956892,5.887214943517816,-5.7316392,0.46078858,0,point_15182_north_unknown_class_0_5.887215_-5.731639.png,0,True
point_21357,unknown,13.2806703,-4.9280128,original,2.24,5.017600025943527,13.2806703,-4.9280128,1.3105943,1,point_21357_unknown_class_1_13.280670_-4.928013.png,0,False
point_2934_south,unknown,13.403417269559675,-6.2158585,south,2.24,5.017600025940354,13.403417269559675,-6.2158585,1.2963525,1,point_2934_south_unknown_class_1_13.403417_-6.215859.png,1,True
point_17260_west,unknown,-6.102191519756297,23.531592138200303,west,2.24,5.017600025955969,-6.102191519756297,23.531592138200303,0.3190103,0,point_17260_west_unknown_class_0_-6.102192_23.531592.png,0,True
point_20049_east,unknown,-0.4260968735447715,36.98710831509194,east,2.24,5.0176000259604425,-0.4260968735447715,36.98710831509194,2.6106696,1,point_20049_east_unknown_class_1_-0.426097_36.987108.png,1,True
point_10811_east,unknown,9.789798586440773,-13.472304767278445,east,2.24,5.017600025950744,9.789798586440773,-13.472304767278445,2.3809788,1,point_10811_east_unknown_class_1_9.789799_-13.472305.png,1,True
point_2567_west,unknown,-4.0671525470777645,39.65025177362386,west,2.24,5.017600025959193,-4.0671525470777645,39.65025177362386,31.332464,2,point_2567_west_unknown_class_2_-4.067153_39.650252.png,2,True
point_4712_east,unknown,13.509573345968196,2.1664366902393946,east,2.24,5.017600025941015,13.509573345968196,2.1664366902393946,10.2952,2,point_4712_east_unknown_class_2_13.509573_2.166437.png,2,True
point_10814_north,unknown,6.750447674098067,-7.3357025,north,2.24,5.017600025955032,6.750447674098067,-7.3357025,8.217258,2,point_10814_north_unknown_class_2_6.750448_-7.335703.png,1,False
point_16200_north,unknown,7.411957300309951,-7.547289,north,2.24,5.017600025954444,7.411957300309951,-7.547289,17.303692,2,point_16200_north_unknown_class_2_7.411957_-7.547289.png,2,True
point_16347_north,unknown,-0.3889456335846942,31.7416508,north,2.24,5.017600025959904,-0.3889456335846942,31.7416508,0.69671583,1,point_16347_north_unknown_class_1_-0.388946_31.741651.png,0,False
point_1883_north,unknown,0.4763586628146481,9.4098142,north,2.24,5.017600025960205,0.4763586628146481,9.4098142,10.460849,2,point_1883_north_unknown_class_2_0.476359_9.409814.png,2,True
point_17482_south,unknown,14.423647061125394,-4.2611436,south,2.24,5.017600025939325,14.423647061125394,-4.2611436,0.33237636,0,point_17482_south_unknown_class_0_14.423647_-4.261144.png,0,True
point_987_north,unknown,6.692026922242097,-1.6051833,north,2.24,5.017600025955956,6.692026922242097,-1.6051833,39.432064,2,point_987_north_unknown_class_2_6.692027_-1.605183.png,2,True
point_20530_north,unknown,1.2214501853754265,33.7116723,north,2.24,5.017600025960528,1.2214501853754265,33.7116723,0.31991643,0,point_20530_north_unknown_class_0_1.221450_33.711672.png,0,True
point_9136_east,unknown,0.365769377290452,34.055955869656906,east,2.24,5.017600025960575,0.365769377290452,34.055955869656906,0.3737867,0,point_9136_east_unknown_class_0_0.365769_34.055956.png,0,True
point_6218,unknown,15.6059545,0.4528832,original,2.24,5.017600025937094,15.6059545,0.4528832,0.34756002,0,point_6218_unknown_class_0_15.605954_0.452883.png,0,True
point_2914_north,unknown,11.33370323426567,-5.6691425,north,2.24,5.017600025945962,11.33370323426567,-5.6691425,4.8726954,2,point_2914_north_unknown_class_2_11.333703_-5.669143.png,2,True
point_1080_east,unknown,5.616618250208744,-0.0420969140039393,east,2.24,5.017600025956841,5.616618250208744,-0.0420969140039393,17.881706,2,point_1080_east_unknown_class_2_5.616618_-0.042097.png,2,True
point_4148_south,unknown,8.453252429885007,-13.2482046,south,2.24,5.017600025952514,8.453252429885007,-13.2482046,8.593842,2,point_4148_south_unknown_class_2_8.453252_-13.248205.png,2,True
point_1465_east,unknown,6.446713098117897,2.374979856473725,east,2.24,5.017600025955532,6.446713098117897,2.374979856473725,2.0329561,1,point_1465_east_unknown_class_1_6.446713_2.374980.png,0,False
point_155_south,unknown,5.2215072149819095,-3.9102904,south,2.24,5.017600025957525,5.2215072149819095,-3.9102904,1.9106213,1,point_155_south_unknown_class_1_5.221507_-3.910290.png,0,False
point_6864_north,unknown,9.377581487369868,1.3173188,north,2.24,5.01760002595045,9.377581487369868,1.3173188,0.32543954,0,point_6864_north_unknown_class_0_9.377581_1.317319.png,0,True
point_22647,unknown,1.6998109,40.0010509,original,2.24,5.017600025960024,1.6998109,40.0010509,0.3652095,0,point_22647_unknown_class_0_1.699811_40.001051.png,0,True
point_4533_south,unknown,-4.427637569470292,15.2565427,south,2.24,5.0176000259581865,-4.427637569470292,15.2565427,16.286879,2,point_4533_south_unknown_class_2_-4.427638_15.256543.png,2,True
point_1900,unknown,-0.8111829,12.726958,original,2.24,5.017600025960265,-0.8111829,12.726958,1.1801996,1,point_1900_unknown_class_1_-0.811183_12.726958.png,1,True
point_14676_north,unknown,12.013189879164091,-1.3939427,north,2.24,5.017600025945221,12.013189879164091,-1.3939427,0.37168068,0,point_14676_north_unknown_class_0_12.013190_-1.393943.png,0,True
point_22542_east,unknown,-3.4859961833108115,29.15705481433484,east,2.24,5.017600025959211,-3.4859961833108115,29.15705481433484,0.31292516,0,point_22542_east_unknown_class_0_-3.485996_29.157055.png,0,True
point_19131_north,unknown,2.4095813197346483,31.1421664,north,2.24,5.017600025959941,2.4095813197346483,31.1421664,0.32025817,0,point_19131_north_unknown_class_0_2.409581_31.142166.png,0,True
point_1626_north,unknown,11.12534611658691,-2.0983994,north,2.24,5.017600025947862,11.12534611658691,-2.0983994,0.621861,0,point_1626_north_unknown_class_0_11.125346_-2.098399.png,0,True
point_270_north,unknown,5.373972598711934,-3.957893899999999,north,2.24,5.01760002595702,5.373972598711934,-3.957893899999999,40.795204,2,point_270_north_unknown_class_2_5.373973_-3.957894.png,2,True
point_14116_east,unknown,0.23385098548099,30.101893728845745,east,2.24,5.017600025960283,0.23385098548099,30.101893728845745,0.35905948,0,point_14116_east_unknown_class_0_0.233851_30.101894.png,0,True
point_15190,unknown,9.3918649,16.315638,original,2.24,5.01760002595007,9.3918649,16.315638,0.34894544,0,point_15190_unknown_class_0_9.391865_16.315638.png,1,False
point_14120_east,unknown,0.2562361840911525,30.096170762244125,east,2.24,5.017600025960811,0.2562361840911525,30.096170762244125,0.377682,0,point_14120_east_unknown_class_0_0.256236_30.096171.png,0,True
point_10906_west,unknown,6.431291599087068,7.458880154552634,west,2.24,5.017600025956075,6.431291599087068,7.458880154552634,1.7253602,1,point_10906_west_unknown_class_1_6.431292_7.458880.png,1,True
point_4690_east,unknown,13.51498974561324,2.136142757309081,east,2.24,5.017600025941542,13.51498974561324,2.136142757309081,29.684128,2,point_4690_east_unknown_class_2_13.514990_2.136143.png,2,True
point_4766,unknown,13.8087462,8.9837114,original,2.24,5.01760002594253,13.8087462,8.9837114,15.452982,2,point_4766_unknown_class_2_13.808746_8.983711.png,2,True
point_10398_north,unknown,13.341453061768023,12.5969264,north,2.24,5.0176000259412,13.341453061768023,12.5969264,0.78944427,1,point_10398_north_unknown_class_1_13.341453_12.596926.png,0,False
point_21486_east,unknown,11.42127018172929,-9.147145515801846,east,2.24,5.017600025947619,11.42127018172929,-9.147145515801846,1.1156442,1,point_21486_east_unknown_class_1_11.421270_-9.147146.png,1,True
point_1761_east,unknown,2.914638818890998,11.186932251904574,east,2.24,5.017600025959579,2.914638818890998,11.186932251904574,1.2696606,1,point_1761_east_unknown_class_1_2.914639_11.186932.png,1,True
point_7532,unknown,5.9891176,10.1787229,original,2.24,5.017600025956195,5.9891176,10.1787229,2.149911,1,point_7532_unknown_class_1_5.989118_10.178723.png,1,True
point_21012_east,unknown,16.462166649969923,-15.645192148551583,east,2.24,5.017600025934318,16.462166649969923,-15.645192148551583,1.080166,1,point_21012_east_unknown_class_1_16.462167_-15.645192.png,1,True
point_18498_north,unknown,-1.249901822081544,36.770708,north,2.24,5.017600025961482,-1.249901822081544,36.770708,12.807058,2,point_18498_north_unknown_class_2_-1.249902_36.770708.png,2,True
point_7624_south,unknown,6.272796359976615,5.5649722,south,2.24,5.017600025955863,6.272796359976615,5.5649722,2.5683117,1,point_7624_south_unknown_class_1_6.272796_5.564972.png,1,True
point_21023_north,unknown,6.791503040018624,-11.3079307,north,2.24,5.017600025956102,6.791503040018624,-11.3079307,0.3692867,0,point_21023_north_unknown_class_0_6.791503_-11.307931.png,0,True
point_12173,unknown,6.8094,3.9189,original,2.24,5.017600025955074,6.8094,3.9189,2.3001153,1,point_12173_unknown_class_1_6.809400_3.918900.png,1,True
point_13800_west,unknown,-0.8744956457017907,29.70399260931885,west,2.24,5.017600025960583,-0.8744956457017907,29.70399260931885,0.31931666,0,point_13800_west_unknown_class_0_-0.874496_29.703993.png,0,True
point_1502_north,unknown,6.819003617077252,1.7732489,north,2.24,5.017600025954669,6.819003617077252,1.7732489,0.6696026,0,point_1502_north_unknown_class_0_6.819004_1.773249.png,1,False
point_12816_south,unknown,0.2379865275308449,32.4870361,south,2.24,5.017600025959942,0.2379865275308449,32.4870361,3.1054351,1,point_12816_south_unknown_class_1_0.237987_32.487036.png,1,True
point_6847_north,unknown,7.672324560074876,0.5196994,north,2.24,5.017600025954736,7.672324560074876,0.5196994,0.9633843,1,point_6847_north_unknown_class_1_7.672325_0.519699.png,1,True
point_7528,unknown,5.9672959,10.1471373,original,2.24,5.017600025957314,5.9672959,10.1471373,4.20217,1,point_7528_unknown_class_1_5.967296_10.147137.png,2,False
point_15092_east,unknown,6.648530685429287,-1.5538366093155551,east,2.24,5.017600025956164,6.648530685429287,-1.5538366093155551,22.902422,2,point_15092_east_unknown_class_2_6.648531_-1.553837.png,1,False
point_4681,unknown,13.4943625,2.0736278,original,2.24,5.01760002594018,13.4943625,2.0736278,6.7880874,2,point_4681_unknown_class_2_13.494362_2.073628.png,1,False
point_3084_north,unknown,9.965754896462812,8.8885545,north,2.24,5.017600025950816,9.965754896462812,8.8885545,4.1240325,1,point_3084_north_unknown_class_1_9.965755_8.888554.png,2,False
point_1015_north,unknown,6.749197875132319,-1.6438374,north,2.24,5.017600025955671,6.749197875132319,-1.6438374,27.768013,2,point_1015_north_unknown_class_2_6.749198_-1.643837.png,2,True
point_21441_south,unknown,6.8141449958064015,3.722,south,2.24,5.017600025954976,6.8141449958064015,3.722,0.7699485,1,point_21441_south_unknown_class_1_6.814145_3.722000.png,1,True
point_6418_north,unknown,6.305269630577406,1.6399851,north,2.24,5.017600025956118,6.305269630577406,1.6399851,0.8856575,1,point_6418_north_unknown_class_1_6.305270_1.639985.png,1,True
point_10248_east,unknown,6.883964870614463,-6.425409396028346,east,2.24,5.0176000259555895,6.883964870614463,-6.425409396028346,13.007668,2,point_10248_east_unknown_class_2_6.883965_-6.425409.png,2,True
point_4314_north,unknown,9.035688170343914,38.7711602,north,2.24,5.0176000259533,9.035688170343914,38.7711602,24.71577,2,point_4314_north_unknown_class_2_9.035688_38.771160.png,2,True
point_14009_south,unknown,9.52493530538848,1.2178125,south,2.24,5.017600025951458,9.52493530538848,1.2178125,3.0042408,1,point_14009_south_unknown_class_1_9.524935_1.217812.png,1,True
point_3360,unknown,0.4247172,33.2073952,original,2.24,5.017600025959568,0.4247172,33.2073952,8.876697,2,point_3360_unknown_class_2_0.424717_33.207395.png,2,True
point_4802,unknown,14.2012643,1.4569009,original,2.24,5.017600025939456,14.2012643,1.4569009,7.6890717,2,point_4802_unknown_class_2_14.201264_1.456901.png,2,True
point_21635_north,unknown,13.044402530046584,5.1898518,north,2.24,5.017600025942322,13.044402530046584,5.1898518,4.5978026,1,point_21635_north_unknown_class_1_13.044403_5.189852.png,2,False
point_20022_south,unknown,-0.5196314601984251,36.9063257,south,2.24,5.01760002596091,-0.5196314601984251,36.9063257,1.2878917,1,point_20022_south_unknown_class_1_-0.519631_36.906326.png,1,True
point_14571,unknown,3.3271017,30.948345,original,2.24,5.017600025959121,3.3271017,30.948345,0.3132333,0,point_14571_unknown_class_0_3.327102_30.948345.png,0,True
point_14904_south,unknown,12.353829949387146,-5.5015651,south,2.24,5.017600025945746,12.353829949387146,-5.5015651,1.1792413,1,point_14904_south_unknown_class_1_12.353830_-5.501565.png,1,True
point_986_north,unknown,6.691237522889817,-1.6377614,north,2.24,5.017600025955766,6.691237522889817,-1.6377614,36.23143,2,point_986_north_unknown_class_2_6.691238_-1.637761.png,2,True
point_2977_east,unknown,6.438532998631986,3.452269232177972,east,2.24,5.017600025954887,6.438532998631986,3.452269232177972,46.849594,2,point_2977_east_unknown_class_2_6.438533_3.452269.png,2,True
point_11312_east,unknown,-0.4986219690416777,36.385103219268686,east,2.24,5.017600025960188,-0.4986219690416777,36.385103219268686,1.1387783,1,point_11312_east_unknown_class_1_-0.498622_36.385103.png,1,True
point_3416_south,unknown,1.6949174038079082,33.616799,south,2.24,5.017600025960704,1.6949174038079082,33.616799,1.432858,1,point_3416_south_unknown_class_1_1.694917_33.616799.png,1,True
point_14516,unknown,1.0155976,35.0149253,original,2.24,5.017600025960385,1.0155976,35.0149253,4.6235795,1,point_14516_unknown_class_1_1.015598_35.014925.png,2,False
point_1776_east,unknown,4.154422841632612,9.280491420082331,east,2.24,5.017600025959065,4.154422841632612,9.280491420082331,5.614195,2,point_1776_east_unknown_class_2_4.154423_9.280491.png,1,False
point_6856_east,unknown,9.296414217905,1.2577884879404608,east,2.24,5.01760002594976,9.296414217905,1.2577884879404608,0.4832157,0,point_6856_east_unknown_class_0_9.296414_1.257788.png,0,True
point_4818_west,unknown,5.218829475119333,-3.773489365653507,west,2.24,5.017600025957739,5.218829475119333,-3.773489365653507,19.546595,2,point_4818_west_unknown_class_2_5.218829_-3.773489.png,2,True
point_746_south,unknown,5.5100383060805,-0.26273,south,2.24,5.017600025956536,5.5100383060805,-0.26273,4.4704413,1,point_746_south_unknown_class_1_5.510038_-0.262730.png,1,True
point_22176,unknown,11.7901639,-0.368715,original,2.24,5.017600025944824,11.7901639,-0.368715,5.0379467,2,point_22176_unknown_class_2_11.790164_-0.368715.png,2,True
point_20445_north,unknown,9.704600808223272,1.394101,north,2.24,5.017600025950081,9.704600808223272,1.394101,0.5498242,0,point_20445_north_unknown_class_0_9.704601_1.394101.png,0,True
point_15985,unknown,-1.5548023,37.3260137,original,2.24,5.01760002595906,-1.5548023,37.3260137,0.7226059,1,point_15985_unknown_class_1_-1.554802_37.326014.png,1,True
point_8901_east,unknown,0.7165441555102284,33.58920702550756,east,2.24,5.017600025959935,0.7165441555102284,33.58920702550756,0.38394284,0,point_8901_east_unknown_class_0_0.716544_33.589207.png,0,True
point_15396_north,unknown,2.2650322613778937,32.9330222,north,2.24,5.01760002595811,2.2650322613778937,32.9330222,0.7292767,1,point_15396_north_unknown_class_1_2.265032_32.933022.png,0,False
point_1629_east,unknown,13.06796707485621,-3.0475514028048427,east,2.24,5.017600025943376,13.06796707485621,-3.0475514028048427,0.7973055,1,point_1629_east_unknown_class_1_13.067967_-3.047551.png,1,True
point_3090_south,unknown,10.487486175866684,7.4335195,south,2.24,5.017600025947016,10.487486175866684,7.4335195,9.472162,2,point_3090_south_unknown_class_2_10.487486_7.433520.png,2,True
point_14397,unknown,7.9867032,-1.73509,original,2.24,5.017600025951648,7.9867032,-1.73509,0.7963587,1,point_14397_unknown_class_1_7.986703_-1.735090.png,1,True
point_1788_west,unknown,3.7984982638332143,10.109246032076191,west,2.24,5.01760002595968,3.7984982638332143,10.109246032076191,2.2176752,1,point_1788_west_unknown_class_1_3.798498_10.109246.png,1,True
point_20301_north,unknown,13.524116068960128,-2.4640462,north,2.24,5.017600025942429,13.524116068960128,-2.4640462,0.39832848,0,point_20301_north_unknown_class_0_13.524116_-2.464046.png,0,True
point_1514_south,unknown,12.295956063637416,-1.5151577,south,2.24,5.017600025945046,12.295956063637416,-1.5151577,13.0370455,2,point_1514_south_unknown_class_2_12.295956_-1.515158.png,2,True
point_10861,unknown,5.102919,-1.3921394,original,2.24,5.017600025957675,5.102919,-1.3921394,4.508892,1,point_10861_unknown_class_1_5.102919_-1.392139.png,1,True
point_15866,unknown,8.6841553,-12.54842,original,2.24,5.017600025952809,8.6841553,-12.54842,0.50970924,0,point_15866_unknown_class_0_8.684155_-12.548420.png,0,True
point_10948_east,unknown,10.0510985697409,-10.704908681133425,east,2.24,5.017600025950362,10.0510985697409,-10.704908681133425,0.50413954,0,point_10948_east_unknown_class_0_10.051099_-10.704909.png,0,True
point_16163_north,unknown,11.712689508030184,-1.1411364,north,2.24,5.017600025945852,11.712689508030184,-1.1411364,0.4631957,0,point_16163_north_unknown_class_0_11.712690_-1.141136.png,0,True
point_4921,unknown,7.1261468,3.3268505,original,2.24,5.017600025955083,7.1261468,3.3268505,3.683867,1,point_4921_unknown_class_1_7.126147_3.326850.png,2,False
point_17770_north,unknown,-1.494493763966912,29.5397838,north,2.24,5.017600025960178,-1.494493763966912,29.5397838,0.36715046,0,point_17770_north_unknown_class_0_-1.494494_29.539784.png,2,False
point_18982,unknown,1.2537658,32.5286265,original,2.24,5.0176000259596805,1.2537658,32.5286265,0.3345601,0,point_18982_unknown_class_0_1.253766_32.528627.png,0,True
point_5674_east,unknown,6.520671293469165,2.378800807600383,east,2.24,5.017600025955799,6.520671293469165,2.378800807600383,1.9249997,1,point_5674_east_unknown_class_1_6.520671_2.378801.png,1,True
point_730_north,unknown,7.735314900737279,-5.0003431,north,2.24,5.017600025954788,7.735314900737279,-5.0003431,10.983642,2,point_730_north_unknown_class_2_7.735315_-5.000343.png,1,False
point_1787_south,unknown,3.779837612475636,10.1298213,south,2.24,5.017600025958908,3.779837612475636,10.1298213,3.8205705,1,point_1787_south_unknown_class_1_3.779838_10.129821.png,1,True
point_4656_north,unknown,0.1632412748311306,29.3148901,north,2.24,5.017600025959897,0.1632412748311306,29.3148901,0.5731242,0,point_4656_north_unknown_class_0_0.163241_29.314890.png,1,False
point_3560_north,unknown,-1.6624670970200963,29.2506324,north,2.24,5.017600025959691,-1.6624670970200963,29.2506324,7.190137,2,point_3560_north_unknown_class_2_-1.662467_29.250632.png,2,True
point_13668_north,unknown,0.1314347753719812,30.4567041,north,2.24,5.0176000259597,0.1314347753719812,30.4567041,0.3541972,0,point_13668_north_unknown_class_0_0.131435_30.456704.png,0,True
point_22448_north,unknown,0.7641708410535338,34.2150695,north,2.24,5.017600025959444,0.7641708410535338,34.2150695,0.46105716,0,point_22448_north_unknown_class_0_0.764171_34.215069.png,0,True
point_7579_north,unknown,9.3226283498525,-0.8750583,north,2.24,5.017600025950384,9.3226283498525,-0.8750583,1.708645,1,point_7579_north_unknown_class_1_9.322628_-0.875058.png,0,False
point_2488_north,unknown,-1.2436481211077222,36.8022288,north,2.24,5.017600025960176,-1.2436481211077222,36.8022288,14.476594,2,point_2488_north_unknown_class_2_-1.243648_36.802229.png,2,True
point_14242_west,unknown,-3.628332074440922,39.83189419298538,west,2.24,5.017600025958353,-3.628332074440922,39.83189419298538,1.0817319,1,point_14242_west_unknown_class_1_-3.628332_39.831894.png,1,True
point_14671_south,unknown,-10.79475075431737,25.54625,south,2.24,5.017600025948381,-10.79475075431737,25.54625,0.9223298,1,point_14671_south_unknown_class_1_-10.794751_25.546250.png,1,True
point_3015_north,unknown,4.88661650630703,7.0347459,north,2.24,5.017600025957348,4.88661650630703,7.0347459,7.142173,2,point_3015_north_unknown_class_2_4.886617_7.034746.png,2,True
point_5651_north,unknown,6.506327372541863,2.4161377,north,2.24,5.017600025956317,6.506327372541863,2.4161377,0.7355014,1,point_5651_north_unknown_class_1_6.506327_2.416138.png,0,False
point_22377_east,unknown,0.6731016582077918,34.19561754170276,east,2.24,5.017600025959355,0.6731016582077918,34.19561754170276,1.548379,1,point_22377_east_unknown_class_1_0.673102_34.195618.png,1,True
point_8980_east,unknown,-0.6361514605021786,30.238717894413085,east,2.24,5.017600025960564,-0.6361514605021786,30.238717894413085,0.42466396,0,point_8980_east_unknown_class_0_-0.636151_30.238718.png,0,True
point_22442_west,unknown,0.7395441540820235,34.062150372525664,west,2.24,5.017600025960844,0.7395441540820235,34.062150372525664,0.36030343,0,point_22442_west_unknown_class_0_0.739544_34.062150.png,0,True
point_21713_north,unknown,1.7626617860242375,33.6239184,north,2.24,5.0176000259604585,1.7626617860242375,33.6239184,1.6879225,1,point_21713_north_unknown_class_1_1.762662_33.623918.png,1,True
point_1650_north,unknown,3.8925260437122815,11.5050912,north,2.24,5.01760002595885,3.8925260437122815,11.5050912,25.033133,2,point_1650_north_unknown_class_2_3.892526_11.505091.png,2,True
point_4233_north,unknown,9.125495871076486,-12.9235482,north,2.24,5.017600025951448,9.125495871076486,-12.9235482,0.42073002,0,point_4233_north_unknown_class_0_9.125496_-12.923548.png,1,False
point_19037,unknown,10.5244963,-0.3637632,original,2.24,5.017600025947473,10.5244963,-0.3637632,6.9862046,2,point_19037_unknown_class_2_10.524496_-0.363763.png,1,False
point_6404_north,unknown,5.529948294154729,-4.0538,north,2.24,5.017600025957489,5.529948294154729,-4.0538,2.3910863,1,point_6404_north_unknown_class_1_5.529948_-4.053800.png,1,True
point_16690_south,unknown,0.965860182736023,34.2176366,south,2.24,5.017600025959329,0.965860182736023,34.2176366,0.44561452,0,point_16690_south_unknown_class_0_0.965860_34.217637.png,0,True
point_21705_west,unknown,1.7337033923293004,33.5731122838565,west,2.24,5.0176000259595375,1.7337033923293004,33.5731122838565,0.48262435,0,point_21705_west_unknown_class_0_1.733703_33.573112.png,0,True
point_7730,unknown,0.4506903,29.4233134,original,2.24,5.017600025961135,0.4506903,29.4233134,0.36764705,0,point_7730_unknown_class_0_0.450690_29.423313.png,1,False
point_155_east,unknown,5.241763073684017,-3.8900841989089954,east,2.24,5.017600025957361,5.241763073684017,-3.8900841989089954,18.46553,2,point_155_east_unknown_class_2_5.241763_-3.890084.png,2,True
point_22539_north,unknown,-3.4638863706440883,29.0936151,north,2.24,5.017600025959635,-3.4638863706440883,29.0936151,0.33473384,0,point_22539_north_unknown_class_0_-3.463886_29.093615.png,1,False
point_4660_north,unknown,1.5758202244201274,30.2390038,north,2.24,5.017600025960261,1.5758202244201274,30.2390038,1.8813902,1,point_4660_north_unknown_class_1_1.575820_30.239004.png,2,False
point_13688_north,unknown,0.2063872738970712,30.3876863,north,2.24,5.017600025960348,0.2063872738970712,30.3876863,0.31820565,0,point_13688_north_unknown_class_0_0.206387_30.387686.png,0,True
point_4132_south,unknown,10.333192980996074,0.4701537,south,2.24,5.017600025949134,10.333192980996074,0.4701537,1.3588201,1,point_4132_south_unknown_class_1_10.333193_0.470154.png,1,True
point_19177_south,unknown,7.468542669744608,-8.6153367,south,2.24,5.017600025954951,7.468542669744608,-8.6153367,0.588743,0,point_19177_south_unknown_class_0_7.468543_-8.615337.png,0,True
point_21225_south,unknown,-1.9723664377868733,30.4303774,south,2.24,5.017600025960069,-1.9723664377868733,30.4303774,1.5052904,1,point_21225_south_unknown_class_1_-1.972366_30.430377.png,1,True
point_15441_north,unknown,6.721219798235925,1.7504127,north,2.24,5.017600025956226,6.721219798235925,1.7504127,0.4405982,0,point_15441_north_unknown_class_0_6.721220_1.750413.png,0,True
point_4918,unknown,6.7288724,-3.5014518,original,2.24,5.017600025955288,6.7288724,-3.5014518,16.483704,2,point_4918_unknown_class_2_6.728872_-3.501452.png,2,True
point_3774_south,unknown,14.748921924277573,-16.9469876,south,2.24,5.017600025937339,14.748921924277573,-16.9469876,10.328418,2,point_3774_south_unknown_class_2_14.748922_-16.946988.png,2,True
point_22139_north,unknown,15.9133528046768,5.8018272,north,2.24,5.017600025935381,15.9133528046768,5.8018272,0.549349,0,point_22139_north_unknown_class_0_15.913353_5.801827.png,1,False
point_2413,unknown,-1.2879149,36.7265531,original,2.24,5.017600025959712,-1.2879149,36.7265531,19.68319,2,point_2413_unknown_class_2_-1.287915_36.726553.png,2,True
point_803_west,unknown,5.584810952201773,-0.294467092636239,west,2.24,5.017600025956437,5.584810952201773,-0.294467092636239,41.78275,2,point_803_west_unknown_class_2_5.584811_-0.294467.png,2,True
point_22808_north,unknown,8.41098803450242,-13.0959644,north,2.24,5.017600025952242,8.41098803450242,-13.0959644,0.686439,1,point_22808_north_unknown_class_1_8.410988_-13.095964.png,0,False
point_8376_south,unknown,9.49954737597912,-6.4840029,south,2.24,5.017600025949389,9.49954737597912,-6.4840029,2.8681598,1,point_8376_south_unknown_class_1_9.499547_-6.484003.png,1,True
point_2994_north,unknown,9.096683103027653,7.4624923,north,2.24,5.017600025951346,9.096683103027653,7.4624923,14.17235,2,point_2994_north_unknown_class_2_9.096683_7.462492.png,2,True
point_3222_east,unknown,0.3326289793480887,32.51179059919426,east,2.24,5.0176000259591405,0.3326289793480887,32.51179059919426,9.028645,2,point_3222_east_unknown_class_2_0.332629_32.511791.png,1,False
point_19170_west,unknown,2.5194223434816503,30.996845898465388,west,2.24,5.017600025959697,2.5194223434816503,30.996845898465388,0.30470315,0,point_19170_west_unknown_class_0_2.519422_30.996846.png,0,True
point_9603_north,unknown,6.378620273488303,1.8405345,north,2.24,5.017600025956411,6.378620273488303,1.8405345,0.36517525,0,point_9603_north_unknown_class_0_6.378620_1.840534.png,1,False
point_13944_east,unknown,1.256917721950664,35.13467617281311,east,2.24,5.017600025959653,1.256917721950664,35.13467617281311,1.0807087,1,point_13944_east_unknown_class_1_1.256918_35.134676.png,1,True
point_5679_north,unknown,7.201489888568814,1.9808896,north,2.24,5.017600025954763,7.201489888568814,1.9808896,1.9486563,1,point_5679_north_unknown_class_1_7.201490_1.980890.png,1,True
point_4472_north,unknown,-4.797542252593818,11.879214,north,2.24,5.017600025956971,-4.797542252593818,11.879214,19.246265,2,point_4472_north_unknown_class_2_-4.797542_11.879214.png,2,True
point_2480_north,unknown,-1.2695260251688465,36.8115114,north,2.24,5.01760002595977,-1.2695260251688465,36.8115114,37.01089,2,point_2480_north_unknown_class_2_-1.269526_36.811511.png,2,True
point_10396_east,unknown,12.022516242855469,1.7945607377959376,east,2.24,5.0176000259439535,12.022516242855469,1.7945607377959376,0.57420963,0,point_10396_east_unknown_class_0_12.022516_1.794561.png,0,True
point_1498_west,unknown,6.681442883359099,2.1279982584864747,west,2.24,5.017600025955393,6.681442883359099,2.1279982584864747,1.1512198,1,point_1498_west_unknown_class_1_6.681443_2.127998.png,1,True
point_985_north,unknown,6.668050441881829,-1.6435323,north,2.24,5.017600025955549,6.668050441881829,-1.6435323,31.369246,2,point_985_north_unknown_class_2_6.668050_-1.643532.png,2,True
point_7624_west,unknown,6.293051407772341,5.544728765154941,west,2.24,5.017600025955627,6.293051407772341,5.544728765154941,1.9579117,1,point_7624_west_unknown_class_1_6.293051_5.544729.png,1,True
point_13767_east,unknown,-0.9866212387385674,29.867626926098488,east,2.24,5.017600025960282,-0.9866212387385674,29.867626926098488,0.40341198,0,point_13767_east_unknown_class_0_-0.986621_29.867627.png,0,True
point_4674_east,unknown,13.837398124456625,20.85682892953111,east,2.24,5.017600025939884,13.837398124456625,20.85682892953111,3.4688222,1,point_4674_east_unknown_class_1_13.837398_20.856829.png,1,True
point_3496_south,unknown,0.5939968463307855,33.4751486,south,2.24,5.017600025958827,0.5939968463307855,33.4751486,2.3143575,1,point_3496_south_unknown_class_1_0.593997_33.475149.png,1,True
point_22820,unknown,7.7451187,-2.0307507,original,2.24,5.017600025953885,7.7451187,-2.0307507,0.61416525,0,point_22820_unknown_class_0_7.745119_-2.030751.png,0,True
point_20389_south,unknown,13.61178980576641,-2.3525628,south,2.24,5.017600025940825,13.61178980576641,-2.3525628,0.4096516,0,point_20389_south_unknown_class_0_13.611790_-2.352563.png,0,True
point_2589_north,unknown,-0.0666706240816738,34.7813966,north,2.24,5.01760002595981,-0.0666706240816738,34.7813966,8.370602,2,point_2589_north_unknown_class_2_-0.066671_34.781397.png,2,True
point_19037_south,unknown,10.50424519719903,-0.3637632,south,2.24,5.017600025949545,10.50424519719903,-0.3637632,1.5263267,1,point_19037_south_unknown_class_1_10.504245_-0.363763.png,0,False
point_1955_east,unknown,9.57748839999103,-13.609450389462818,east,2.24,5.017600025949765,9.57748839999103,-13.609450389462818,13.100724,2,point_1955_east_unknown_class_2_9.577488_-13.609450.png,2,True
point_16276_south,unknown,13.612788007388518,-6.0473785,south,2.24,5.017600025940551,13.612788007388518,-6.0473785,0.3560678,0,point_16276_south_unknown_class_0_13.612788_-6.047378.png,0,True
point_11256_north,unknown,9.386352677364082,13.4385503,north,2.24,5.017600025948458,9.386352677364082,13.4385503,0.75907165,1,point_11256_north_unknown_class_1_9.386353_13.438550.png,0,False
point_14670_south,unknown,-10.82230631831218,25.4793333,south,2.24,5.017600025947575,-10.82230631831218,25.4793333,0.40103328,0,point_14670_south_unknown_class_0_-10.822306_25.479333.png,0,True
point_22154_north,unknown,7.654500776779021,-1.9519453,north,2.24,5.017600025953263,7.654500776779021,-1.9519453,0.7601179,1,point_22154_north_unknown_class_1_7.654501_-1.951945.png,0,False
point_13752_north,unknown,11.999185099378725,8.5537124,north,2.24,5.0176000259467655,11.999185099378725,8.5537124,32.496292,2,point_13752_north_unknown_class_2_11.999185_8.553712.png,2,True
point_11259_north,unknown,9.408306752280277,13.4457625,north,2.24,5.01760002595131,9.408306752280277,13.4457625,0.72133666,1,point_11259_north_unknown_class_1_9.408307_13.445763.png,0,False
point_1262_west,unknown,5.757328241389405,-0.3513649985542852,west,2.24,5.017600025956238,5.757328241389405,-0.3513649985542852,13.660292,2,point_1262_west_unknown_class_2_5.757328_-0.351365.png,1,False
point_6830,unknown,6.5628648,1.6637679,original,2.24,5.017600025955548,6.5628648,1.6637679,0.9383236,1,point_6830_unknown_class_1_6.562865_1.663768.png,0,False
point_11397_south,unknown,-2.16567988850357,29.745079,south,2.24,5.017600025959574,-2.16567988850357,29.745079,1.2919185,1,point_11397_south_unknown_class_1_-2.165680_29.745079.png,0,False
point_1798,unknown,12.1050184,15.0487619,original,2.24,5.017600025943057,12.1050184,15.0487619,19.928953,2,point_1798_unknown_class_2_12.105018_15.048762.png,2,True
point_1037_north,unknown,9.445284209903596,-0.856655,north,2.24,5.017600025950884,9.445284209903596,-0.856655,20.383757,2,point_1037_north_unknown_class_2_9.445284_-0.856655.png,2,True
point_7530_east,unknown,5.957528028834137,10.174527001189162,east,2.24,5.017600025956288,5.957528028834137,10.174527001189162,4.1468673,1,point_7530_east_unknown_class_1_5.957528_10.174527.png,2,False
point_14976,unknown,6.9020743,0.5665445,original,2.24,5.017600025956504,6.9020743,0.5665445,0.49442178,0,point_14976_unknown_class_0_6.902074_0.566545.png,1,False
point_20324_east,unknown,13.533946644370818,-2.3725708063753674,east,2.24,5.017600025942349,13.533946644370818,-2.3725708063753674,0.8340184,1,point_20324_east_unknown_class_1_13.533947_-2.372571.png,1,True
point_4845_south,unknown,9.426784392108871,-5.6435639,south,2.24,5.017600025951452,9.426784392108871,-5.6435639,6.2518773,2,point_4845_south_unknown_class_2_9.426784_-5.643564.png,2,True
point_10395,unknown,11.9980582,1.76567,original,2.24,5.017600025944597,11.9980582,1.76567,0.33004653,0,point_10395_unknown_class_0_11.998058_1.765670.png,0,True
point_21644_south,unknown,1.596439683611007,33.6841596,south,2.24,5.017600025960883,1.596439683611007,33.6841596,0.3434413,0,point_21644_south_unknown_class_0_1.596440_33.684160.png,0,True
point_12366_north,unknown,0.4827594624422856,33.1854465,north,2.24,5.017600025959756,0.4827594624422856,33.1854465,1.1641324,1,point_12366_north_unknown_class_1_0.482759_33.185446.png,0,False
point_12824_west,unknown,0.2543302842094849,32.58610844071828,west,2.24,5.017600025959143,0.2543302842094849,32.58610844071828,9.803457,2,point_12824_west_unknown_class_2_0.254330_32.586108.png,1,False
point_2486_north,unknown,-1.2449657213124954,36.7410973,north,2.24,5.017600025959715,-1.2449657213124954,36.7410973,8.067462,2,point_2486_north_unknown_class_2_-1.244966_36.741097.png,1,False
point_12767_north,unknown,1.0111844141937372,33.4449713,north,2.24,5.017600025960856,1.0111844141937372,33.4449713,0.331409,0,point_12767_north_unknown_class_0_1.011184_33.444971.png,0,True
point_20293,unknown,12.4441859,-1.562205,original,2.24,5.017600025944129,12.4441859,-1.562205,3.5686617,1,point_20293_unknown_class_1_12.444186_-1.562205.png,1,True
point_2657,unknown,-1.0964833,37.0128884,original,2.24,5.0176000259595135,-1.0964833,37.0128884,9.20522,2,point_2657_unknown_class_2_-1.096483_37.012888.png,2,True
point_4809,unknown,13.7533874,7.9909789,original,2.24,5.017600025940117,13.7533874,7.9909789,5.9477057,2,point_4809_unknown_class_2_13.753387_7.990979.png,2,True
point_15093_south,unknown,6.647654858003337,-1.6703904,south,2.24,5.017600025956084,6.647654858003337,-1.6703904,19.242949,2,point_15093_south_unknown_class_2_6.647655_-1.670390.png,2,True
point_1618_north,unknown,11.505964997104442,-3.523925,north,2.24,5.017600025946262,11.505964997104442,-3.523925,2.301242,1,point_1618_north_unknown_class_1_11.505965_-3.523925.png,1,True
point_6157,unknown,6.2446668,0.020582,original,2.24,5.017600025956103,6.2446668,0.020582,0.8573251,1,point_6157_unknown_class_1_6.244667_0.020582.png,0,False
point_22132_south,unknown,-3.385189671252121,37.590514,south,2.24,5.017600025957807,-3.385189671252121,37.590514,0.54410976,0,point_22132_south_unknown_class_0_-3.385190_37.590514.png,1,False
point_6871,unknown,5.4176988,10.346217,original,2.24,5.017600025957444,5.4176988,10.346217,0.4923296,0,point_6871_unknown_class_0_5.417699_10.346217.png,1,False
point_21424,unknown,5.0134287,-1.6346547,original,2.24,5.017600025957974,5.0134287,-1.6346547,5.2224135,2,point_21424_unknown_class_2_5.013429_-1.634655.png,1,False
point_11751_south,unknown,4.354686601966125,-7.7185136,south,2.24,5.017600025959168,4.354686601966125,-7.7185136,0.41669258,0,point_11751_south_unknown_class_0_4.354687_-7.718514.png,0,True
point_14624_west,unknown,6.055080222713109,-0.2820105016710137,west,2.24,5.01760002595586,6.055080222713109,-0.2820105016710137,8.080353,2,point_14624_west_unknown_class_2_6.055080_-0.282011.png,1,False
point_6681_north,unknown,5.680888890155507,0.0293784,north,2.24,5.017600025957898,5.680888890155507,0.0293784,29.288322,2,point_6681_north_unknown_class_2_5.680889_0.029378.png,2,True
point_16265_east,unknown,13.530710344582936,7.142702914096907,east,2.24,5.017600025941594,13.530710344582936,7.142702914096907,1.3032002,1,point_16265_east_unknown_class_1_13.530710_7.142703.png,0,False
point_21557_east,unknown,9.589762299208122,-5.357324256219946,east,2.24,5.01760002595084,9.589762299208122,-5.357324256219946,2.2021043,1,point_21557_east_unknown_class_1_9.589762_-5.357324.png,1,True
point_4518_east,unknown,-4.764747303518226,11.909716676590536,east,2.24,5.017600025957761,-4.764747303518226,11.909716676590536,10.78422,2,point_4518_east_unknown_class_2_-4.764747_11.909717.png,2,True
point_4680,unknown,13.4720472,2.1393829,original,2.24,5.0176000259405615,13.4720472,2.1393829,5.8595905,2,point_4680_unknown_class_2_13.472047_2.139383.png,2,True
point_22152_north,unknown,7.638895491372853,-2.0112441,north,2.24,5.017600025954763,7.638895491372853,-2.0112441,0.76960564,1,point_22152_north_unknown_class_1_7.638895_-2.011244.png,0,False
point_19126_north,unknown,2.407140120459359,31.0203032,north,2.24,5.017600025960036,2.407140120459359,31.0203032,0.44533664,0,point_19126_north_unknown_class_0_2.407140_31.020303.png,0,True
point_10364_south,unknown,10.858189855305438,0.282442,south,2.24,5.017600025947921,10.858189855305438,0.282442,0.5979535,0,point_10364_south_unknown_class_0_10.858190_0.282442.png,0,True
point_20509_north,unknown,1.2016266883261173,33.6261084,north,2.24,5.017600025959957,1.2016266883261173,33.6261084,0.285155,0,point_20509_north_unknown_class_0_1.201627_33.626108.png,0,True
point_3826_north,unknown,14.861412613936976,-15.8685134,north,2.24,5.017600025938393,14.861412613936976,-15.8685134,38.58729,2,point_3826_north_unknown_class_2_14.861413_-15.868513.png,2,True
point_3012,unknown,4.829487,6.98187,original,2.24,5.017600025957475,4.829487,6.98187,16.688255,2,point_3012_unknown_class_2_4.829487_6.981870.png,2,True
point_22638,unknown,8.4180273,-9.7614766,original,2.24,5.017600025952999,8.4180273,-9.7614766,0.36529434,0,point_22638_unknown_class_0_8.418027_-9.761477.png,1,False
point_2907_north,unknown,12.706252551163304,-7.9675175,north,2.24,5.017600025944277,12.706252551163304,-7.9675175,7.072438,2,point_2907_north_unknown_class_2_12.706253_-7.967517.png,2,True
point_8161_north,unknown,6.992345370377622,-5.7636846,north,2.24,5.017600025954525,6.992345370377622,-5.7636846,6.0731206,2,point_8161_north_unknown_class_2_6.992345_-5.763685.png,1,False
point_15879_north,unknown,0.8018264374472229,32.4155673,north,2.24,5.017600025959082,0.8018264374472229,32.4155673,0.43091068,0,point_15879_north_unknown_class_0_0.801826_32.415567.png,0,True
point_3481,unknown,0.3579125,32.7517785,original,2.24,5.017600025961402,0.3579125,32.7517785,10.277329,2,point_3481_unknown_class_2_0.357913_32.751779.png,1,False
point_22201_south,unknown,-1.0778636056477526,37.1360649,south,2.24,5.017600025959484,-1.0778636056477526,37.1360649,3.0806518,1,point_22201_south_unknown_class_1_-1.077864_37.136065.png,2,False
point_14680_west,unknown,12.015435743314216,-1.371394800056992,west,2.24,5.017600025945435,12.015435743314216,-1.371394800056992,0.37035733,0,point_14680_west_unknown_class_0_12.015436_-1.371395.png,0,True
point_21430_north,unknown,6.850954990308582,3.6304,north,2.24,5.0176000259560265,6.850954990308582,3.6304,3.8850622,1,point_21430_north_unknown_class_1_6.850955_3.630400.png,2,False
point_4160_north,unknown,7.952830792193248,-11.7182969,north,2.24,5.017600025955167,7.952830792193248,-11.7182969,1.5475752,1,point_4160_north_unknown_class_1_7.952831_-11.718297.png,2,False
point_6162,unknown,7.2524929,5.179355,original,2.24,5.017600025954785,7.2524929,5.179355,2.4959226,1,point_6162_unknown_class_1_7.252493_5.179355.png,2,False
point_1476,unknown,9.7050955,1.6688982,original,2.24,5.017600025950306,9.7050955,1.6688982,8.530841,2,point_1476_unknown_class_2_9.705096_1.668898.png,2,True
point_2968_east,unknown,12.755226695253944,-8.037025966291175,east,2.24,5.017600025943405,12.755226695253944,-8.037025966291175,2.88086,1,point_2968_east_unknown_class_1_12.755227_-8.037026.png,1,True
point_748_north,unknown,5.555072877035858,-0.2113248,north,2.24,5.017600025956456,5.555072877035858,-0.2113248,51.81837,2,point_748_north_unknown_class_2_5.555073_-0.211325.png,2,True
point_6905_west,unknown,12.56530480761736,-8.113012477643755,west,2.24,5.017600025941749,12.56530480761736,-8.113012477643755,3.834838,1,point_6905_west_unknown_class_1_12.565305_-8.113012.png,1,True
point_8158,unknown,7.52673,-12.5130035,original,2.24,5.0176000259549856,7.52673,-12.5130035,0.34606147,0,point_8158_unknown_class_0_7.526730_-12.513003.png,1,False
point_15087_south,unknown,6.575960899691888,-1.6232945,south,2.24,5.017600025956639,6.575960899691888,-1.6232945,10.049998,2,point_15087_south_unknown_class_2_6.575961_-1.623295.png,1,False
point_1573_north,unknown,12.399794912388726,-1.4691108,north,2.24,5.017600025943102,12.399794912388726,-1.4691108,17.444921,2,point_1573_north_unknown_class_2_12.399795_-1.469111.png,2,True
point_4719_south,unknown,13.512171944436504,2.0475462,south,2.24,5.017600025942453,13.512171944436504,2.0475462,2.7856688,1,point_4719_south_unknown_class_1_13.512172_2.047546.png,0,False
point_1407_north,unknown,6.5102658693973545,2.665409,north,2.24,5.017600025956351,6.5102658693973545,2.665409,3.7210593,1,point_1407_north_unknown_class_1_6.510266_2.665409.png,2,False
point_5984,unknown,8.4992454,39.2859153,original,2.24,5.017600025954732,8.4992454,39.2859153,2.4364307,1,point_5984_unknown_class_1_8.499245_39.285915.png,2,False
point_1248,unknown,7.5908672,-1.9387535,original,2.24,5.017600025954478,7.5908672,-1.9387535,19.114836,2,point_1248_unknown_class_2_7.590867_-1.938754.png,2,True
point_12766,unknown,0.9691632,33.5289952,original,2.24,5.017600025958867,0.9691632,33.5289952,0.34421706,0,point_12766_unknown_class_0_0.969163_33.528995.png,0,True
point_3018_north,unknown,6.345999598957422,5.5778757,north,2.24,5.017600025955341,6.345999598957422,5.5778757,2.5938554,1,point_3018_north_unknown_class_1_6.346000_5.577876.png,2,False
point_13836_north,unknown,1.3667135622686724,34.349644,north,2.24,5.017600025960598,1.3667135622686724,34.349644,0.3442282,0,point_13836_north_unknown_class_0_1.366714_34.349644.png,0,True
point_11921_north,unknown,-0.4732380381936996,34.5161456,north,2.24,5.017600025960305,-0.4732380381936996,34.5161456,0.6855317,0,point_11921_north_unknown_class_0_-0.473238_34.516146.png,1,False
point_14156_east,unknown,12.796682492552913,-8.083318603233607,east,2.24,5.017600025944045,12.796682492552913,-8.083318603233607,0.83052653,1,point_14156_east_unknown_class_1_12.796682_-8.083319.png,0,False
point_3338,unknown,0.3912503,32.6587306,original,2.24,5.017600025960529,0.3912503,32.6587306,11.337338,2,point_3338_unknown_class_2_0.391250_32.658731.png,2,True
point_10784_south,unknown,15.001337569148925,-2.8960688,south,2.24,5.017600025938281,15.001337569148925,-2.8960688,0.3777075,0,point_10784_south_unknown_class_0_15.001338_-2.896069.png,0,True
point_12819,unknown,0.2526156,32.5611655,original,2.24,5.017600025961154,0.2526156,32.5611655,12.790326,2,point_12819_unknown_class_2_0.252616_32.561166.png,2,True
point_17536_west,unknown,6.629908886600484,-0.7093101294038895,west,2.24,5.017600025956557,6.629908886600484,-0.7093101294038895,1.3512726,1,point_17536_west_unknown_class_1_6.629909_-0.709310.png,0,False
point_13598,unknown,0.9343964,33.0966317,original,2.24,5.017600025960529,0.9343964,33.0966317,0.46894723,0,point_13598_unknown_class_0_0.934396_33.096632.png,0,True
point_981_north,unknown,5.703571374287785,-0.132243,north,2.24,5.017600025957487,5.703571374287785,-0.132243,43.047504,2,point_981_north_unknown_class_2_5.703571_-0.132243.png,2,True
point_20107_east,unknown,12.276622926376184,-1.5419093379520945,east,2.24,5.017600025945118,12.276622926376184,-1.5419093379520945,7.476863,2,point_20107_east_unknown_class_2_12.276623_-1.541909.png,2,True
point_10980_east,unknown,0.6315984607848905,30.299678176839507,east,2.24,5.017600025960611,0.6315984607848905,30.299678176839507,0.8691885,1,point_10980_east_unknown_class_1_0.631598_30.299678.png,0,False
point_11313_north,unknown,-1.7744706209996262,29.3067678,north,2.24,5.017600025960266,-1.7744706209996262,29.3067678,0.5155876,0,point_11313_north_unknown_class_0_-1.774471_29.306768.png,0,True
point_22813_south,unknown,10.020913995040493,-2.4785759,south,2.24,5.0176000259516345,10.020913995040493,-2.4785759,8.679234,2,point_22813_south_unknown_class_2_10.020914_-2.478576.png,2,True
point_2898_north,unknown,12.691991472860105,-8.0065374,north,2.24,5.017600025944759,12.691991472860105,-8.0065374,5.309398,2,point_2898_north_unknown_class_2_12.691991_-8.006537.png,2,True
point_12292_east,unknown,0.4226347737597316,33.23149320614624,east,2.24,5.017600025959406,0.4226347737597316,33.23149320614624,2.2361307,1,point_12292_east_unknown_class_1_0.422635_33.231493.png,1,True
point_16623_north,unknown,0.4630159635745296,33.5572737,north,2.24,5.017600025960898,0.4630159635745296,33.5572737,0.4096344,0,point_16623_north_unknown_class_0_0.463016_33.557274.png,0,True
point_463_north,unknown,5.396458883821071,-4.084776,north,2.24,5.017600025957691,5.396458883821071,-4.084776,21.246355,2,point_463_north_unknown_class_2_5.396459_-4.084776.png,2,True
point_14065_north,unknown,0.1915483742443436,30.0151959,north,2.24,5.017600025960005,0.1915483742443436,30.0151959,0.48408213,0,point_14065_north_unknown_class_0_0.191548_30.015196.png,0,True
point_4417_north,unknown,-4.306846976328628,15.2960061,north,2.24,5.01760002595891,-4.306846976328628,15.2960061,31.349028,2,point_4417_north_unknown_class_2_-4.306847_15.296006.png,2,True
point_10484_west,unknown,3.9815486524178456,9.747311779817572,west,2.24,5.017600025958742,3.9815486524178456,9.747311779817572,2.6526797,1,point_10484_west_unknown_class_1_3.981549_9.747312.png,1,True
point_20056_east,unknown,-0.3963153753938848,37.02599524052621,east,2.24,5.0176000259596965,-0.3963153753938848,37.02599524052621,1.0139946,1,point_20056_east_unknown_class_1_-0.396315_37.025995.png,1,True
point_19915_north,unknown,-0.9459761803558988,30.1931595,north,2.24,5.017600025960364,-0.9459761803558988,30.1931595,0.34763032,0,point_19915_north_unknown_class_0_-0.945976_30.193160.png,0,True
point_1305_north,unknown,5.317248736002042,-2.0001702,north,2.24,5.017600025957392,5.317248736002042,-2.0001702,12.665625,2,point_1305_north_unknown_class_2_5.317249_-2.000170.png,2,True
point_1467_north,unknown,6.485468689164273,2.33848,north,2.24,5.017600025955844,6.485468689164273,2.33848,8.188586,2,point_1467_north_unknown_class_2_6.485469_2.338480.png,1,False
point_15180_north,unknown,5.874439252747685,-5.683777,north,2.24,5.0176000259557405,5.874439252747685,-5.683777,2.9050925,1,point_15180_north_unknown_class_1_5.874439_-5.683777.png,1,True
point_20329_south,unknown,13.51327694622004,-2.3520425,south,2.24,5.017600025941367,13.51327694622004,-2.3520425,0.3879317,0,point_20329_south_unknown_class_0_13.513277_-2.352043.png,0,True
point_11903_north,unknown,-0.5547941434911109,34.3697739,north,2.24,5.01760002595993,-0.5547941434911109,34.3697739,0.3944714,0,point_11903_north_unknown_class_0_-0.554794_34.369774.png,0,True
point_4635,unknown,0.5021037,29.4259692,original,2.24,5.017600025959831,0.5021037,29.4259692,0.48631135,0,point_4635_unknown_class_0_0.502104_29.425969.png,0,True
point_7871_west,unknown,13.795059527238108,5.202497611645705,west,2.24,5.017600025939981,13.795059527238108,5.202497611645705,0.5812284,0,point_7871_west_unknown_class_0_13.795060_5.202498.png,1,False
point_14058_north,unknown,0.1686151747273699,29.9970755,north,2.24,5.017600025960788,0.1686151747273699,29.9970755,0.30915096,0,point_14058_north_unknown_class_0_0.168615_29.997076.png,0,True
point_19041_east,unknown,0.0053402996684407,37.094673162451095,east,2.24,5.017600025959557,0.0053402996684407,37.094673162451095,3.6771128,1,point_19041_east_unknown_class_1_0.005340_37.094673.png,1,True
point_4216_south,unknown,7.853151331003221,-11.1921438,south,2.24,5.017600025953984,7.853151331003221,-11.1921438,1.0268701,1,point_4216_south_unknown_class_1_7.853151_-11.192144.png,1,True
point_10204_west,unknown,6.862667971955156,-6.4894770019005525,west,2.24,5.017600025955463,6.862667971955156,-6.4894770019005525,1.6602291,1,point_10204_west_unknown_class_1_6.862668_-6.489477.png,1,True
point_11972,unknown,0.5215878,33.4474273,original,2.24,5.017600025959192,0.5215878,33.4474273,0.47536102,0,point_11972_unknown_class_0_0.521588_33.447427.png,0,True
point_16586_north,unknown,0.4153832661073122,33.5133163,north,2.24,5.017600025960478,0.4153832661073122,33.5133163,0.37298924,0,point_16586_north_unknown_class_0_0.415383_33.513316.png,0,True
point_21222_east,unknown,-0.7677497523305524,29.978172456917942,east,2.24,5.017600025960726,-0.7677497523305524,29.978172456917942,0.39016792,0,point_21222_east_unknown_class_0_-0.767750_29.978172.png,0,True
point_1063_north,unknown,4.985018646534855,-1.6932361,north,2.24,5.017600025957761,4.985018646534855,-1.6932361,9.951289,2,point_1063_north_unknown_class_2_4.985019_-1.693236.png,2,True
point_15041,unknown,7.0028591,0.3121442,original,2.24,5.017600025955724,7.0028591,0.3121442,7.329247,2,point_15041_unknown_class_2_7.002859_0.312144.png,1,False
point_4643_east,unknown,0.0304001981125652,18.28269606517772,east,2.24,5.0176000259604825,0.0304001981125652,18.28269606517772,0.42343143,0,point_4643_east_unknown_class_0_0.030400_18.282696.png,0,True
point_19880_south,unknown,4.941293239102046,9.9375388,south,2.24,5.017600025957974,4.941293239102046,9.9375388,3.7402406,1,point_19880_south_unknown_class_1_4.941293_9.937539.png,1,True
point_16530_north,unknown,1.6978361998351743,31.6825713,north,2.24,5.017600025959448,1.6978361998351743,31.6825713,0.40415263,0,point_16530_north_unknown_class_0_1.697836_31.682571.png,0,True
point_6468_south,unknown,6.004463057075616,37.5519728,south,2.24,5.017600025955699,6.004463057075616,37.5519728,3.9514039,1,point_6468_south_unknown_class_1_6.004463_37.551973.png,2,False
point_3509_north,unknown,2.4976872930863507,31.0886461,north,2.24,5.017600025960574,2.4976872930863507,31.0886461,0.60072005,0,point_3509_north_unknown_class_0_2.497687_31.088646.png,0,True
point_17235_south,unknown,-0.591987155305542,30.566675,south,2.24,5.017600025961012,-0.591987155305542,30.566675,0.4059591,0,point_17235_south_unknown_class_0_-0.591987_30.566675.png,0,True
point_17769_east,unknown,-1.5203302055871168,29.571832600996043,east,2.24,5.017600025959828,-1.5203302055871168,29.571832600996043,0.61287,0,point_17769_east_unknown_class_0_-1.520330_29.571833.png,0,True
point_3061_west,unknown,9.931057877415972,8.856938972646223,west,2.24,5.017600025950377,9.931057877415972,8.856938972646223,4.3790536,1,point_3061_west_unknown_class_1_9.931058_8.856939.png,2,False
point_22133_north,unknown,-3.3423858193703606,37.7063287,north,2.24,5.017600025957581,-3.3423858193703606,37.7063287,0.41485047,0,point_22133_north_unknown_class_0_-3.342386_37.706329.png,1,False
point_11137,unknown,10.3574421,-13.5648758,original,2.24,5.017600025951015,10.3574421,-13.5648758,2.7296517,1,point_11137_unknown_class_1_10.357442_-13.564876.png,1,True
point_17633,unknown,0.3599199,32.8127367,original,2.24,5.017600025960669,0.3599199,32.8127367,3.6701157,1,point_17633_unknown_class_1_0.359920_32.812737.png,1,True
point_16392_north,unknown,-0.3234995306133699,31.6410648,north,2.24,5.017600025960706,-0.3234995306133699,31.6410648,0.48847148,0,point_16392_north_unknown_class_0_-0.323500_31.641065.png,0,True
point_4813,unknown,5.2113298,-3.7378595,original,2.24,5.017600025957983,5.2113298,-3.7378595,23.782297,2,point_4813_unknown_class_2_5.211330_-3.737859.png,2,True
point_15437_south,unknown,6.543434073441055,1.7305564,south,2.24,5.017600025956153,6.543434073441055,1.7305564,0.3903975,0,point_15437_south_unknown_class_0_6.543434_1.730556.png,0,True
point_4642_north,unknown,0.0472046761986309,18.2488985,north,2.24,5.017600025959893,0.0472046761986309,18.2488985,0.7233506,1,point_4642_north_unknown_class_1_0.047205_18.248898.png,0,False
point_19823_west,unknown,13.582071341215904,2.0117735410752697,west,2.24,5.017600025941177,13.582071341215904,2.0117735410752697,1.7035824,1,point_19823_west_unknown_class_1_13.582071_2.011774.png,0,False
point_15260,unknown,0.428464,9.4793457,original,2.24,5.017600025960475,0.428464,9.4793457,12.592481,2,point_15260_unknown_class_2_0.428464_9.479346.png,2,True
point_6163_east,unknown,7.25542424721124,5.217035698888458,east,2.24,5.017600025954119,7.25542424721124,5.217035698888458,4.4141088,1,point_6163_east_unknown_class_1_7.255424_5.217036.png,2,False
point_1838,unknown,0.3667379,9.4661513,original,2.24,5.017600025960453,0.3667379,9.4661513,13.747536,2,point_1838_unknown_class_2_0.366738_9.466151.png,2,True
point_12218_east,unknown,0.3592681776941027,37.63239815530687,east,2.24,5.017600025960816,0.3592681776941027,37.63239815530687,0.7930775,1,point_12218_east_unknown_class_1_0.359268_37.632398.png,0,False
point_2636_south,unknown,-1.803242677114012,37.626919,south,2.24,5.017600025959153,-1.803242677114012,37.626919,2.522169,1,point_2636_south_unknown_class_1_-1.803243_37.626919.png,1,True
point_15898_north,unknown,0.8574939317941074,32.4533296,north,2.24,5.0176000259600695,0.8574939317941074,32.4533296,0.46000344,0,point_15898_north_unknown_class_0_0.857494_32.453330.png,0,True
point_10951_south,unknown,14.33057710210057,-16.4023354,south,2.24,5.017600025940182,14.33057710210057,-16.4023354,4.7282376,2,point_10951_south_unknown_class_2_14.330577_-16.402335.png,2,True
point_4627_east,unknown,0.4930210693894415,29.49459060235942,east,2.24,5.017600025960257,0.4930210693894415,29.49459060235942,0.9378983,1,point_4627_east_unknown_class_1_0.493021_29.494591.png,1,True
point_14128_north,unknown,12.721648027715087,-8.10855,north,2.24,5.017600025943141,12.721648027715087,-8.10855,0.8014886,1,point_14128_north_unknown_class_1_12.721648_-8.108550.png,0,False
point_19891,unknown,5.7578492,-0.3724672,original,2.24,5.01760002595683,5.7578492,-0.3724672,10.378099,2,point_19891_unknown_class_2_5.757849_-0.372467.png,2,True
point_1620,unknown,12.4874168,-1.2660228,original,2.24,5.017600025943244,12.4874168,-1.2660228,0.6915044,1,point_1620_unknown_class_1_12.487417_-1.266023.png,0,False
point_769_north,unknown,5.593598750636794,-0.2601958,north,2.24,5.017600025956845,5.593598750636794,-0.2601958,43.74249,2,point_769_north_unknown_class_2_5.593599_-0.260196.png,2,True
point_1728_north,unknown,4.107238937891315,9.7650562,north,2.24,5.017600025958534,4.107238937891315,9.7650562,7.428423,2,point_1728_north_unknown_class_2_4.107239_9.765056.png,2,True
point_14208_west,unknown,-2.022138274402943,30.065930082957404,west,2.24,5.017600025960155,-2.022138274402943,30.065930082957404,2.1276636,1,point_14208_west_unknown_class_1_-2.022138_30.065930.png,1,True
point_5712_north,unknown,9.11201208604114,7.377686,north,2.24,5.017600025952385,9.11201208604114,7.377686,20.48345,2,point_5712_north_unknown_class_2_9.112012_7.377686.png,2,True
point_14243_north,unknown,-3.589034325355631,39.8481,north,2.24,5.0176000259595535,-3.589034325355631,39.8481,1.4040712,1,point_14243_north_unknown_class_1_-3.589034_39.848100.png,1,True
point_21999,unknown,4.4359867,-7.3508782,original,2.24,5.017600025958608,4.4359867,-7.3508782,1.6038043,1,point_21999_unknown_class_1_4.435987_-7.350878.png,1,True
point_20252_east,unknown,12.370282720294473,-1.4187001305871123,east,2.24,5.017600025944364,12.370282720294473,-1.4187001305871123,7.1876082,2,point_20252_east_unknown_class_2_12.370283_-1.418700.png,2,True
point_3567_north,unknown,14.700023396387852,-17.4617456,north,2.24,5.017600025937666,14.700023396387852,-17.4617456,37.056015,2,point_3567_north_unknown_class_2_14.700023_-17.461746.png,2,True
point_11896_west,unknown,1.507895706359646,31.22640861370169,west,2.24,5.0176000259603,1.507895706359646,31.22640861370169,0.3201389,0,point_11896_west_unknown_class_0_1.507896_31.226409.png,0,True
point_15048,unknown,2.8978066,9.9067268,original,2.24,5.017600025959233,2.8978066,9.9067268,1.4007019,1,point_15048_unknown_class_1_2.897807_9.906727.png,1,True
point_7519_west,unknown,12.712909498010225,-7.99278301297585,west,2.24,5.0176000259447,12.712909498010225,-7.99278301297585,2.3950377,1,point_7519_west_unknown_class_1_12.712909_-7.992783.png,1,True
point_3863_south,unknown,14.699941138745528,-17.2834477,south,2.24,5.017600025937934,14.699941138745528,-17.2834477,2.3610504,1,point_3863_south_unknown_class_1_14.699941_-17.283448.png,1,True
point_1492_south,unknown,11.277804817078923,2.4344856,south,2.24,5.017600025947513,11.277804817078923,2.4344856,0.44702724,0,point_1492_south_unknown_class_0_11.277805_2.434486.png,0,True
point_1102_north,unknown,5.662592002909697,-0.0764919,north,2.24,5.017600025956552,5.662592002909697,-0.0764919,33.26501,2,point_1102_north_unknown_class_2_5.662592_-0.076492.png,2,True
point_6134_north,unknown,5.469303035159606,-0.66749,north,2.24,5.017600025958579,5.469303035159606,-0.66749,1.688528,1,point_6134_north_unknown_class_1_5.469303_-0.667490.png,1,True
point_6113,unknown,5.9299436,-4.2164309,original,2.24,5.017600025956396,5.9299436,-4.2164309,14.405449,2,point_6113_unknown_class_2_5.929944_-4.216431.png,2,True
point_14877_south,unknown,12.11993940515926,14.9611581,south,2.24,5.017600025944755,12.11993940515926,14.9611581,6.8231196,2,point_14877_south_unknown_class_2_12.119939_14.961158.png,2,True
point_15440_south,unknown,6.657967466441974,1.7389802,south,2.24,5.017600025956682,6.657967466441974,1.7389802,1.3045888,1,point_15440_south_unknown_class_1_6.657967_1.738980.png,0,False
point_1001_north,unknown,6.705548411135744,-1.5845007,north,2.24,5.017600025955805,6.705548411135744,-1.5845007,26.087925,2,point_1001_north_unknown_class_2_6.705548_-1.584501.png,2,True
point_1638_north,unknown,3.869220654857856,11.482124,north,2.24,5.017600025959312,3.869220654857856,11.482124,12.226679,2,point_1638_north_unknown_class_2_3.869221_11.482124.png,2,True
point_1795,unknown,12.0651926,15.084443,original,2.24,5.017600025944969,12.0651926,15.084443,4.514234,1,point_1795_unknown_class_1_12.065193_15.084443.png,2,False
point_6428_north,unknown,1.9821724353981585,32.4451577,north,2.24,5.017600025960154,1.9821724353981585,32.4451577,0.3386108,0,point_6428_north_unknown_class_0_1.982172_32.445158.png,0,True
point_3469_north,unknown,-0.3262985307295828,31.7382346,north,2.24,5.017600025960222,-0.3262985307295828,31.7382346,6.8044868,2,point_3469_north_unknown_class_2_-0.326299_31.738235.png,2,True
point_18986_north,unknown,1.3291559684932868,32.402145,north,2.24,5.017600025960606,1.3291559684932868,32.402145,0.3376894,0,point_18986_north_unknown_class_0_1.329156_32.402145.png,0,True
point_1515_north,unknown,12.346025092225762,-1.5031566,north,2.24,5.017600025945471,12.346025092225762,-1.5031566,24.803638,2,point_1515_north_unknown_class_2_12.346025_-1.503157.png,2,True
point_3561_south,unknown,-1.6696715056735922,29.1999516,south,2.24,5.017600025959414,-1.6696715056735922,29.1999516,7.9075313,2,point_3561_south_unknown_class_2_-1.669672_29.199952.png,2,True
point_15872_south,unknown,0.7455730591017504,32.5154769,south,2.24,5.017600025960487,0.7455730591017504,32.5154769,0.8293179,1,point_15872_south_unknown_class_1_0.745573_32.515477.png,1,True
point_16271_south,unknown,13.56858333565975,-5.999065,south,2.24,5.017600025940553,13.56858333565975,-5.999065,0.34149206,0,point_16271_south_unknown_class_0_13.568583_-5.999065.png,0,True
point_11522_west,unknown,2.7231244308090914,32.28986234171669,west,2.24,5.017600025959988,2.7231244308090914,32.28986234171669,0.5078299,0,point_11522_west_unknown_class_0_2.723124_32.289862.png,0,True
point_6163_north,unknown,7.275679322814099,5.1967521,north,2.24,5.017600025953708,7.275679322814099,5.1967521,1.8512514,1,point_6163_north_unknown_class_1_7.275679_5.196752.png,2,False
point_4676_south,unknown,17.90718497340104,19.104453,south,2.24,5.017600025929274,17.90718497340104,19.104453,0.48406956,0,point_4676_south_unknown_class_0_17.907185_19.104453.png,0,True
point_11562_north,unknown,2.7940110964304603,32.2480601,north,2.24,5.017600025960525,2.7940110964304603,32.2480601,0.42251506,0,point_11562_north_unknown_class_0_2.794011_32.248060.png,0,True
point_6623_north,unknown,3.081356592359864,30.8755656,north,2.24,5.017600025959065,3.081356592359864,30.8755656,0.3485026,0,point_6623_north_unknown_class_0_3.081357_30.875566.png,0,True
point_22587_north,unknown,-3.305242804058436,29.1588056,north,2.24,5.017600025958904,-3.305242804058436,29.1588056,1.145865,1,point_22587_north_unknown_class_1_-3.305243_29.158806.png,0,False
point_8375_north,unknown,9.288623288339249,-2.9979572,north,2.24,5.017600025950586,9.288623288339249,-2.9979572,4.3693604,1,point_8375_north_unknown_class_1_9.288623_-2.997957.png,1,True
point_10413,unknown,16.2256112,-3.4671846,original,2.24,5.01760002593005,16.2256112,-3.4671846,0.3597442,0,point_10413_unknown_class_0_16.225611_-3.467185.png,0,True
point_5726_south,unknown,5.511980407401114,-0.2346458,south,2.24,5.017600025957485,5.511980407401114,-0.2346458,5.1211724,2,point_5726_south_unknown_class_2_5.511980_-0.234646.png,1,False
point_19124_west,unknown,8.421623173485896,20.6071932572795,west,2.24,5.017600025952355,8.421623173485896,20.6071932572795,0.34109944,0,point_19124_west_unknown_class_0_8.421623_20.607193.png,0,True
point_14932_east,unknown,12.405649217996892,-5.4456831556912295,east,2.24,5.017600025943749,12.405649217996892,-5.4456831556912295,5.0067854,2,point_14932_east_unknown_class_2_12.405649_-5.445683.png,1,False
point_14107_north,unknown,0.2340194731776802,29.9913674,north,2.24,5.01760002596045,0.2340194731776802,29.9913674,0.36216366,0,point_14107_north_unknown_class_0_0.234019_29.991367.png,0,True
point_8808_west,unknown,1.5097986062414237,30.23378539621017,west,2.24,5.0176000259594336,1.5097986062414237,30.23378539621017,0.4472391,0,point_8808_west_unknown_class_0_1.509799_30.233785.png,0,True
point_2202_north,unknown,10.039264807274185,-12.8927912,north,2.24,5.017600025949538,10.039264807274185,-12.8927912,1.8973999,1,point_2202_north_unknown_class_1_10.039265_-12.892791.png,1,True
point_1621_south,unknown,11.147831340913784,-1.136412,south,2.24,5.017600025947526,11.147831340913784,-1.136412,0.7822189,1,point_1621_south_unknown_class_1_11.147831_-1.136412.png,0,False
point_8056_west,unknown,10.932122413238018,-14.31561901229917,west,2.24,5.017600025948047,10.932122413238018,-14.31561901229917,0.7864029,1,point_8056_west_unknown_class_1_10.932122_-14.315619.png,0,False
point_15175_east,unknown,6.553093691430799,3.3443771121838783,east,2.24,5.017600025955518,6.553093691430799,3.3443771121838783,17.90536,2,point_15175_east_unknown_class_2_6.553094_3.344377.png,2,True
point_11272_west,unknown,5.547780154521842,-0.4236713276682633,west,2.24,5.017600025956598,5.547780154521842,-0.4236713276682633,31.253548,2,point_11272_west_unknown_class_2_5.547780_-0.423671.png,2,True
point_22024,unknown,9.3457048,-0.9075678,original,2.24,5.017600025950889,9.3457048,-0.9075678,5.2218895,2,point_22024_unknown_class_2_9.345705_-0.907568.png,1,False
point_4865,unknown,4.7465084,-6.634494200000001,original,2.24,5.017600025957716,4.7465084,-6.634494200000001,28.929575,2,point_4865_unknown_class_2_4.746508_-6.634494.png,2,True
point_3566,unknown,14.678856,-17.4569785,original,2.24,5.017600025938738,14.678856,-17.4569785,27.800003,2,point_3566_unknown_class_2_14.678856_-17.456979.png,2,True
point_6847,unknown,7.6520703,0.5196994,original,2.24,5.017600025953102,7.6520703,0.5196994,1.2115422,1,point_6847_unknown_class_1_7.652070_0.519699.png,1,True
point_19904_east,unknown,0.3821432762738164,9.802767006939224,east,2.24,5.017600025960337,0.3821432762738164,9.802767006939224,0.8786458,1,point_19904_east_unknown_class_1_0.382143_9.802767.png,1,True
point_21937_north,unknown,13.448503890613296,-6.183864,north,2.24,5.017600025940917,13.448503890613296,-6.183864,0.64990824,0,point_21937_north_unknown_class_0_13.448504_-6.183864.png,1,False
point_12526_west,unknown,9.581625099727171,-11.574072157553791,west,2.24,5.017600025951316,9.581625099727171,-11.574072157553791,0.37336835,0,point_12526_west_unknown_class_0_9.581625_-11.574072.png,0,True
point_4343_west,unknown,9.051063833519509,38.67859771471731,west,2.24,5.017600025951636,9.051063833519509,38.67859771471731,6.2058277,2,point_4343_west_unknown_class_2_9.051064_38.678598.png,2,True
point_13916_west,unknown,1.1971199256649208,35.025450074094366,west,2.24,5.017600025960777,1.1971199256649208,35.025450074094366,0.43116242,0,point_13916_west_unknown_class_0_1.197120_35.025450.png,1,False
point_11962,unknown,7.4926478,4.556148,original,2.24,5.017600025955077,7.4926478,4.556148,2.6429672,1,point_11962_unknown_class_1_7.492648_4.556148.png,1,True
point_3089_north,unknown,10.470301671667372,7.4586676,north,2.24,5.017600025948626,10.470301671667372,7.4586676,9.935536,2,point_3089_north_unknown_class_2_10.470302_7.458668.png,2,True
point_8692_south,unknown,-2.600328160833292,28.881815,south,2.24,5.017600025959803,-2.600328160833292,28.881815,0.3534243,0,point_8692_south_unknown_class_0_-2.600328_28.881815.png,0,True
point_8340_north,unknown,11.370583283776222,-7.4358333,north,2.24,5.0176000259451685,11.370583283776222,-7.4358333,0.39415404,0,point_8340_north_unknown_class_0_11.370583_-7.435833.png,0,True
point_8374,unknown,9.2280383,-3.0649654,original,2.24,5.017600025952164,9.2280383,-3.0649654,0.77252936,1,point_8374_unknown_class_1_9.228038_-3.064965.png,0,False
point_1897,unknown,-0.7024809,10.2226617,original,2.24,5.01760002596038,-0.7024809,10.2226617,2.7498815,1,point_1897_unknown_class_1_-0.702481_10.222662.png,1,True
point_3893,unknown,14.7777091,-17.2256031,original,2.24,5.017600025938239,14.7777091,-17.2256031,7.5534816,2,point_3893_unknown_class_2_14.777709_-17.225603.png,2,True
point_8387_east,unknown,12.633280103194387,-1.816385190511837,east,2.24,5.01760002594331,12.633280103194387,-1.816385190511837,0.404241,0,point_8387_east_unknown_class_0_12.633280_-1.816385.png,0,True
point_20303_north,unknown,13.520214375253044,-2.401666,north,2.24,5.017600025940738,13.520214375253044,-2.401666,0.6688616,0,point_20303_north_unknown_class_0_13.520214_-2.401666.png,0,True
point_15352_north,unknown,2.2759480583232508,32.8235905,north,2.24,5.017600025959735,2.2759480583232508,32.8235905,0.81454325,1,point_15352_north_unknown_class_1_2.275948_32.823591.png,1,True
point_12713_north,unknown,-1.8091565287404343,36.8080247,north,2.24,5.017600025959484,-1.8091565287404343,36.8080247,0.95816344,1,point_12713_north_unknown_class_1_-1.809157_36.808025.png,1,True
point_6828_south,unknown,7.699554084611353,-0.8793105,south,2.24,5.01760002595281,7.699554084611353,-0.8793105,0.3701567,0,point_6828_south_unknown_class_0_7.699554_-0.879310.png,0,True
point_14780,unknown,9.4977804,-5.6591117,original,2.24,5.017600025951924,9.4977804,-5.6591117,16.114117,2,point_14780_unknown_class_2_9.497780_-5.659112.png,2,True
point_5488_north,unknown,6.415475344558372,2.291295,north,2.24,5.017600025956219,6.415475344558372,2.291295,4.9557824,2,point_5488_north_unknown_class_2_6.415475_2.291295.png,2,True
point_4740_west,unknown,13.539036844037176,2.0162583665732643,west,2.24,5.017600025942803,13.539036844037176,2.0162583665732643,1.9110291,1,point_4740_west_unknown_class_1_13.539037_2.016258.png,1,True
point_1866_north,unknown,0.4309739653092568,9.4557396,north,2.24,5.01760002596008,0.4309739653092568,9.4557396,11.622184,2,point_1866_north_unknown_class_2_0.430974_9.455740.png,2,True
point_8114_north,unknown,0.6183725533598834,32.5874704,north,2.24,5.017600025960798,0.6183725533598834,32.5874704,0.516811,0,point_8114_north_unknown_class_0_0.618373_32.587470.png,0,True
point_21724_north,unknown,1.7955358788218394,33.5403671,north,2.24,5.017600025960161,1.7955358788218394,33.5403671,0.36086708,0,point_21724_north_unknown_class_0_1.795536_33.540367.png,0,True
point_21490_north,unknown,11.47216814390134,-9.1551525,north,2.24,5.017600025945084,11.47216814390134,-9.1551525,0.5938232,0,point_21490_north_unknown_class_0_11.472168_-9.155152.png,1,False
point_1071_east,unknown,5.600056451246525,-0.0629733840946961,east,2.24,5.017600025958339,5.600056451246525,-0.0629733840946961,17.730768,2,point_1071_east_unknown_class_2_5.600056_-0.062973.png,2,True
point_2618_east,unknown,-0.2831637824192831,36.09397150646232,east,2.24,5.017600025959853,-0.2831637824192831,36.09397150646232,18.635717,2,point_2618_east_unknown_class_2_-0.283164_36.093972.png,2,True
point_4118_east,unknown,6.913021368785097,0.6567313393334874,east,2.24,5.017600025954713,6.913021368785097,0.6567313393334874,2.1666067,1,point_4118_east_unknown_class_1_6.913021_0.656731.png,1,True
point_20998_south,unknown,11.162295760423085,-1.204782,south,2.24,5.017600025949116,11.162295760423085,-1.204782,0.3367938,0,point_20998_south_unknown_class_0_11.162296_-1.204782.png,0,True
point_1221,unknown,10.0641156,-2.5035393,original,2.24,5.0176000259492834,10.0641156,-2.5035393,22.03609,2,point_1221_unknown_class_2_10.064116_-2.503539.png,2,True
point_20421_south,unknown,5.462217273707347,7.0133227,south,2.24,5.017600025957226,5.462217273707347,7.0133227,7.8194456,2,point_20421_south_unknown_class_2_5.462217_7.013323.png,2,True
point_11436_west,unknown,10.27677495529685,11.122709040509353,west,2.24,5.017600025949587,10.27677495529685,11.122709040509353,3.5991476,1,point_11436_west_unknown_class_1_10.276775_11.122709.png,1,True
point_1591_north,unknown,11.184307437199484,-4.3145182,north,2.24,5.017600025946429,11.184307437199484,-4.3145182,15.301771,2,point_1591_north_unknown_class_2_11.184307_-4.314518.png,2,True
point_2759_north,unknown,12.588113230213262,-8.088712,north,2.24,5.017600025944399,12.588113230213262,-8.088712,4.076813,1,point_2759_north_unknown_class_1_12.588113_-8.088712.png,1,True
point_1040_east,unknown,9.4224047098786,-0.7906622695073673,east,2.24,5.017600025951547,9.4224047098786,-0.7906622695073673,8.403134,2,point_1040_east_unknown_class_2_9.422405_-0.790662.png,1,False
point_6133_north,unknown,7.194915994363454,-3.1351791,north,2.24,5.017600025954137,7.194915994363454,-3.1351791,0.40425453,0,point_6133_north_unknown_class_0_7.194916_-3.135179.png,1,False
point_10391_east,unknown,9.665656994365852,39.54532069958161,east,2.24,5.0176000259521,9.665656994365852,39.54532069958161,1.9344882,1,point_10391_east_unknown_class_1_9.665657_39.545321.png,1,True
point_1060,unknown,4.9350361,-1.7138103,original,2.24,5.017600025957352,4.9350361,-1.7138103,13.665862,2,point_1060_unknown_class_2_4.935036_-1.713810.png,2,True
point_7617_north,unknown,7.141196841520448,-1.9899308,north,2.24,5.017600025954928,7.141196841520448,-1.9899308,0.48626393,0,point_7617_north_unknown_class_0_7.141197_-1.989931.png,0,True
point_18983_north,unknown,1.3040223725612765,32.4348963,north,2.24,5.017600025961072,1.3040223725612765,32.4348963,0.39638913,0,point_18983_north_unknown_class_0_1.304022_32.434896.png,0,True
point_2631_north,unknown,-2.250800740306594,40.9025632,north,2.24,5.017600025959489,-2.250800740306594,40.9025632,0.9805041,1,point_2631_north_unknown_class_1_-2.250801_40.902563.png,1,True
point_12322_north,unknown,0.460261163728671,33.1708266,north,2.24,5.017600025960704,0.460261163728671,33.1708266,5.019591,2,point_12322_north_unknown_class_2_0.460261_33.170827.png,2,True
point_15990_south,unknown,-1.5432454306720536,37.2647114,south,2.24,5.017600025960534,-1.5432454306720536,37.2647114,4.71399,2,point_15990_south_unknown_class_2_-1.543245_37.264711.png,2,True
point_16514_east,unknown,1.625589799047211,31.74199750971,east,2.24,5.017600025960256,1.625589799047211,31.74199750971,0.6509495,0,point_16514_east_unknown_class_0_1.625590_31.741998.png,0,True
point_19178_north,unknown,7.59624253111273,-8.5525136,north,2.24,5.017600025953595,7.59624253111273,-8.5525136,0.41366455,0,point_19178_north_unknown_class_0_7.596243_-8.552514.png,0,True
point_1812_north,unknown,12.127409813469695,15.0500789,north,2.24,5.017600025943918,12.127409813469695,15.0500789,21.472021,2,point_1812_north_unknown_class_2_12.127410_15.050079.png,2,True
point_11440_east,unknown,10.288162054567511,11.10070769197876,east,2.24,5.0176000259484965,10.288162054567511,11.10070769197876,6.8454866,2,point_11440_east_unknown_class_2_10.288162_11.100708.png,2,True
point_22142_north,unknown,7.591601935423265,-2.0254183,north,2.24,5.017600025953436,7.591601935423265,-2.0254183,0.6231569,0,point_22142_north_unknown_class_0_7.591602_-2.025418.png,0,True
point_21731_south,unknown,8.54410832428361,0.9582882,south,2.24,5.017600025953281,8.54410832428361,0.9582882,0.56443286,0,point_21731_south_unknown_class_0_8.544108_0.958288.png,0,True
point_15176_north,unknown,5.808790999863254,-5.7341954,north,2.24,5.017600025956298,5.808790999863254,-5.7341954,0.4599562,0,point_15176_north_unknown_class_0_5.808791_-5.734195.png,0,True
point_15995_south,unknown,14.04210981519509,5.9598824,south,2.24,5.017600025939236,14.04210981519509,5.9598824,0.37761718,0,point_15995_south_unknown_class_0_14.042110_5.959882.png,1,False
point_22647_south,unknown,1.679553200577854,40.0010509,south,2.24,5.017600025959749,1.679553200577854,40.0010509,0.3601571,0,point_22647_south_unknown_class_0_1.679553_40.001051.png,0,True
point_22302_north,unknown,13.730216634162392,-2.0580322,north,2.24,5.017600025940595,13.730216634162392,-2.0580322,0.33426368,0,point_22302_north_unknown_class_0_13.730217_-2.058032.png,0,True
point_0_north,unknown,5.34959341478675,-4.102457999999999,north,2.24,5.017600025957494,5.34959341478675,-4.102457999999999,32.40259,2,point_0_north_unknown_class_2_5.349593_-4.102458.png,2,True
point_12229_north,unknown,6.508441670854032,-6.5673851,north,2.24,5.017600025955665,6.508441670854032,-6.5673851,1.4750824,1,point_12229_north_unknown_class_1_6.508442_-6.567385.png,1,True
point_15127_north,unknown,6.731279689939576,-1.7219089,north,2.24,5.017600025954913,6.731279689939576,-1.7219089,12.577222,2,point_15127_north_unknown_class_2_6.731280_-1.721909.png,2,True
point_14709,unknown,9.4264089,-5.6077802,original,2.24,5.017600025951398,9.4264089,-5.6077802,22.715315,2,point_14709_unknown_class_2_9.426409_-5.607780.png,2,True
point_21484_west,unknown,11.404887882786236,-9.203874607078172,west,2.24,5.017600025947791,11.404887882786236,-9.203874607078172,0.68323463,0,point_21484_west_unknown_class_0_11.404888_-9.203875.png,1,False
point_8794_north,unknown,-2.473664205755111,28.8886799,north,2.24,5.017600025959617,-2.473664205755111,28.8886799,1.6942115,1,point_8794_north_unknown_class_1_-2.473664_28.888680.png,0,False
point_6158,unknown,6.2746219,0.060908,original,2.24,5.017600025956049,6.2746219,0.060908,5.547392,2,point_6158_unknown_class_2_6.274622_0.060908.png,1,False
point_20294,unknown,12.4427134,-1.4385331,original,2.24,5.017600025943638,12.4427134,-1.4385331,6.040415,2,point_20294_unknown_class_2_12.442713_-1.438533.png,2,True
point_1264_west,unknown,10.890393815921296,-1.1082033540939429,west,2.24,5.017600025947737,10.890393815921296,-1.1082033540939429,2.6994152,1,point_1264_west_unknown_class_1_10.890394_-1.108203.png,1,True
point_21635,unknown,13.024155,5.1898518,original,2.24,5.017600025941299,13.024155,5.1898518,5.3645015,2,point_21635_unknown_class_2_13.024155_5.189852.png,2,True
point_3468_north,unknown,-0.352202431851167,31.7153151,north,2.24,5.017600025960254,-0.352202431851167,31.7153151,1.9199711,1,point_3468_north_unknown_class_1_-0.352202_31.715315.png,1,True
point_11927_east,unknown,7.558763128072363,37.90492907236629,east,2.24,5.017600025955054,7.558763128072363,37.90492907236629,0.8266943,1,point_11927_east_unknown_class_1_7.558763_37.904929.png,1,True
point_1839_north,unknown,0.4068001665338076,9.4445137,north,2.24,5.0176000259604105,0.4068001665338076,9.4445137,18.479656,2,point_1839_north_unknown_class_2_0.406800_9.444514.png,2,True
point_6631_north,unknown,3.117489578552932,30.8194678,north,2.24,5.017600025959006,3.117489578552932,30.8194678,0.33518106,0,point_6631_north_unknown_class_0_3.117490_30.819468.png,0,True
point_14714_west,unknown,9.438964608823214,-5.714066503264637,west,2.24,5.017600025951525,9.438964608823214,-5.714066503264637,1.9314394,1,point_14714_west_unknown_class_1_9.438965_-5.714067.png,0,False
point_6869_north,unknown,13.857636324840094,-10.7545124,north,2.24,5.01760002593944,13.857636324840094,-10.7545124,0.34911996,0,point_6869_north_unknown_class_0_13.857636_-10.754512.png,0,True
point_6638,unknown,5.8088006,-0.6139399,original,2.24,5.017600025956835,5.8088006,-0.6139399,1.5605356,1,point_6638_unknown_class_1_5.808801_-0.613940.png,1,True
point_1591_south,unknown,11.143806935490012,-4.3145182,south,2.24,5.017600025948535,11.143806935490012,-4.3145182,18.355816,2,point_1591_south_unknown_class_2_11.143807_-4.314518.png,2,True
point_8051_south,unknown,7.212109138714759,2.1108044,south,2.24,5.017600025955171,7.212109138714759,2.1108044,1.0575486,1,point_8051_south_unknown_class_1_7.212109_2.110804.png,1,True
point_21655_north,unknown,1.7048197983723212,33.6677716,north,2.24,5.017600025958945,1.7048197983723212,33.6677716,0.66025645,0,point_21655_north_unknown_class_0_1.704820_33.667772.png,0,True
point_13877_north,unknown,1.4147406540544798,34.3915696,north,2.24,5.017600025961574,1.4147406540544798,34.3915696,0.34916213,0,point_13877_north_unknown_class_0_1.414741_34.391570.png,0,True
point_1751_east,unknown,4.63015991192842,9.462782505552678,east,2.24,5.017600025957573,4.63015991192842,9.462782505552678,2.5092733,1,point_1751_east_unknown_class_1_4.630160_9.462783.png,2,False
point_21506_north,unknown,11.338650027502446,-5.75383,north,2.24,5.017600025946362,11.338650027502446,-5.75383,0.41356042,0,point_21506_north_unknown_class_0_11.338650_-5.753830.png,0,True
point_10774,unknown,14.91383,-2.96142,original,2.24,5.017600025936057,14.91383,-2.96142,0.341973,0,point_10774_unknown_class_0_14.913830_-2.961420.png,0,True
point_4382_south,unknown,8.520452099610806,39.2648444,south,2.24,5.017600025953619,8.520452099610806,39.2648444,7.5627913,2,point_4382_south_unknown_class_2_8.520452_39.264844.png,2,True
point_6426,unknown,1.9352438,32.5182859,original,2.24,5.0176000259606175,1.9352438,32.5182859,0.30705768,0,point_6426_unknown_class_0_1.935244_32.518286.png,0,True
point_4123_south,unknown,6.408355065791857,1.2129391,south,2.24,5.01760002595602,6.408355065791857,1.2129391,3.263407,1,point_4123_south_unknown_class_1_6.408355_1.212939.png,2,False
point_11888_north,unknown,1.4893497407276253,31.3404627,north,2.24,5.0176000259598,1.4893497407276253,31.3404627,0.7006899,1,point_11888_north_unknown_class_1_1.489350_31.340463.png,0,False
point_6870,unknown,5.393223,10.4023762,original,2.24,5.017600025956567,5.393223,10.4023762,0.7624192,1,point_6870_unknown_class_1_5.393223_10.402376.png,2,False
point_7250_west,unknown,12.622268803911014,-8.089004527431781,west,2.24,5.0176000259416735,12.622268803911014,-8.089004527431781,1.6488271,1,point_7250_west_unknown_class_1_12.622269_-8.089005.png,1,True
point_1741,unknown,7.2940144,13.5743036,original,2.24,5.017600025955018,7.2940144,13.5743036,4.688086,2,point_1741_unknown_class_2_7.294014_13.574304.png,2,True
point_4528,unknown,-4.4173353,15.3166503,original,2.24,5.0176000259584415,-4.4173353,15.3166503,11.766433,2,point_4528_unknown_class_2_-4.417335_15.316650.png,2,True
point_1610_north,unknown,12.27313379993454,-2.3503835,north,2.24,5.0176000259461775,12.27313379993454,-2.3503835,2.1834116,1,point_1610_north_unknown_class_1_12.273134_-2.350383.png,2,False
point_6455,unknown,2.0204364,32.5970406,original,2.24,5.017600025960022,2.0204364,32.5970406,0.31424195,0,point_6455_unknown_class_0_2.020436_32.597041.png,0,True
point_10374_north,unknown,10.937738866533405,0.238895,north,2.24,5.017600025948631,10.937738866533405,0.238895,0.39894393,0,point_10374_north_unknown_class_0_10.937739_0.238895.png,0,True
point_21280_west,unknown,4.754363604167202,-6.711972873938421,west,2.24,5.017600025958319,4.754363604167202,-6.711972873938421,4.3523006,1,point_21280_west_unknown_class_1_4.754364_-6.711973.png,1,True
point_2295_south,unknown,-1.3370790671946844,36.8350478,south,2.24,5.017600025959815,-1.3370790671946844,36.8350478,8.582318,2,point_2295_south_unknown_class_2_-1.337079_36.835048.png,2,True
point_22051_north,unknown,9.428828828781493,-0.9173137,north,2.24,5.017600025951726,9.428828828781493,-0.9173137,3.053258,1,point_22051_north_unknown_class_1_9.428829_-0.917314.png,1,True
point_22824_north,unknown,7.83898790204452,-2.0366903,north,2.24,5.017600025954361,7.83898790204452,-2.0366903,0.39235494,0,point_22824_north_unknown_class_0_7.838988_-2.036690.png,0,True
point_1728_east,unknown,4.086981845840636,9.785229420699778,east,2.24,5.017600025958927,4.086981845840636,9.785229420699778,12.017642,2,point_1728_east_unknown_class_2_4.086982_9.785229.png,2,True
point_22924_north,unknown,3.928260526493092,11.444866,north,2.24,5.017600025958316,3.928260526493092,11.444866,2.1985772,1,point_22924_north_unknown_class_1_3.928261_11.444866.png,1,True
point_3858_north,unknown,15.62653033691412,-13.3285957,north,2.24,5.0176000259344935,15.62653033691412,-13.3285957,0.98308873,1,point_3858_north_unknown_class_1_15.626530_-13.328596.png,1,True
point_20153,unknown,12.2932449,-1.4647491,original,2.24,5.017600025944016,12.2932449,-1.4647491,12.406835,2,point_20153_unknown_class_2_12.293245_-1.464749.png,1,False
point_8146_north,unknown,0.6797583484995106,32.5277592,north,2.24,5.017600025959067,0.6797583484995106,32.5277592,1.1011032,1,point_8146_north_unknown_class_1_0.679758_32.527759.png,1,True
point_8926_north,unknown,0.8110859365335241,33.537857,north,2.24,5.017600025960391,0.8110859365335241,33.537857,0.34324917,0,point_8926_north_unknown_class_0_0.811086_33.537857.png,0,True
point_8735,unknown,-2.5108056,28.7711944,original,2.24,5.017600025960132,-2.5108056,28.7711944,0.36641976,0,point_8735_unknown_class_0_-2.510806_28.771194.png,0,True
point_12715_south,unknown,-1.852011466136513,36.8104579,south,2.24,5.017600025960401,-1.852011466136513,36.8104579,1.1346282,1,point_12715_south_unknown_class_1_-1.852011_36.810458.png,1,True
point_1098_north,unknown,5.652833309695544,-0.0132763,north,2.24,5.017600025957027,5.652833309695544,-0.0132763,42.041553,2,point_1098_north_unknown_class_2_5.652833_-0.013276.png,2,True
point_9950_south,unknown,9.671394676519768,-13.3823952,south,2.24,5.017600025951287,9.671394676519768,-13.3823952,2.2468596,1,point_9950_south_unknown_class_1_9.671395_-13.382395.png,1,True
point_1890,unknown,-0.7324324,8.7841119,original,2.24,5.017600025960401,-0.7324324,8.7841119,14.5682335,2,point_1890_unknown_class_2_-0.732432_8.784112.png,2,True
point_13654_west,unknown,1.0061379375264965,33.0107946554732,west,2.24,5.017600025960389,1.0061379375264965,33.0107946554732,0.34824878,0,point_13654_west_unknown_class_0_1.006138_33.010795.png,0,True
point_2580_north,unknown,-0.0875721243076819,34.7840917,north,2.24,5.017600025959038,-0.0875721243076819,34.7840917,11.686685,2,point_2580_north_unknown_class_2_-0.087572_34.784092.png,2,True
point_12754_south,unknown,0.907411775879317,33.5897922,south,2.24,5.017600025961338,0.907411775879317,33.5897922,0.33930686,0,point_12754_south_unknown_class_0_0.907412_33.589792.png,0,True
point_1473_east,unknown,6.499824494779646,2.3751937722776617,east,2.24,5.017600025955219,6.499824494779646,2.3751937722776617,3.3836863,1,point_1473_east_unknown_class_1_6.499824_2.375194.png,1,True
point_3783,unknown,15.994342,-16.4870342,original,2.24,5.017600025935314,15.994342,-16.4870342,5.92947,2,point_3783_unknown_class_2_15.994342_-16.487034.png,2,True
point_15625_east,unknown,6.171573115400838,1.3050190792863818,east,2.24,5.017600025956368,6.171573115400838,1.3050190792863818,11.726391,2,point_15625_east_unknown_class_2_6.171573_1.305019.png,2,True
point_10457,unknown,13.9846804,-4.4986639,original,2.24,5.017600025940444,13.9846804,-4.4986639,0.34252122,0,point_10457_unknown_class_0_13.984680_-4.498664.png,0,True
point_17239_north,unknown,-0.5554919435399919,30.6833219,north,2.24,5.017600025960006,-0.5554919435399919,30.6833219,0.7539442,1,point_17239_north_unknown_class_1_-0.555492_30.683322.png,1,True
point_13825_north,unknown,1.3405195666283631,34.3666204,north,2.24,5.01760002595979,1.3405195666283631,34.3666204,0.40707856,0,point_13825_north_unknown_class_0_1.340520_34.366620.png,0,True
point_1136_north,unknown,7.349043457141633,-2.3224953,north,2.24,5.017600025953607,7.349043457141633,-2.3224953,18.95259,2,point_1136_north_unknown_class_2_7.349043_-2.322495.png,2,True
point_19082_south,unknown,5.922695196980539,10.4208139,south,2.24,5.017600025957157,5.922695196980539,10.4208139,0.2621899,0,point_19082_south_unknown_class_0_5.922695_10.420814.png,0,True
point_15030_south,unknown,6.9239734885383335,0.7025991,south,2.24,5.017600025955239,6.9239734885383335,0.7025991,0.4395959,0,point_15030_south_unknown_class_0_6.923973_0.702599.png,0,True
point_1480_east,unknown,7.199507050736544,2.089952705180784,east,2.24,5.017600025955284,7.199507050736544,2.089952705180784,1.4931304,1,point_1480_east_unknown_class_1_7.199507_2.089953.png,1,True
point_1499_north,unknown,6.750923973703862,2.1637194,north,2.24,5.017600025955597,6.750923973703862,2.1637194,0.45543247,0,point_1499_north_unknown_class_0_6.750924_2.163719.png,0,True
point_3092_east,unknown,10.544905638109704,7.467356134692601,east,2.24,5.017600025949257,10.544905638109704,7.467356134692601,16.812778,2,point_3092_east_unknown_class_2_10.544906_7.467356.png,2,True
point_10812_south,unknown,9.779583204543638,-13.4330714,south,2.24,5.017600025950726,9.779583204543638,-13.4330714,0.8367626,1,point_10812_south_unknown_class_1_9.779583_-13.433071.png,0,False
point_19902_west,unknown,5.808972938151401,-0.3700831326158923,west,2.24,5.017600025957377,5.808972938151401,-0.3700831326158923,7.862734,2,point_19902_west_unknown_class_2_5.808973_-0.370083.png,1,False
point_12796_south,unknown,1.0539058938636172,33.4545334,south,2.24,5.017600025959167,1.0539058938636172,33.4545334,0.30257365,0,point_12796_south_unknown_class_0_1.053906_33.454533.png,0,True
point_969_north,unknown,5.701479775753596,-0.1931704,north,2.24,5.0176000259571865,5.701479775753596,-0.1931704,40.02398,2,point_969_north_unknown_class_2_5.701480_-0.193170.png,2,True
point_6081_south,unknown,6.0349081796582285,-3.8949669,south,2.24,5.01760002595601,6.0349081796582285,-3.8949669,0.70368695,1,point_6081_south_unknown_class_1_6.034908_-3.894967.png,0,False
point_1007_east,unknown,6.691776982709027,-1.527340532932217,east,2.24,5.0176000259550975,6.691776982709027,-1.527340532932217,20.933628,2,point_1007_east_unknown_class_2_6.691777_-1.527341.png,2,True
point_2913_east,unknown,11.312875088720489,-5.668990970838677,east,2.24,5.017600025949605,11.312875088720489,-5.668990970838677,13.005144,2,point_2913_east_unknown_class_2_11.312875_-5.668991.png,2,True
point_3422_west,unknown,1.420459811791619,31.31956099359564,west,2.24,5.017600025960906,1.420459811791619,31.31956099359564,0.6471261,0,point_3422_west_unknown_class_0_1.420460_31.319561.png,0,True
point_6836_south,unknown,7.4692907704301215,0.6740425,south,2.24,5.017600025954756,7.4692907704301215,0.6740425,0.41437522,0,point_6836_south_unknown_class_0_7.469291_0.674042.png,0,True
point_1388_west,unknown,6.413487700205894,2.312289458115289,west,2.24,5.017600025955787,6.413487700205894,2.312289458115289,8.816513,2,point_1388_west_unknown_class_2_6.413488_2.312289.png,2,True
point_1027_south,unknown,9.38374294278929,-0.8854043,south,2.24,5.017600025949754,9.38374294278929,-0.8854043,12.444469,2,point_1027_south_unknown_class_2_9.383743_-0.885404.png,2,True
point_2897_south,unknown,12.659277308192667,-8.0613501,south,2.24,5.017600025945161,12.659277308192667,-8.0613501,2.0844123,1,point_2897_south_unknown_class_1_12.659277_-8.061350.png,1,True
point_15154_north,unknown,11.241620259649878,-12.317143,north,2.24,5.017600025945784,11.241620259649878,-12.317143,0.4182805,0,point_15154_north_unknown_class_0_11.241620_-12.317143.png,0,True
point_9028_north,unknown,-0.5408965425301477,30.1150029,north,2.24,5.01760002596098,-0.5408965425301477,30.1150029,0.9281452,1,point_9028_north_unknown_class_1_-0.540897_30.115003.png,0,False
point_19337_west,unknown,13.495230546908042,2.0163710455858497,west,2.24,5.0176000259417055,13.495230546908042,2.0163710455858497,0.7622563,1,point_19337_west_unknown_class_1_13.495231_2.016371.png,0,False
point_6082_west,unknown,16.957705916535954,7.942687448949042,west,2.24,5.017600025926596,16.957705916535954,7.942687448949042,0.8354271,1,point_6082_west_unknown_class_1_16.957706_7.942687.png,0,False
point_3019_north,unknown,6.349563396181189,5.6191046,north,2.24,5.017600025955531,6.349563396181189,5.6191046,7.479449,2,point_3019_north_unknown_class_2_6.349563_5.619105.png,2,True
point_2833_east,unknown,12.60335750514165,-7.924192785508191,east,2.24,5.017600025943354,12.60335750514165,-7.924192785508191,21.145697,2,point_2833_east_unknown_class_2_12.603358_-7.924193.png,2,True
point_23033_north,unknown,12.51498454026193,-1.3549045,north,2.24,5.017600025942974,12.51498454026193,-1.3549045,0.9204987,1,point_23033_north_unknown_class_1_12.514985_-1.354904.png,0,False
point_13569_south,unknown,0.8349200679630427,33.1925281,south,2.24,5.017600025959416,0.8349200679630427,33.1925281,0.3736988,0,point_13569_south_unknown_class_0_0.834920_33.192528.png,0,True
point_17275_north,unknown,15.884584158452377,2.4160775,north,2.24,5.017600025933498,15.884584158452377,2.4160775,0.35448533,0,point_17275_north_unknown_class_0_15.884584_2.416078.png,0,True
point_3777_north,unknown,14.816929792067452,-16.9256482,north,2.24,5.01760002593816,14.816929792067452,-16.9256482,11.789621,2,point_3777_north_unknown_class_2_14.816930_-16.925648.png,2,True
point_2912_north,unknown,11.33207783648729,-5.7001179,north,2.24,5.017600025946804,11.33207783648729,-5.7001179,2.501153,1,point_2912_north_unknown_class_1_11.332078_-5.700118.png,1,True
point_22569_south,unknown,-3.384166571679,29.0623986,south,2.24,5.017600025959121,-3.384166571679,29.0623986,0.30783123,0,point_22569_south_unknown_class_0_-3.384167_29.062399.png,0,True
point_22100_east,unknown,9.44268740858594,-0.7727122778023632,east,2.24,5.017600025949926,9.44268740858594,-0.7727122778023632,3.7050517,1,point_22100_east_unknown_class_1_9.442687_-0.772712.png,1,True
point_1605_east,unknown,11.176753397492774,-4.2279893979235,east,2.24,5.017600025947229,11.176753397492774,-4.2279893979235,6.145033,2,point_1605_east_unknown_class_2_11.176753_-4.227989.png,2,True
point_8376,unknown,9.5197997,-6.4840029,original,2.24,5.017600025949576,9.5197997,-6.4840029,17.316307,2,point_8376_unknown_class_2_9.519800_-6.484003.png,2,True
point_5711_west,unknown,9.077920031811342,7.381945101013329,west,2.24,5.0176000259513005,9.077920031811342,7.381945101013329,10.727789,2,point_5711_west_unknown_class_2_9.077920_7.381945.png,2,True
point_8162,unknown,6.9920579,-5.7426071,original,2.24,5.017600025954379,6.9920579,-5.7426071,14.303636,2,point_8162_unknown_class_2_6.992058_-5.742607.png,2,True
point_6205_east,unknown,7.381699139247122,0.8850506032205734,east,2.24,5.017600025955845,7.381699139247122,0.8850506032205734,0.5537716,0,point_6205_east_unknown_class_0_7.381699_0.885051.png,0,True
point_2637,unknown,0.5413686,34.0261537,original,2.24,5.01760002596059,0.5413686,34.0261537,0.52499086,0,point_2637_unknown_class_0_0.541369_34.026154.png,1,False
point_12425_north,unknown,0.4960957616501464,33.26089,north,2.24,5.017600025959335,0.4960957616501464,33.26089,1.7801504,1,point_12425_north_unknown_class_1_0.496096_33.260890.png,1,True
point_11062_north,unknown,-1.2000005144457888,10.583798,north,2.24,5.017600025960305,-1.2000005144457888,10.583798,0.7911928,1,point_11062_north_unknown_class_1_-1.200001_10.583798.png,1,True
point_21638_north,unknown,6.136953459118327,-0.0144379,north,2.24,5.017600025957116,6.136953459118327,-0.0144379,3.2366967,1,point_21638_north_unknown_class_1_6.136953_-0.014438.png,1,True
point_16194_south,unknown,8.044028016846314,-6.1946628,south,2.24,5.017600025951981,8.044028016846314,-6.1946628,4.951046,2,point_16194_south_unknown_class_2_8.044028_-6.194663.png,1,False
point_20818_north,unknown,4.876008512680016,6.9723644,north,2.24,5.017600025958338,4.876008512680016,6.9723644,8.323345,2,point_20818_north_unknown_class_2_4.876009_6.972364.png,2,True
point_8106_west,unknown,0.6056110623985314,32.426152321049265,west,2.24,5.017600025959659,0.6056110623985314,32.426152321049265,0.5383509,0,point_8106_west_unknown_class_0_0.605611_32.426152.png,0,True
point_14162,unknown,12.9806031,7.6188371,original,2.24,5.017600025941093,12.9806031,7.6188371,13.005714,2,point_14162_unknown_class_2_12.980603_7.618837.png,2,True
point_4112_north,unknown,7.559656065027092,1.148524,north,2.24,5.017600025955225,7.559656065027092,1.148524,0.8020271,1,point_4112_north_unknown_class_1_7.559656_1.148524.png,1,True
point_6852_north,unknown,9.301883673347366,1.2340146,north,2.24,5.017600025950539,9.301883673347366,1.2340146,0.6323439,0,point_6852_north_unknown_class_0_9.301884_1.234015.png,1,False
point_10938_north,unknown,10.05035609376265,-10.7610234,north,2.24,5.017600025949859,10.05035609376265,-10.7610234,0.35759994,0,point_10938_north_unknown_class_0_10.050356_-10.761023.png,1,False
point_16201_west,unknown,7.400105838085852,-7.574872443170753,west,2.24,5.017600025955463,7.400105838085852,-7.574872443170753,4.826257,2,point_16201_west_unknown_class_2_7.400106_-7.574872.png,1,False
point_11901_south,unknown,-0.6186391533397843,34.3995646,south,2.24,5.017600025960332,-0.6186391533397843,34.3995646,0.4121689,0,point_11901_south_unknown_class_0_-0.618639_34.399565.png,0,True
point_2247_north,unknown,9.748768856055673,-13.4251949,north,2.24,5.017600025948852,9.748768856055673,-13.4251949,2.4457593,1,point_2247_north_unknown_class_1_9.748769_-13.425195.png,0,False
point_17496_south,unknown,14.519754926326929,-4.115,south,2.24,5.0176000259382585,14.519754926326929,-4.115,2.783068,1,point_17496_south_unknown_class_1_14.519755_-4.115000.png,1,True
point_14177_north,unknown,10.126660900419386,14.4378849,north,2.24,5.017600025949212,10.126660900419386,14.4378849,0.585276,0,point_14177_north_unknown_class_0_10.126661_14.437885.png,0,True
point_764_east,unknown,5.550772554334372,-0.1637399704291707,east,2.24,5.0176000259567735,5.550772554334372,-0.1637399704291707,19.689747,2,point_764_east_unknown_class_2_5.550773_-0.163740.png,2,True
point_20035_east,unknown,-0.4742270705563704,37.04083824701581,east,2.24,5.017600025960761,-0.4742270705563704,37.04083824701581,1.0003707,1,point_20035_east_unknown_class_1_-0.474227_37.040838.png,1,True
point_9123_north,unknown,-0.452953037004095,30.1038248,north,2.24,5.017600025960229,-0.452953037004095,30.1038248,0.45791233,0,point_9123_north_unknown_class_0_-0.452953_30.103825.png,1,False
point_1511_south,unknown,6.607945825629856,1.710937,south,2.24,5.017600025955205,6.607945825629856,1.710937,0.77286035,1,point_1511_south_unknown_class_1_6.607946_1.710937.png,0,False
point_8610_north,unknown,4.156781012671432,9.2202645,north,2.24,5.017600025958033,4.156781012671432,9.2202645,1.5042703,1,point_8610_north_unknown_class_1_4.156781_9.220265.png,1,True
point_6730_west,unknown,7.488718032494047,1.1317310830951073,west,2.24,5.017600025954559,7.488718032494047,1.1317310830951073,0.50331163,0,point_6730_west_unknown_class_0_7.488718_1.131731.png,0,True
point_19130,unknown,2.3940007,31.1212038,original,2.24,5.0176000259600775,2.3940007,31.1212038,0.31873527,0,point_19130_unknown_class_0_2.394001_31.121204.png,0,True
point_22457_north,unknown,0.7808895394740513,34.1611202,north,2.24,5.01760002596051,0.7808895394740513,34.1611202,0.4046944,0,point_22457_north_unknown_class_0_0.780890_34.161120.png,0,True
point_1804_north,unknown,12.131852606994917,15.0283757,north,2.24,5.017600025945147,12.131852606994917,15.0283757,20.784431,2,point_1804_north_unknown_class_2_12.131853_15.028376.png,2,True
point_3268_east,unknown,0.3554672779300951,32.63446374703639,east,2.24,5.017600025960083,0.3554672779300951,32.63446374703639,12.940665,2,point_3268_east_unknown_class_2_0.355467_32.634464.png,2,True
point_17419,unknown,-0.2055873,35.7143203,original,2.24,5.017600025961072,-0.2055873,35.7143203,0.60534173,0,point_17419_unknown_class_0_-0.205587_35.714320.png,1,False
point_8159_north,unknown,11.72157239549978,-2.9091588,north,2.24,5.017600025947763,11.72157239549978,-2.9091588,0.41887692,0,point_8159_north_unknown_class_0_11.721572_-2.909159.png,0,True
point_3861,unknown,15.6598697,-13.260998,original,2.24,5.017600025934631,15.6598697,-13.260998,4.069195,1,point_3861_unknown_class_1_15.659870_-13.260998.png,1,True
point_20040_north,unknown,-0.424895535442713,36.8930498,north,2.24,5.017600025961106,-0.424895535442713,36.8930498,1.3523319,1,point_20040_north_unknown_class_1_-0.424896_36.893050.png,1,True
point_10868,unknown,-0.5756307,37.4902729,original,2.24,5.017600025959043,-0.5756307,37.4902729,1.6367812,1,point_10868_unknown_class_1_-0.575631_37.490273.png,1,True
point_4275_north,unknown,9.002525106759999,38.7302506,north,2.24,5.017600025952428,9.002525106759999,38.7302506,30.110622,2,point_4275_north_unknown_class_2_9.002525_38.730251.png,2,True
point_18981_north,unknown,1.2731512774508824,32.4625247,north,2.24,5.017600025960985,1.2731512774508824,32.4625247,0.35752845,0,point_18981_north_unknown_class_0_1.273151_32.462525.png,0,True
point_18978_south,unknown,1.2003418144969666,32.4357817,south,2.24,5.017600025960017,1.2003418144969666,32.4357817,0.33233643,0,point_18978_south_unknown_class_0_1.200342_32.435782.png,0,True
point_14247_south,unknown,0.6436056501971814,34.7527792,south,2.24,5.017600025960135,0.6436056501971814,34.7527792,0.66485214,0,point_14247_south_unknown_class_0_0.643606_34.752779.png,0,True
point_2296_east,unknown,-1.314421318378755,36.86955282313377,east,2.24,5.01760002596058,-1.314421318378755,36.86955282313377,29.381523,2,point_2296_east_unknown_class_2_-1.314421_36.869553.png,2,True
point_21354_west,unknown,13.231378464178334,-4.969492075981558,west,2.24,5.017600025942302,13.231378464178334,-4.969492075981558,0.35316572,0,point_21354_west_unknown_class_0_13.231378_-4.969492.png,0,True
point_8075_north,unknown,-5.830218729992265,13.0625759,north,2.24,5.017600025956692,-5.830218729992265,13.0625759,9.434818,2,point_8075_north_unknown_class_2_-5.830219_13.062576.png,2,True
point_4410_north,unknown,-4.308489677204309,15.2749712,north,2.24,5.017600025958743,-4.308489677204309,15.2749712,26.976341,2,point_4410_north_unknown_class_2_-4.308490_15.274971.png,2,True
point_18498_east,unknown,-1.270159521128147,36.79083517472543,east,2.24,5.017600025960041,-1.270159521128147,36.79083517472543,22.670494,2,point_18498_east_unknown_class_2_-1.270160_36.790835.png,2,True
point_7618_north,unknown,7.168839717297611,-2.0475791,north,2.24,5.01760002595429,7.168839717297611,-2.0475791,0.9706088,1,point_7618_north_unknown_class_1_7.168840_-2.047579.png,0,False
point_8795,unknown,-2.4701111,28.7752222,original,2.24,5.01760002595997,-2.4701111,28.7752222,0.4060553,0,point_8795_unknown_class_0_-2.470111_28.775222.png,0,True
point_10438,unknown,14.4899167,-9.1795,original,2.24,5.017600025941014,14.4899167,-9.1795,0.5496711,0,point_10438_unknown_class_0_14.489917_-9.179500.png,0,True
point_3893_south,unknown,14.757464439221318,-17.2256031,south,2.24,5.01760002593628,14.757464439221318,-17.2256031,7.5501866,2,point_3893_south_unknown_class_2_14.757464_-17.225603.png,1,False
point_4803_west,unknown,14.202831700408074,1.4323314542208172,west,2.24,5.017600025939952,14.202831700408074,1.4323314542208172,0.6568418,0,point_4803_west_unknown_class_0_14.202832_1.432331.png,0,True
point_1213_south,unknown,6.576001499724733,0.4438654,south,2.24,5.017600025955605,6.576001499724733,0.4438654,4.6152105,1,point_1213_south_unknown_class_1_6.576001_0.443865.png,1,True
point_10812_north,unknown,9.82008717133948,-13.4330714,north,2.24,5.017600025950753,9.82008717133948,-13.4330714,0.5647878,0,point_10812_north_unknown_class_0_9.820087_-13.433071.png,0,True
point_17531_west,unknown,6.552119391492057,-0.7892563728844981,west,2.24,5.017600025955151,6.552119391492057,-0.7892563728844981,6.0271482,2,point_17531_west_unknown_class_2_6.552119_-0.789256.png,1,False
point_13646_south,unknown,0.960988682148373,33.0339739,south,2.24,5.017600025959822,0.960988682148373,33.0339739,0.35279095,0,point_13646_south_unknown_class_0_0.960989_33.033974.png,0,True
point_13906_east,unknown,1.4330667110084374,34.540301315976464,east,2.24,5.017600025960667,1.4330667110084374,34.540301315976464,0.43046606,0,point_13906_east_unknown_class_0_1.433067_34.540301.png,0,True
point_22332_north,unknown,13.83067406928176,-2.0561922,north,2.24,5.017600025941787,13.83067406928176,-2.0561922,0.39297035,0,point_22332_north_unknown_class_0_13.830674_-2.056192.png,0,True
point_16021_east,unknown,13.216572565146372,12.047366828977864,east,2.24,5.017600025941737,13.216572565146372,12.047366828977864,0.8180582,1,point_16021_east_unknown_class_1_13.216573_12.047367.png,0,False
point_12275,unknown,0.4254953,33.150363,original,2.24,5.017600025958782,0.4254953,33.150363,3.6942022,1,point_12275_unknown_class_1_0.425495_33.150363.png,2,False
point_14424_south,unknown,9.149912078651072,-10.1009967,south,2.24,5.0176000259517,9.149912078651072,-10.1009967,0.34808174,0,point_14424_south_unknown_class_0_9.149912_-10.100997.png,1,False
point_3788_north,unknown,16.042882661475947,-16.5050601,north,2.24,5.017600025931345,16.042882661475947,-16.5050601,3.4636264,1,point_3788_north_unknown_class_1_16.042883_-16.505060.png,1,True
point_20824,unknown,8.7699768,-12.7762999,original,2.24,5.017600025951128,8.7699768,-12.7762999,0.6789291,0,point_20824_unknown_class_0_8.769977_-12.776300.png,0,True
point_13648,unknown,0.9885329,33.0893194,original,2.24,5.017600025959865,0.9885329,33.0893194,0.3545996,0,point_13648_unknown_class_0_0.988533_33.089319.png,0,True
point_1045_south,unknown,4.882814503605501,-1.7583276,south,2.24,5.017600025957366,4.882814503605501,-1.7583276,25.733274,2,point_1045_south_unknown_class_2_4.882815_-1.758328.png,2,True
point_6081,unknown,6.0551638,-3.8949669,original,2.24,5.017600025956966,6.0551638,-3.8949669,0.74643195,1,point_6081_unknown_class_1_6.055164_-3.894967.png,1,True
point_586_west,unknown,5.408037863274528,-4.03609833105339,west,2.24,5.017600025957072,5.408037863274528,-4.03609833105339,6.8597474,2,point_586_west_unknown_class_2_5.408038_-4.036098.png,1,False
point_1166_east,unknown,5.13447238039802,-1.2574036113932756,east,2.24,5.017600025958206,5.13447238039802,-1.2574036113932756,15.667011,2,point_1166_east_unknown_class_2_5.134472_-1.257404.png,2,True
point_20296_north,unknown,13.508203794613973,-2.5135745,north,2.24,5.017600025942047,13.508203794613973,-2.5135745,0.35575458,0,point_20296_north_unknown_class_0_13.508204_-2.513574.png,0,True
point_1390_west,unknown,6.439753798555264,2.301968819450751,west,2.24,5.0176000259556295,6.439753798555264,2.301968819450751,6.1825757,2,point_1390_west_unknown_class_2_6.439754_2.301969.png,2,True
point_22049_east,unknown,9.405071210983186,-0.9061545858093738,east,2.24,5.017600025953114,9.405071210983186,-0.9061545858093738,9.330258,2,point_22049_east_unknown_class_2_9.405071_-0.906155.png,2,True
point_6425_north,unknown,1.9463808440594,32.4730702,north,2.24,5.0176000259606,1.9463808440594,32.4730702,0.33666104,0,point_6425_north_unknown_class_0_1.946381_32.473070.png,0,True
point_2649,unknown,1.7836745,40.10339,original,2.24,5.017600025961325,1.7836745,40.10339,0.38267598,0,point_2649_unknown_class_0_1.783675_40.103390.png,0,True
point_21001_north,unknown,12.29151997282241,-2.561287,north,2.24,5.017600025944996,12.29151997282241,-2.561287,0.3745438,0,point_21001_north_unknown_class_0_12.291520_-2.561287.png,0,True
point_3839_north,unknown,14.449236029715443,-16.9902481,north,2.24,5.017600025939671,14.449236029715443,-16.9902481,10.012176,2,point_3839_north_unknown_class_2_14.449236_-16.990248.png,2,True
point_4671_south,unknown,9.122908848561776,18.3873139,south,2.24,5.01760002595146,9.122908848561776,18.3873139,1.0414983,1,point_4671_south_unknown_class_1_9.122909_18.387314.png,2,False
point_13835_east,unknown,1.3325379172533869,34.42316536918402,east,2.24,5.017600025959076,1.3325379172533869,34.42316536918402,0.34590504,0,point_13835_east_unknown_class_0_1.332538_34.423165.png,1,False
point_9991,unknown,5.2591582,-4.3291411,original,2.24,5.017600025957616,5.2591582,-4.3291411,2.8193784,1,point_9991_unknown_class_1_5.259158_-4.329141.png,1,True
point_16276_north,unknown,13.653281159686465,-6.0473785,north,2.24,5.017600025941177,13.653281159686465,-6.0473785,0.41965762,0,point_16276_north_unknown_class_0_13.653281_-6.047378.png,0,True
point_4805_north,unknown,13.815776993802286,5.2532606,north,2.24,5.017600025940035,13.815776993802286,5.2532606,1.1949513,1,point_4805_north_unknown_class_1_13.815777_5.253261.png,1,True
point_16848_north,unknown,1.127025498994236,34.1741852,north,2.24,5.017600025960973,1.127025498994236,34.1741852,1.9351827,1,point_16848_north_unknown_class_1_1.127025_34.174185.png,1,True
point_15301,unknown,2.1595854,32.884389,original,2.24,5.0176000259612215,2.1595854,32.884389,0.35310027,0,point_15301_unknown_class_0_2.159585_32.884389.png,0,True
point_1118,unknown,5.6847732,-0.0387008,original,2.24,5.0176000259561215,5.6847732,-0.0387008,35.09919,2,point_1118_unknown_class_2_5.684773_-0.038701.png,2,True
point_21004,unknown,16.3964851,-15.7171786,original,2.24,5.017600025933789,16.3964851,-15.7171786,0.9407155,1,point_21004_unknown_class_1_16.396485_-15.717179.png,1,True
point_13802_north,unknown,-0.852794569854517,29.7464206,north,2.24,5.0176000259596485,-0.852794569854517,29.7464206,0.43911156,0,point_13802_north_unknown_class_0_-0.852795_29.746421.png,0,True
point_15150_east,unknown,4.651248710610814,9.471681804704634,east,2.24,5.017600025957028,4.651248710610814,9.471681804704634,1.1795242,1,point_15150_east_unknown_class_1_4.651249_9.471682.png,1,True
point_6629_east,unknown,3.080687108554536,30.9669592894836,east,2.24,5.017600025959074,3.080687108554536,30.9669592894836,0.34375367,0,point_6629_east_unknown_class_0_3.080687_30.966959.png,0,True
point_8377,unknown,9.571367,-6.503163,original,2.24,5.017600025949779,9.571367,-6.503163,2.2544672,1,point_8377_unknown_class_1_9.571367_-6.503163.png,1,True
point_6869,unknown,13.8373901,-10.7545124,original,2.24,5.017600025940863,13.8373901,-10.7545124,0.45354447,0,point_6869_unknown_class_0_13.837390_-10.754512.png,1,False
point_21039_east,unknown,14.768204063053188,-17.203363915271147,east,2.24,5.017600025936033,14.768204063053188,-17.203363915271147,2.5007477,1,point_21039_east_unknown_class_1_14.768204_-17.203364.png,1,True
point_2761_north,unknown,12.58474173530009,-8.0310572,north,2.24,5.017600025943311,12.58474173530009,-8.0310572,16.983868,2,point_2761_north_unknown_class_2_12.584742_-8.031057.png,2,True
point_14707_south,unknown,9.407856570393433,-5.6666547,south,2.24,5.017600025951035,9.407856570393433,-5.6666547,2.0609126,1,point_14707_south_unknown_class_1_9.407857_-5.666655.png,1,True
point_16013,unknown,8.7187888,-11.9445382,original,2.24,5.017600025952183,8.7187888,-11.9445382,0.7897776,1,point_16013_unknown_class_1_8.718789_-11.944538.png,1,True
point_17108_north,unknown,-0.6207709483796219,30.5614625,north,2.24,5.0176000259593945,-0.6207709483796219,30.5614625,0.35363567,0,point_17108_north_unknown_class_0_-0.620771_30.561463.png,0,True
point_6127_north,unknown,7.153297530928175,-3.202457,north,2.24,5.017600025954546,7.153297530928175,-3.202457,4.0404105,1,point_6127_north_unknown_class_1_7.153298_-3.202457.png,2,False
point_14531_west,unknown,3.260347797367214,32.87875293345899,west,2.24,5.017600025959392,3.260347797367214,32.87875293345899,0.45126754,0,point_14531_west_unknown_class_0_3.260348_32.878753.png,0,True
point_8952_north,unknown,0.8538060321804926,33.6841922,north,2.24,5.017600025961514,0.8538060321804926,33.6841922,0.44465134,0,point_8952_north_unknown_class_0_0.853806_33.684192.png,0,True
point_16520_west,unknown,1.6644687966314484,31.6262199006148,west,2.24,5.017600025960316,1.6644687966314484,31.6262199006148,0.4025702,0,point_16520_west_unknown_class_0_1.664469_31.626220.png,1,False
point_22941_east,unknown,3.898863857574816,11.581417528687258,east,2.24,5.017600025958975,3.898863857574816,11.581417528687258,6.6205845,2,point_22941_east_unknown_class_2_3.898864_11.581418.png,1,False
point_22200_north,unknown,-1.0362397915539057,37.0540048,north,2.24,5.017600025960821,-1.0362397915539057,37.0540048,11.661003,2,point_22200_north_unknown_class_2_-1.036240_37.054005.png,2,True
point_16936_south,unknown,3.4777023765895088,11.4987835,south,2.24,5.017600025959044,3.4777023765895088,11.4987835,0.4499427,0,point_16936_south_unknown_class_0_3.477702_11.498784.png,0,True
point_20825_east,unknown,8.785228250414626,-12.755560346271588,east,2.24,5.017600025950628,8.785228250414626,-12.755560346271588,0.36170074,0,point_20825_east_unknown_class_0_8.785228_-12.755560.png,0,True
point_3823_west,unknown,14.797203561132156,-15.930458346329711,west,2.24,5.017600025934741,14.797203561132156,-15.930458346329711,5.6620884,2,point_3823_west_unknown_class_2_14.797204_-15.930458.png,1,False
point_14532_north,unknown,3.2811881139866497,32.9241919,north,2.24,5.017600025959929,3.2811881139866497,32.9241919,0.40332144,0,point_14532_north_unknown_class_0_3.281188_32.924192.png,0,True
point_19951,unknown,-0.8622666,30.2164118,original,2.24,5.017600025960301,-0.8622666,30.2164118,1.2608091,1,point_19951_unknown_class_1_-0.862267_30.216412.png,0,False
point_17285_north,unknown,0.1031211757479593,37.6480312,north,2.24,5.017600025959375,0.1031211757479593,37.6480312,1.2962444,1,point_17285_north_unknown_class_1_0.103121_37.648031.png,1,True
point_6726_north,unknown,5.785249116631773,0.0499,north,2.24,5.017600025957525,5.785249116631773,0.0499,7.488986,2,point_6726_north_unknown_class_2_5.785249_0.049900.png,1,False
point_10855,unknown,7.3878262,-1.3492738,original,2.24,5.017600025954645,7.3878262,-1.3492738,9.523696,2,point_10855_unknown_class_2_7.387826_-1.349274.png,2,True
point_10939,unknown,10.0230203,-10.7336086,original,2.24,5.017600025949955,10.0230203,-10.7336086,0.3996492,0,point_10939_unknown_class_0_10.023020_-10.733609.png,2,False
point_11766,unknown,1.3452231,31.3138973,original,2.24,5.017600025960144,1.3452231,31.3138973,0.55742955,0,point_11766_unknown_class_0_1.345223_31.313897.png,0,True
point_3423_east,unknown,1.4262486114320008,31.366146756597026,east,2.24,5.017600025960159,1.4262486114320008,31.366146756597026,6.10349,2,point_3423_east_unknown_class_2_1.426249_31.366147.png,1,False
point_2656,unknown,-1.1500515,36.9955876,original,2.24,5.01760002596056,-1.1500515,36.9955876,8.85868,2,point_2656_unknown_class_2_-1.150052_36.995588.png,2,True
point_12673_east,unknown,-6.1112659191867085,24.544984002425657,east,2.24,5.017600025955977,-6.1112659191867085,24.544984002425657,0.28349274,0,point_12673_east_unknown_class_0_-6.111266_24.544984.png,0,True
point_1922_south,unknown,9.528058409011493,-13.6547739,south,2.24,5.017600025950325,9.528058409011493,-13.6547739,3.25278,1,point_1922_south_unknown_class_1_9.528058_-13.654774.png,0,False
point_2985_west,unknown,6.506368194368304,3.353999165813246,west,2.24,5.01760002595624,6.506368194368304,3.353999165813246,20.124405,2,point_2985_west_unknown_class_2_6.506368_3.353999.png,2,True
point_4525_west,unknown,-4.72314860611801,11.845124431858803,west,2.24,5.017600025958509,-4.72314860611801,11.845124431858803,12.552002,2,point_4525_west_unknown_class_2_-4.723149_11.845124.png,2,True
point_4244,unknown,8.9468822,38.7452327,original,2.24,5.017600025951228,8.9468822,38.7452327,20.116455,2,point_4244_unknown_class_2_8.946882_38.745233.png,2,True
point_10988_north,unknown,0.664153049779357,30.2156052,north,2.24,5.017600025960494,0.664153049779357,30.2156052,0.48805138,0,point_10988_north_unknown_class_0_0.664153_30.215605.png,0,True
point_1260_east,unknown,6.624769186923725,-1.1910350803284722,east,2.24,5.0176000259557325,6.624769186923725,-1.1910350803284722,7.318793,2,point_1260_east_unknown_class_2_6.624769_-1.191035.png,2,True
point_4609_north,unknown,-11.610084576224798,27.4837242,north,2.24,5.0176000259483695,-11.610084576224798,27.4837242,11.153777,2,point_4609_north_unknown_class_2_-11.610085_27.483724.png,1,False
point_13799_east,unknown,-0.8990110441793712,29.88078432306753,east,2.24,5.017600025960166,-0.8990110441793712,29.88078432306753,0.34297848,0,point_13799_east_unknown_class_0_-0.899011_29.880784.png,0,True
point_1431_north,unknown,9.383993080056692,2.6394819,north,2.24,5.017600025951527,9.383993080056692,2.6394819,5.437146,2,point_1431_north_unknown_class_2_9.383993_2.639482.png,2,True
point_8078_north,unknown,0.5312744594548892,32.5215742,north,2.24,5.017600025960564,0.5312744594548892,32.5215742,1.5177952,1,point_8078_north_unknown_class_1_0.531274_32.521574.png,0,False
point_1645_south,unknown,3.832480337299412,11.5799773,south,2.24,5.017600025958608,3.832480337299412,11.5799773,6.9865627,2,point_1645_south_unknown_class_2_3.832480_11.579977.png,2,True
point_57_north,unknown,5.444042552107296,-4.0153816,north,2.24,5.017600025958604,5.444042552107296,-4.0153816,22.94792,2,point_57_north_unknown_class_2_5.444043_-4.015382.png,2,True
point_3987_north,unknown,6.148625250315375,1.2297759,north,2.24,5.017600025955691,6.148625250315375,1.2297759,19.070782,2,point_3987_north_unknown_class_2_6.148625_1.229776.png,2,True
point_16424_west,unknown,-0.3332127793118416,31.666372099622336,west,2.24,5.017600025960323,-0.3332127793118416,31.666372099622336,0.86287963,1,point_16424_west_unknown_class_1_-0.333213_31.666372.png,1,True
point_11900_north,unknown,-0.593558046297947,34.5122703,north,2.24,5.017600025960507,-0.593558046297947,34.5122703,0.8371642,1,point_11900_north_unknown_class_1_-0.593558_34.512270.png,0,False
point_17840_east,unknown,-1.3645819152628362,36.76543263241242,east,2.24,5.017600025960006,-1.3645819152628362,36.76543263241242,5.8089976,2,point_17840_east_unknown_class_2_-1.364582_36.765433.png,2,True
point_22646_north,unknown,1.6992661995361236,40.1319631,north,2.24,5.017600025960972,1.6992661995361236,40.1319631,0.3703525,0,point_22646_north_unknown_class_0_1.699266_40.131963.png,0,True
point_1711_north,unknown,4.072304955493816,9.7194109,north,2.24,5.017600025958812,4.072304955493816,9.7194109,14.116839,2,point_1711_north_unknown_class_2_4.072305_9.719411.png,2,True
point_17396_north,unknown,0.4950213617147791,31.9867951,north,2.24,5.017600025960211,0.4950213617147791,31.9867951,0.33880302,0,point_17396_north_unknown_class_0_0.495021_31.986795.png,0,True
point_3475_north,unknown,-0.2975010295803171,31.7593676,north,2.24,5.017600025960018,-0.2975010295803171,31.7593676,5.624291,2,point_3475_north_unknown_class_2_-0.297501_31.759368.png,1,False
point_20376_north,unknown,13.593811356267995,-2.382853,north,2.24,5.017600025942797,13.593811356267995,-2.382853,0.9323912,1,point_20376_north_unknown_class_1_13.593811_-2.382853.png,0,False
point_748_south,unknown,5.5145609091565415,-0.2113248,south,2.24,5.017600025957088,5.5145609091565415,-0.2113248,4.2533436,1,point_748_south_unknown_class_1_5.514561_-0.211325.png,1,True
point_19030_north,unknown,-0.2588567281995682,36.1214314,north,2.24,5.017600025959211,-0.2588567281995682,36.1214314,5.112356,2,point_19030_north_unknown_class_2_-0.258857_36.121431.png,2,True
point_2828_north,unknown,12.631517764611775,-7.9692408,north,2.24,5.017600025944721,12.631517764611775,-7.9692408,12.272913,2,point_2828_north_unknown_class_2_12.631518_-7.969241.png,2,True
point_14510,unknown,0.9299112,34.9471696,original,2.24,5.017600025960614,0.9299112,34.9471696,1.0195847,1,point_14510_unknown_class_1_0.929911_34.947170.png,1,True
point_14966_north,unknown,6.887680559388287,0.601777,north,2.24,5.017600025956331,6.887680559388287,0.601777,0.50823665,0,point_14966_north_unknown_class_0_6.887681_0.601777.png,0,True
point_14539_north,unknown,3.2902785103044865,32.9583235,north,2.24,5.017600025957711,3.2902785103044865,32.9583235,0.3654988,0,point_14539_north_unknown_class_0_3.290279_32.958323.png,0,True
point_4888,unknown,6.8199061,-5.2789115,original,2.24,5.017600025955463,6.8199061,-5.2789115,31.379314,2,point_4888_unknown_class_2_6.819906_-5.278912.png,2,True
point_20460,unknown,1.0678327,33.7108185,original,2.24,5.017600025960913,1.0678327,33.7108185,0.31740418,0,point_20460_unknown_class_0_1.067833_33.710819.png,0,True
point_8074_north,unknown,10.83407140291282,-0.8506203,north,2.24,5.017600025948533,10.83407140291282,-0.8506203,3.2207823,1,point_8074_north_unknown_class_1_10.834071_-0.850620.png,1,True
point_11523_north,unknown,2.7438984135376003,32.3561427,north,2.24,5.017600025960232,2.7438984135376003,32.3561427,0.5111502,0,point_11523_north_unknown_class_0_2.743898_32.356143.png,0,True
point_21646,unknown,1.6418111,33.6051884,original,2.24,5.017600025960375,1.6418111,33.6051884,0.44057846,0,point_21646_unknown_class_0_1.641811_33.605188.png,0,True
point_6153_north,unknown,5.987141370642422,-0.9929572,north,2.24,5.017600025956633,5.987141370642422,-0.9929572,0.7418591,1,point_6153_north_unknown_class_1_5.987141_-0.992957.png,0,False
point_2635_south,unknown,-3.6509394560097777,39.8531981,south,2.24,5.017600025958764,-3.6509394560097777,39.8531981,1.8126743,1,point_2635_south_unknown_class_1_-3.650939_39.853198.png,1,True
point_2749,unknown,6.7557301,-11.3615233,original,2.24,5.017600025955376,6.7557301,-11.3615233,0.7553239,1,point_2749_unknown_class_1_6.755730_-11.361523.png,1,True
point_4921_north,unknown,7.1464015369667,3.3268505,north,2.24,5.01760002595491,7.1464015369667,3.3268505,3.349469,1,point_4921_north_unknown_class_1_7.146402_3.326850.png,2,False
point_13771_north,unknown,-0.9053100756406434,29.6934236,north,2.24,5.017600025960651,-0.9053100756406434,29.6934236,0.32446826,0,point_13771_north_unknown_class_0_-0.905310_29.693424.png,0,True
point_12155_north,unknown,0.6806990484213961,33.4009662,north,2.24,5.017600025960887,0.6806990484213961,33.4009662,0.39315388,0,point_12155_north_unknown_class_0_0.680699_33.400966.png,0,True
point_21552,unknown,6.6215161,-5.8993635,original,2.24,5.017600025956207,6.6215161,-5.8993635,7.8278217,2,point_21552_unknown_class_2_6.621516_-5.899363.png,2,True
point_837_east,unknown,5.584704452208445,-0.1072502110140474,east,2.24,5.017600025957456,5.584704452208445,-0.1072502110140474,28.929848,2,point_837_east_unknown_class_2_5.584704_-0.107250.png,2,True
point_15856_north,unknown,-11.588706646305724,27.4641743,north,2.24,5.0176000259467655,-11.588706646305724,27.4641743,4.2191563,1,point_15856_north_unknown_class_1_-11.588707_27.464174.png,2,False
point_16498_north,unknown,-0.2512687279501884,31.8078889,north,2.24,5.017600025960181,-0.2512687279501884,31.8078889,0.7527885,1,point_16498_north_unknown_class_1_-0.251269_31.807889.png,0,False
point_1319_south,unknown,8.024826397954715,-1.7293911,south,2.24,5.0176000259526345,8.024826397954715,-1.7293911,6.2710752,2,point_1319_south_unknown_class_2_8.024826_-1.729391.png,1,False
point_9214,unknown,0.064145,29.280671,original,2.24,5.017600025960343,0.064145,29.280671,0.34825554,0,point_9214_unknown_class_0_0.064145_29.280671.png,0,True
point_19140_north,unknown,2.438377911130354,31.1197413,north,2.24,5.017600025959532,2.438377911130354,31.1197413,0.32730603,0,point_19140_north_unknown_class_0_2.438378_31.119741.png,0,True
point_12918_north,unknown,0.3110664706720509,32.5154573,north,2.24,5.017600025959488,0.3110664706720509,32.5154573,10.665432,2,point_12918_north_unknown_class_2_0.311066_32.515457.png,1,False
point_18987_north,unknown,1.3362611673290985,32.4401162,north,2.24,5.017600025960675,1.3362611673290985,32.4401162,0.32844666,0,point_18987_north_unknown_class_0_1.336261_32.440116.png,0,True
point_7555,unknown,13.5494666,-7.38851,original,2.24,5.017600025941604,13.5494666,-7.38851,0.4245687,0,point_7555_unknown_class_0_13.549467_-7.388510.png,0,True
point_14952_north,unknown,6.85369358800848,0.6445321,north,2.24,5.01760002595525,6.85369358800848,0.6445321,0.42718592,0,point_14952_north_unknown_class_0_6.853694_0.644532.png,0,True
point_3803_north,unknown,16.064174121331206,-16.5068524,north,2.24,5.017600025934975,16.064174121331206,-16.5068524,0.593781,0,point_3803_north_unknown_class_0_16.064174_-16.506852.png,0,True
point_20451_north,unknown,9.776671722981686,1.2894874,north,2.24,5.017600025950148,9.776671722981686,1.2894874,1.0027356,1,point_20451_north_unknown_class_1_9.776672_1.289487.png,0,False
point_21810_south,unknown,13.336385162423518,-6.3065856,south,2.24,5.017600025942941,13.336385162423518,-6.3065856,0.38080242,0,point_21810_south_unknown_class_0_13.336385_-6.306586.png,0,True
point_2662_north,unknown,6.310256326716849,-10.7740666,north,2.24,5.017600025955932,6.310256326716849,-10.7740666,3.7513394,1,point_2662_north_unknown_class_1_6.310256_-10.774067.png,1,True
point_20396,unknown,1.6102385,16.0520643,original,2.24,5.017600025960848,1.6102385,16.0520643,8.415208,2,point_20396_unknown_class_2_1.610238_16.052064.png,1,False
point_15827_east,unknown,-11.649038167022,27.58031663715421,east,2.24,5.017600025947102,-11.649038167022,27.58031663715421,2.1698234,1,point_15827_east_unknown_class_1_-11.649038_27.580317.png,1,True
point_3442_west,unknown,2.9998969135840805,30.892053509553108,west,2.24,5.017600025959989,2.9998969135840805,30.892053509553108,0.7613406,1,point_3442_west_unknown_class_1_2.999897_30.892054.png,1,True
point_4244_south,unknown,8.92662923243018,38.7452327,south,2.24,5.017600025949491,8.92662923243018,38.7452327,12.301988,2,point_4244_south_unknown_class_2_8.926629_38.745233.png,2,True
point_2967_west,unknown,12.757551495102494,-8.088198721992462,west,2.24,5.017600025942872,12.757551495102494,-8.088198721992462,7.2921157,2,point_2967_west_unknown_class_2_12.757551_-8.088199.png,2,True
point_4645_south,unknown,0.0885177243191868,29.2978558,south,2.24,5.017600025960596,0.0885177243191868,29.2978558,0.9491978,1,point_4645_south_unknown_class_1_0.088518_29.297856.png,0,False
point_5,unknown,5.307550099999999,-3.9945482,original,2.24,5.017600025957751,5.307550099999999,-3.9945482,42.732525,2,point_5_unknown_class_2_5.307550_-3.994548.png,2,True
point_1215,unknown,6.6012129,0.4963294,original,2.24,5.017600025955453,6.6012129,0.4963294,12.114481,2,point_1215_unknown_class_2_6.601213_0.496329.png,1,False
point_19115_east,unknown,6.000317326149531,10.466370373135316,east,2.24,5.017600025956432,6.000317326149531,10.466370373135316,0.27854317,0,point_19115_east_unknown_class_0_6.000317_10.466370.png,0,True
point_11888,unknown,1.469092,31.3404627,original,2.24,5.01760002595948,1.469092,31.3404627,0.921341,1,point_11888_unknown_class_1_1.469092_31.340463.png,1,True
point_21137_north,unknown,-0.8304767674989963,29.8727077,north,2.24,5.017600025959871,-0.8304767674989963,29.8727077,0.40641195,0,point_21137_north_unknown_class_0_-0.830477_29.872708.png,0,True
point_17541_north,unknown,0.2802339717630396,32.7967413,north,2.24,5.017600025960101,0.2802339717630396,32.7967413,1.3796625,1,point_17541_north_unknown_class_1_0.280234_32.796741.png,1,True
point_3549_east,unknown,-1.96146697817417,30.141238880524604,east,2.24,5.017600025959842,-1.96146697817417,30.141238880524604,24.345081,2,point_3549_east_unknown_class_2_-1.961467_30.141239.png,2,True
point_2616_west,unknown,-0.3015868812754332,36.05272686074119,west,2.24,5.017600025960984,-0.3015868812754332,36.05272686074119,21.121235,2,point_2616_west_unknown_class_2_-0.301587_36.052727.png,2,True
point_19914_south,unknown,-0.9972084159151756,30.176209,south,2.24,5.017600025960081,-0.9972084159151756,30.176209,0.45993343,0,point_19914_south_unknown_class_0_-0.997208_30.176209.png,1,False
point_4679,unknown,13.4807413,2.1117891,original,2.24,5.017600025940079,13.4807413,2.1117891,9.097945,2,point_4679_unknown_class_2_13.480741_2.111789.png,2,True
point_1170_east,unknown,5.140003480051949,-1.2249358372200891,east,2.24,5.017600025957941,5.140003480051949,-1.2249358372200891,7.588426,2,point_1170_east_unknown_class_2_5.140003_-1.224936.png,2,True
point_1717_north,unknown,4.091112746035567,9.6828074,north,2.24,5.0176000259583935,4.091112746035567,9.6828074,5.9094834,2,point_1717_north_unknown_class_2_4.091113_9.682807.png,1,False
point_14829_east,unknown,12.18439693236072,-0.3348675749566231,east,2.24,5.017600025945624,12.18439693236072,-0.3348675749566231,1.9837003,1,point_14829_east_unknown_class_1_12.184397_-0.334868.png,1,True
point_22971,unknown,12.41155,-4.81075,original,2.24,5.017600025943247,12.41155,-4.81075,0.32562634,0,point_22971_unknown_class_0_12.411550_-4.810750.png,0,True
point_1265_south,unknown,5.488913591745512,-0.3377949,south,2.24,5.017600025956947,5.488913591745512,-0.3377949,3.4832363,1,point_1265_south_unknown_class_1_5.488914_-0.337795.png,1,True
point_20844_south,unknown,6.429198982259325,2.5446232,south,2.24,5.017600025956344,6.429198982259325,2.5446232,0.7639558,1,point_20844_south_unknown_class_1_6.429199_2.544623.png,1,True
point_171_north,unknown,5.374932498077524,-4.0999601,north,2.24,5.017600025958216,5.374932498077524,-4.0999601,23.220196,2,point_171_north_unknown_class_2_5.374932_-4.099960.png,2,True
point_6834_north,unknown,6.652619254485235,1.7124371,north,2.24,5.017600025954342,6.652619254485235,1.7124371,1.7213398,1,point_6834_north_unknown_class_1_6.652619_1.712437.png,1,True
point_931_north,unknown,5.667975299161393,-0.1515105,north,2.24,5.01760002595748,5.667975299161393,-0.1515105,46.231102,2,point_931_north_unknown_class_2_5.667975_-0.151510.png,2,True
point_17378_west,unknown,0.4322000731658263,31.92449996896029,west,2.24,5.017600025960829,0.4322000731658263,31.92449996896029,0.5344616,0,point_17378_west_unknown_class_0_0.432200_31.924500.png,1,False
point_6110_north,unknown,16.998919012333573,8.0162443,north,2.24,5.017600025929712,16.998919012333573,8.0162443,2.1575286,1,point_6110_north_unknown_class_1_16.998919_8.016244.png,1,True
point_732_south,unknown,7.619966109865052,-4.827592999999999,south,2.24,5.017600025954241,7.619966109865052,-4.827592999999999,1.1509781,1,point_732_south_unknown_class_1_7.619966_-4.827593.png,1,True
point_12028_east,unknown,0.5880634634881097,33.4535863151791,east,2.24,5.017600025960179,0.5880634634881097,33.4535863151791,1.1361843,1,point_12028_east_unknown_class_1_0.588063_33.453586.png,1,True
point_11919_north,unknown,-0.4668552378138855,34.396498,north,2.24,5.017600025960624,-0.4668552378138855,34.396498,0.3780962,0,point_11919_north_unknown_class_0_-0.466855_34.396498.png,0,True
point_14611_north,unknown,3.452251742990184,30.9848245,north,2.24,5.017600025958899,3.452251742990184,30.9848245,0.33561248,0,point_14611_north_unknown_class_0_3.452252_30.984824.png,0,True
point_1023_east,unknown,9.388338212049408,-0.7952576650467212,east,2.24,5.017600025950283,9.388338212049408,-0.7952576650467212,14.089738,2,point_1023_east_unknown_class_2_9.388338_-0.795258.png,2,True
point_21003,unknown,12.3436151,-2.5273182,original,2.24,5.017600025943153,12.3436151,-2.5273182,0.39397517,0,point_21003_unknown_class_0_12.343615_-2.527318.png,0,True
point_1592_east,unknown,11.16630359816588,-4.291586631846755,east,2.24,5.017600025948996,11.16630359816588,-4.291586631846755,15.777504,2,point_1592_east_unknown_class_2_11.166304_-4.291587.png,2,True
point_21649,unknown,1.6604151,33.5761836,original,2.24,5.017600025959201,1.6604151,33.5761836,0.35825732,0,point_21649_unknown_class_0_1.660415_33.576184.png,0,True
point_11931,unknown,6.5135884,0.4989295,original,2.24,5.017600025955799,6.5135884,0.4989295,1.2331275,1,point_11931_unknown_class_1_6.513588_0.498930.png,1,True
point_13654_north,unknown,1.0263958122926389,33.03092,north,2.24,5.017600025960653,1.0263958122926389,33.03092,0.3377168,0,point_13654_north_unknown_class_0_1.026396_33.030920.png,0,True
point_21109_north,unknown,-1.1469198066619537,36.9623724,north,2.24,5.017600025960538,-1.1469198066619537,36.9623724,17.533415,2,point_21109_north_unknown_class_2_-1.146920_36.962372.png,2,True
point_22529,unknown,14.48,-4.964,original,2.24,5.017600025939081,14.48,-4.964,0.34509766,0,point_22529_unknown_class_0_14.480000_-4.964000.png,0,True
point_2216,unknown,9.1929951,-10.1003293,original,2.24,5.017600025950803,9.1929951,-10.1003293,0.62005365,0,point_2216_unknown_class_0_9.192995_-10.100329.png,2,False
point_1407_east,unknown,6.490010195396564,2.685660179968781,east,2.24,5.017600025956195,6.490010195396564,2.685660179968781,2.044284,1,point_1407_east_unknown_class_1_6.490010_2.685660.png,1,True
point_19967_west,unknown,-0.831320848382923,30.15133103356637,west,2.24,5.017600025960083,-0.831320848382923,30.15133103356637,0.6094338,0,point_19967_west_unknown_class_0_-0.831321_30.151331.png,0,True
point_1617_east,unknown,12.061518840328045,0.3834368060110601,east,2.24,5.0176000259438185,12.061518840328045,0.3834368060110601,4.1022058,1,point_1617_east_unknown_class_1_12.061519_0.383437.png,1,True
point_22626_south,unknown,6.366409432812362,1.4453328,south,2.24,5.017600025956048,6.366409432812362,1.4453328,0.67954826,0,point_22626_south_unknown_class_0_6.366409_1.445333.png,0,True
point_17265_east,unknown,-6.102003519768096,23.604093454748188,east,2.24,5.017600025957045,-6.102003519768096,23.604093454748188,0.6239396,0,point_17265_east_unknown_class_0_-6.102004_23.604093.png,1,False
point_21812_east,unknown,13.37427785482946,-6.230840910166722,east,2.24,5.01760002594134,13.37427785482946,-6.230840910166722,0.47354344,0,point_21812_east_unknown_class_0_13.374278_-6.230841.png,0,True
point_3402_south,unknown,2.215006730366739,32.8816313,south,2.24,5.01760002596027,2.215006730366739,32.8816313,1.0126978,1,point_3402_south_unknown_class_1_2.215007_32.881631.png,1,True
point_1453_south,unknown,6.367780333886861,2.2669511,south,2.24,5.017600025955512,6.367780333886861,2.2669511,2.5685775,1,point_1453_south_unknown_class_1_6.367780_2.266951.png,1,True
point_16280_north,unknown,13.701314181394542,-6.1566576,north,2.24,5.01760002593969,13.701314181394542,-6.1566576,0.340697,0,point_16280_north_unknown_class_0_13.701314_-6.156658.png,0,True
point_1129_north,unknown,5.751052840869389,0.0277715,north,2.24,5.017600025955497,5.751052840869389,0.0277715,31.795334,2,point_1129_north_unknown_class_2_5.751053_0.027772.png,2,True
point_11767_west,unknown,1.3467420163710444,31.29340911490758,west,2.24,5.017600025959903,1.3467420163710444,31.29340911490758,0.36253834,0,point_11767_west_unknown_class_0_1.346742_31.293409.png,0,True
point_10933,unknown,6.487405,7.5911694,original,2.24,5.0176000259550815,6.487405,7.5911694,2.001657,1,point_10933_unknown_class_1_6.487405_7.591169.png,1,True
point_4581_east,unknown,-4.378212127664126,15.350847760247436,east,2.24,5.017600025958575,-4.378212127664126,15.350847760247436,26.467205,2,point_4581_east_unknown_class_2_-4.378212_15.350848.png,2,True
point_14646_west,unknown,6.118221018750135,-0.2921442638486055,west,2.24,5.017600025955949,6.118221018750135,-0.2921442638486055,8.294233,2,point_14646_west_unknown_class_2_6.118221_-0.292144.png,2,True
point_4024_north,unknown,6.177869228186915,1.2560149,north,2.24,5.017600025956561,6.177869228186915,1.2560149,16.648142,2,point_4024_north_unknown_class_2_6.177869_1.256015.png,2,True
point_21640_south,unknown,6.131317951910826,0.0542487,south,2.24,5.017600025957068,6.131317951910826,0.0542487,2.588862,1,point_21640_south_unknown_class_1_6.131318_0.054249.png,1,True
point_19877_west,unknown,15.281103329002738,-9.650569221833925,west,2.24,5.017600025937325,15.281103329002738,-9.650569221833925,0.36061928,0,point_19877_west_unknown_class_0_15.281103_-9.650569.png,0,True
point_4835_east,unknown,5.271110771847121,-3.574970353013356,east,2.24,5.017600025957038,5.271110771847121,-3.574970353013356,7.7601757,2,point_4835_east_unknown_class_2_5.271111_-3.574970.png,2,True
point_6143_east,unknown,5.549454954416918,-0.6387368153053241,east,2.24,5.017600025956461,5.549454954416918,-0.6387368153053241,1.6350163,1,point_6143_east_unknown_class_1_5.549455_-0.638737.png,1,True
point_4474_east,unknown,-4.817874300197521,11.932440835527526,east,2.24,5.017600025958052,-4.817874300197521,11.932440835527526,6.4592943,2,point_4474_east_unknown_class_2_-4.817874_11.932441.png,2,True
point_8922_east,unknown,0.7732314519901551,33.64858798263746,east,2.24,5.017600025960169,0.7732314519901551,33.64858798263746,0.4405088,0,point_8922_east_unknown_class_0_0.773231_33.648588.png,0,True
point_7582_south,unknown,9.309523558254556,-0.73051,south,2.24,5.017600025951575,9.309523558254556,-0.73051,1.2606342,1,point_7582_south_unknown_class_1_9.309524_-0.730510.png,0,False
point_20448_south,unknown,9.723498638005823,1.3210956,south,2.24,5.017600025949291,9.723498638005823,1.3210956,0.49691582,0,point_20448_south_unknown_class_0_9.723499_1.321096.png,0,True
point_95_north,unknown,5.321420133273124,-3.9631072,north,2.24,5.017600025956744,5.321420133273124,-3.9631072,21.045795,2,point_95_north_unknown_class_2_5.321420_-3.963107.png,2,True
point_20797_north,unknown,4.853870225935807,6.9947007,north,2.24,5.017600025957362,4.853870225935807,6.9947007,7.5176587,2,point_20797_north_unknown_class_2_4.853870_6.994701.png,2,True
point_21362_east,unknown,13.283104760795489,-4.869933055490743,east,2.24,5.017600025943022,13.283104760795489,-4.869933055490743,2.0477839,1,point_21362_east_unknown_class_1_13.283105_-4.869933.png,0,False
point_3305_west,unknown,0.3765294766223708,32.53041130602695,west,2.24,5.017600025959474,0.3765294766223708,32.53041130602695,11.584641,2,point_3305_west_unknown_class_2_0.376529_32.530411.png,2,True
point_5488,unknown,6.39522,2.291295,original,2.24,5.0176000259561615,6.39522,2.291295,7.5152845,2,point_5488_unknown_class_2_6.395220_2.291295.png,2,True
point_21743_north,unknown,5.792132411735867,-6.5953562,north,2.24,5.017600025956829,5.792132411735867,-6.5953562,18.315063,2,point_21743_north_unknown_class_2_5.792132_-6.595356.png,2,True
point_3085_west,unknown,9.958067475689532,8.83866609527862,west,2.24,5.017600025950226,9.958067475689532,8.83866609527862,1.1736555,1,point_3085_west_unknown_class_1_9.958067_8.838666.png,1,True
point_4669_north,unknown,12.1815669343909,15.0349148,north,2.24,5.017600025943398,12.1815669343909,15.0349148,7.2609105,2,point_4669_north_unknown_class_2_12.181567_15.034915.png,2,True
point_12723,unknown,6.5327294,-10.3616712,original,2.24,5.01760002595588,6.5327294,-10.3616712,1.1307088,1,point_12723_unknown_class_1_6.532729_-10.361671.png,1,True
point_22308_north,unknown,13.76820457194317,-2.1077442,north,2.24,5.017600025939461,13.76820457194317,-2.1077442,0.35127246,0,point_22308_north_unknown_class_0_13.768205_-2.107744.png,0,True
point_2971,unknown,13.3019728,-4.8951529,original,2.24,5.017600025940916,13.3019728,-4.8951529,15.446203,2,point_2971_unknown_class_2_13.301973_-4.895153.png,2,True
point_1626,unknown,11.1050958,-2.0983994,original,2.24,5.017600025947906,11.1050958,-2.0983994,2.6052566,1,point_1626_unknown_class_1_11.105096_-2.098399.png,2,False
point_16573_north,unknown,13.013201078664489,15.7313139,north,2.24,5.017600025943503,13.013201078664489,15.7313139,0.42997706,0,point_16573_north_unknown_class_0_13.013201_15.731314.png,0,True
point_17286_south,unknown,0.0964518244200848,37.5748278,south,2.24,5.017600025959887,0.0964518244200848,37.5748278,0.69856805,1,point_17286_south_unknown_class_1_0.096452_37.574828.png,1,True
point_6472_south,unknown,2.914400653237124,30.8774792,south,2.24,5.017600025960018,2.914400653237124,30.8774792,0.40705746,0,point_6472_south_unknown_class_0_2.914401_30.877479.png,0,True
point_1127_west,unknown,5.736409042700829,-0.0344918603892748,west,2.24,5.017600025956664,5.736409042700829,-0.0344918603892748,20.200417,2,point_1127_west_unknown_class_2_5.736409_-0.034492.png,2,True
point_12233_west,unknown,9.363863713608731,42.773995894044106,west,2.24,5.017600025949807,9.363863713608731,42.773995894044106,10.989385,2,point_12233_west_unknown_class_2_9.363864_42.773996.png,2,True
point_1829_north,unknown,12.148930182085875,15.1045608,north,2.24,5.01760002594502,12.148930182085875,15.1045608,11.475743,2,point_1829_north_unknown_class_2_12.148930_15.104561.png,2,True
point_16949,unknown,-0.0074968,18.2118425,original,2.24,5.017600025960952,-0.0074968,18.2118425,0.3052734,0,point_16949_unknown_class_0_-0.007497_18.211842.png,2,False
point_4817_east,unknown,5.240225873780225,-3.866054148306356,east,2.24,5.017600025957355,5.240225873780225,-3.866054148306356,13.912663,2,point_4817_east_unknown_class_2_5.240226_-3.866054.png,2,True
point_17482_north,unknown,14.464137504157923,-4.2611436,north,2.24,5.017600025939146,14.464137504157923,-4.2611436,0.3593844,0,point_17482_north_unknown_class_0_14.464138_-4.261144.png,0,True
point_3304_north,unknown,0.3839522676246271,32.6357192,north,2.24,5.017600025960303,0.3839522676246271,32.6357192,13.679696,2,point_3304_north_unknown_class_2_0.383952_32.635719.png,2,True
point_13767_north,unknown,-0.9663634827969032,29.8475017,north,2.24,5.017600025960999,-0.9663634827969032,29.8475017,0.50524557,0,point_13767_north_unknown_class_0_-0.966363_29.847502.png,0,True
point_19017_north,unknown,-0.318507630408519,36.1496364,north,2.24,5.017600025960314,-0.318507630408519,36.1496364,13.440813,2,point_19017_north_unknown_class_2_-0.318508_36.149636.png,2,True
point_6866_south,unknown,13.772010667533491,-10.8987945,south,2.24,5.017600025941255,13.772010667533491,-10.8987945,0.36325344,0,point_6866_south_unknown_class_0_13.772011_-10.898794.png,0,True
point_4455_east,unknown,-4.268823234492942,15.311020966926757,east,2.24,5.017600025958762,-4.268823234492942,15.311020966926757,6.714486,2,point_4455_east_unknown_class_2_-4.268823_15.311021.png,1,False
point_6145,unknown,5.8396901,-0.9963169,original,2.24,5.017600025956678,5.8396901,-0.9963169,4.886161,2,point_6145_unknown_class_2_5.839690_-0.996317.png,2,True
point_9102_north,unknown,-0.5059278402180704,30.2712432,north,2.24,5.017600025960337,-0.5059278402180704,30.2712432,0.4548423,0,point_9102_north_unknown_class_0_-0.505928_30.271243.png,0,True
point_17287_east,unknown,0.1233477923417858,37.68467960868209,east,2.24,5.01760002596078,0.1233477923417858,37.68467960868209,0.65871096,0,point_17287_east_unknown_class_0_0.123348_37.684680.png,1,False
point_10814_south,unknown,6.709937509163318,-7.3357025,south,2.24,5.017600025956058,6.709937509163318,-7.3357025,1.500509,1,point_10814_south_unknown_class_1_6.709938_-7.335703.png,1,True
point_10404_west,unknown,6.427100599350445,38.27703352034901,west,2.24,5.01760002595576,6.427100599350445,38.27703352034901,1.0438817,1,point_10404_west_unknown_class_1_6.427101_38.277034.png,1,True
point_3378_west,unknown,0.6535387594225348,30.25473863731407,west,2.24,5.017600025960066,0.6535387594225348,30.25473863731407,1.2012576,1,point_3378_west_unknown_class_1_0.653539_30.254739.png,1,True
point_3848_north,unknown,12.912305635136985,-14.9406559,north,2.24,5.017600025943556,12.912305635136985,-14.9406559,2.7192175,1,point_3848_north_unknown_class_1_12.912306_-14.940656.png,2,False
point_3384_west,unknown,1.056161834419734,34.1408316413272,west,2.24,5.017600025960053,1.056161834419734,34.1408316413272,0.6754828,0,point_3384_west_unknown_class_0_1.056162_34.140832.png,1,False
point_22581_east,unknown,-3.3482497918922443,29.18135083992184,east,2.24,5.017600025959099,-3.3482497918922443,29.18135083992184,1.2597853,1,point_22581_east_unknown_class_1_-3.348250_29.181351.png,2,False
point_4863_east,unknown,9.474217406576171,-5.592313519942847,east,2.24,5.0176000259495,9.474217406576171,-5.592313519942847,28.476963,2,point_4863_east_unknown_class_2_9.474217_-5.592314.png,2,True
point_8952_east,unknown,0.83354814824461,33.704316577724306,east,2.24,5.017600025960514,0.83354814824461,33.704316577724306,0.5160096,0,point_8952_east_unknown_class_0_0.833548_33.704317.png,0,True
point_17481,unknown,14.4306332,-4.2073713,original,2.24,5.017600025936998,14.4306332,-4.2073713,0.35407227,0,point_17481_unknown_class_0_14.430633_-4.207371.png,0,True
point_20817_north,unknown,4.845900330693302,7.0818307,north,2.24,5.017600025957828,4.845900330693302,7.0818307,9.991739,2,point_20817_north_unknown_class_2_4.845900_7.081831.png,2,True
point_1362_north,unknown,6.407850250557268,2.3687693,north,2.24,5.017600025955471,6.407850250557268,2.3687693,2.513254,1,point_1362_north_unknown_class_1_6.407850_2.368769.png,0,False
point_3014,unknown,4.8251268,7.0505573,original,2.24,5.017600025957329,4.8251268,7.0505573,12.605283,2,point_3014_unknown_class_2_4.825127_7.050557.png,2,True
point_10209_east,unknown,6.861262372043638,-6.422627257535633,east,2.24,5.017600025955749,6.861262372043638,-6.422627257535633,7.4535937,2,point_10209_east_unknown_class_2_6.861262_-6.422627.png,2,True
point_14030_north,unknown,9.620412407028017,1.1642423,north,2.24,5.01760002595076,9.620412407028017,1.1642423,0.9089299,1,point_14030_north_unknown_class_1_9.620412_1.164242.png,0,False
point_15031_north,unknown,6.998078365464015,0.5613434,north,2.24,5.017600025953866,6.998078365464015,0.5613434,0.7259497,1,point_15031_north_unknown_class_1_6.998078_0.561343.png,0,False
point_1579_north,unknown,12.402096208964512,-1.5162101,north,2.24,5.017600025943759,12.402096208964512,-1.5162101,13.845602,2,point_1579_north_unknown_class_2_12.402096_-1.516210.png,2,True
point_3824_north,unknown,14.872408094591488,-15.9095642,north,2.24,5.017600025936429,14.872408094591488,-15.9095642,19.218552,2,point_3824_north_unknown_class_2_14.872408_-15.909564.png,2,True
point_15866_south,unknown,8.663902050242386,-12.54842,south,2.24,5.017600025952863,8.663902050242386,-12.54842,0.35099065,0,point_15866_south_unknown_class_0_8.663902_-12.548420.png,0,True
point_22530_north,unknown,14.500970740881971,-4.9301703,north,2.24,5.017600025938096,14.500970740881971,-4.9301703,0.34029332,0,point_22530_north_unknown_class_0_14.500971_-4.930170.png,0,True
point_3383,unknown,1.0506489,34.1720157,original,2.24,5.017600025961033,1.0506489,34.1720157,2.064952,1,point_3383_unknown_class_1_1.050649_34.172016.png,1,True
point_12482_east,unknown,0.5080191684581976,33.23917784806824,east,2.24,5.017600025960974,0.5080191684581976,33.23917784806824,0.8502826,1,point_12482_east_unknown_class_1_0.508019_33.239178.png,0,False
point_11976_east,unknown,0.5254920673732861,33.5228072030469,east,2.24,5.017600025960228,0.5254920673732861,33.5228072030469,0.40723178,0,point_11976_east_unknown_class_0_0.525492_33.522807.png,0,True
point_3346_west,unknown,0.4004400751377858,32.52562134946874,west,2.24,5.017600025959486,0.4004400751377858,32.52562134946874,6.21521,2,point_3346_west_unknown_class_2_0.400440_32.525621.png,2,True
point_16941_north,unknown,-0.0213351237775356,18.1860879,north,2.24,5.017600025960895,-0.0213351237775356,18.1860879,0.30856994,0,point_16941_north_unknown_class_0_-0.021335_18.186088.png,1,False
point_20031_north,unknown,-0.447650136701516,36.9237454,north,2.24,5.017600025961611,-0.447650136701516,36.9237454,1.3255218,1,point_20031_north_unknown_class_1_-0.447650_36.923745.png,1,True
