name,city,latitude,longitude,point_type,square_size_km,area_km2,center_lat,center_lon,radiance_2240m_carre,class,final_image_filename,predicted_class,correct_prediction
point_1787_north,unknown,3.8203515780124335,10.1298213,north,2.24,5.017600025959296,3.8203515780124335,10.1298213,2.6096148,2,point_1787_north_unknown_class_2_3.820352_10.129821.png,1,False
point_748_south,unknown,5.5145609091565415,-0.2113248,south,2.24,5.017600025957088,5.5145609091565415,-0.2113248,4.2533436,2,point_748_south_unknown_class_2_5.514561_-0.211325.png,2,True
point_4624,unknown,-7.0083097,23.4486587,original,2.24,5.017600025955813,-7.0083097,23.4486587,0.36515155,0,point_4624_unknown_class_0_-7.008310_23.448659.png,3,False
point_6216,unknown,5.8092466,0.9315902,original,2.24,5.017600025956776,5.8092466,0.9315902,2.4159958,2,point_6216_unknown_class_2_5.809247_0.931590.png,1,False
point_3892_north,unknown,14.789804539606203,-17.2790591,north,2.24,5.01760002593586,14.789804539606203,-17.2790591,10.332402,2,point_3892_north_unknown_class_2_14.789805_-17.279059.png,3,False
point_2865_north,unknown,12.659749921828466,-8.0020926,north,2.24,5.017600025943187,12.659749921828466,-8.0020926,20.16826,3,point_2865_north_unknown_class_3_12.659750_-8.002093.png,3,True
point_1763_east,unknown,4.012686450475556,9.227887981068084,east,2.24,5.017600025958689,4.012686450475556,9.227887981068084,1.5668813,1,point_1763_east_unknown_class_1_4.012686_9.227888.png,1,True
point_16328,unknown,-0.426765,31.7123179,original,2.24,5.017600025960065,-0.426765,31.7123179,0.41759285,0,point_16328_unknown_class_0_-0.426765_31.712318.png,1,False
point_22139,unknown,15.8931102,5.8018272,original,2.24,5.0176000259335,15.8931102,5.8018272,0.7232798,1,point_22139_unknown_class_1_15.893110_5.801827.png,1,True
point_8080_west,unknown,0.5500993658453818,32.496063516373006,west,2.24,5.017600025960358,0.5500993658453818,32.496063516373006,0.81086844,1,point_8080_west_unknown_class_1_0.550099_32.496064.png,1,True
point_4766,unknown,13.8087462,8.9837114,original,2.24,5.01760002594253,13.8087462,8.9837114,15.452982,3,point_4766_unknown_class_3_13.808746_8.983711.png,3,True
point_1023_east,unknown,9.388338212049408,-0.7952576650467212,east,2.24,5.017600025950283,9.388338212049408,-0.7952576650467212,14.089738,3,point_1023_east_unknown_class_3_9.388338_-0.795258.png,3,True
point_14803_south,unknown,12.140745435530484,-2.4259883,south,2.24,5.017600025944144,12.140745435530484,-2.4259883,0.35072106,0,point_14803_south_unknown_class_0_12.140745_-2.425988.png,0,True
point_2986_north,unknown,6.560135629419207,3.3131285,north,2.24,5.017600025954809,6.560135629419207,3.3131285,11.329691,2,point_2986_north_unknown_class_2_6.560136_3.313128.png,3,False
point_22359_east,unknown,0.6573241591874843,34.148263377793725,east,2.24,5.017600025960292,0.6573241591874843,34.148263377793725,1.8305266,1,point_22359_east_unknown_class_1_0.657324_34.148263.png,1,True
point_20615_north,unknown,9.405467655527294,2.6336789,north,2.24,5.0176000259523015,9.405467655527294,2.6336789,1.6900059,1,point_20615_north_unknown_class_1_9.405468_2.633679.png,0,False
point_1149,unknown,7.352377,-2.3450168,original,2.24,5.017600025953955,7.352377,-2.3450168,15.738796,3,point_1149_unknown_class_3_7.352377_-2.345017.png,3,True
point_8388,unknown,12.6965653,-1.8517488,original,2.24,5.017600025942492,12.6965653,-1.8517488,0.35693568,0,point_8388_unknown_class_0_12.696565_-1.851749.png,0,True
point_4643_east,unknown,0.0304001981125652,18.28269606517772,east,2.24,5.0176000259604825,0.0304001981125652,18.28269606517772,0.42343143,0,point_4643_east_unknown_class_0_0.030400_18.282696.png,1,False
point_4888_north,unknown,6.840161099365389,-5.2789115,north,2.24,5.01760002595455,6.840161099365389,-5.2789115,15.175127,3,point_4888_north_unknown_class_3_6.840161_-5.278912.png,2,False
point_12175_south,unknown,6.795144979911375,3.8975,south,2.24,5.017600025955893,6.795144979911375,3.8975,2.094842,1,point_12175_south_unknown_class_1_6.795145_3.897500.png,1,True
point_19139_east,unknown,2.417006049851637,31.120974960042872,east,2.24,5.0176000259597,2.417006049851637,31.120974960042872,0.32049346,0,point_19139_east_unknown_class_0_2.417006_31.120975.png,0,True
point_3468_south,unknown,-0.3927181672137682,31.7153151,south,2.24,5.017600025960616,-0.3927181672137682,31.7153151,0.5690462,1,point_3468_south_unknown_class_1_-0.392718_31.715315.png,1,True
point_1573_north,unknown,12.399794912388726,-1.4691108,north,2.24,5.017600025943102,12.399794912388726,-1.4691108,17.444921,3,point_1573_north_unknown_class_3_12.399795_-1.469111.png,3,True
point_14256_east,unknown,10.054743269507782,-12.837004052193716,east,2.24,5.017600025951623,10.054743269507782,-12.837004052193716,3.8570392,2,point_14256_east_unknown_class_2_10.054743_-12.837004.png,1,False
point_6200_east,unknown,11.035999606555231,20.30804647780973,east,2.24,5.017600025948839,11.035999606555231,20.30804647780973,0.37726474,0,point_6200_east_unknown_class_0_11.036000_20.308046.png,1,False
point_16942_east,unknown,-0.042463897363575,18.20736786785367,east,2.24,5.017600025960328,-0.042463897363575,18.20736786785367,0.33483723,0,point_16942_east_unknown_class_0_-0.042464_18.207368.png,1,False
point_945_north,unknown,5.676683593090487,-0.2521363,north,2.24,5.017600025956576,5.676683593090487,-0.2521363,42.3584,3,point_945_north_unknown_class_3_5.676684_-0.252136.png,3,True
point_21486_north,unknown,11.441520786224602,-9.1676716,north,2.24,5.017600025946462,11.441520786224602,-9.1676716,1.3842739,1,point_21486_north_unknown_class_1_11.441521_-9.167672.png,1,True
point_4849_north,unknown,9.31559505782388,-5.5884851,north,2.24,5.017600025951687,9.31559505782388,-5.5884851,2.0183468,1,point_4849_north_unknown_class_1_9.315595_-5.588485.png,1,True
point_6675_east,unknown,5.665170947166053,0.0075465671382697,east,2.24,5.017600025957359,5.665170947166053,0.0075465671382697,31.346596,3,point_6675_east_unknown_class_3_5.665171_0.007547.png,3,True
point_1605_east,unknown,11.176753397492774,-4.2279893979235,east,2.24,5.017600025947229,11.176753397492774,-4.2279893979235,6.145033,2,point_1605_east_unknown_class_2_11.176753_-4.227989.png,2,True
point_19958_east,unknown,-0.8354238481281313,30.193340887256085,east,2.24,5.017600025960378,-0.8354238481281313,30.193340887256085,0.58136386,1,point_19958_east_unknown_class_1_-0.835424_30.193341.png,0,False
point_4397_south,unknown,14.25755237798507,39.460877,south,2.24,5.017600025936599,14.25755237798507,39.460877,0.73214066,1,point_4397_south_unknown_class_1_14.257552_39.460877.png,2,False
point_14683_west,unknown,12.035783641995796,-1.3741617463249762,west,2.24,5.017600025944646,12.035783641995796,-1.3741617463249762,0.38729084,0,point_14683_west_unknown_class_0_12.035784_-1.374162.png,0,True
point_22465,unknown,6.33917,1.2160267,original,2.24,5.017600025956544,6.33917,1.2160267,14.083975,3,point_22465_unknown_class_3_6.339170_1.216027.png,2,False
point_12531,unknown,-1.3382058,29.9733659,original,2.24,5.017600025959976,-1.3382058,29.9733659,0.32245117,0,point_12531_unknown_class_0_-1.338206_29.973366.png,0,True
point_22382_west,unknown,0.6851147574618425,34.07209190861976,west,2.24,5.01760002595981,0.6851147574618425,34.07209190861976,0.4266792,0,point_22382_west_unknown_class_0_0.685115_34.072092.png,0,True
point_7575,unknown,6.7528367,11.8233597,original,2.24,5.017600025955356,6.7528367,11.8233597,0.74881226,1,point_7575_unknown_class_1_6.752837_11.823360.png,1,True
point_3482_north,unknown,0.3790454678504528,32.7496511,north,2.24,5.017600025960142,0.3790454678504528,32.7496511,5.52938,2,point_3482_north_unknown_class_2_0.379045_32.749651.png,1,False
point_10485_south,unknown,3.961293499476629,9.8038626,south,2.24,5.017600025958564,3.961293499476629,9.8038626,2.461662,2,point_10485_south_unknown_class_2_3.961293_9.803863.png,1,False
point_2177,unknown,7.7419632,-8.8176262,original,2.24,5.017600025954431,7.7419632,-8.8176262,5.061095,2,point_2177_unknown_class_2_7.741963_-8.817626.png,2,True
point_2634,unknown,-1.0909472,35.8707784,original,2.24,5.017600025959835,-1.0909472,35.8707784,11.842285,3,point_2634_unknown_class_3_-1.090947_35.870778.png,2,False
point_1831_north,unknown,5.162415135793936,10.5208055,north,2.24,5.017600025957274,5.162415135793936,10.5208055,1.1307389,1,point_1831_north_unknown_class_1_5.162415_10.520805.png,1,True
point_9601_north,unknown,5.163391635173727,-1.21622,north,2.24,5.017600025957644,5.163391635173727,-1.21622,3.6064358,2,point_9601_north_unknown_class_2_5.163392_-1.216220.png,1,False
point_2890_north,unknown,12.680837489813904,-7.9724751,north,2.24,5.017600025941902,12.680837489813904,-7.9724751,13.680668,3,point_2890_north_unknown_class_3_12.680837_-7.972475.png,3,True
point_21109_north,unknown,-1.1469198066619537,36.9623724,north,2.24,5.017600025960538,-1.1469198066619537,36.9623724,17.533415,3,point_21109_north_unknown_class_3_-1.146920_36.962372.png,3,True
point_2296_east,unknown,-1.314421318378755,36.86955282313377,east,2.24,5.01760002596058,-1.314421318378755,36.86955282313377,29.381523,3,point_2296_east_unknown_class_3_-1.314421_36.869553.png,3,True
point_10441,unknown,13.8512733,-4.6160511,original,2.24,5.017600025941976,13.8512733,-4.6160511,0.3494665,0,point_10441_unknown_class_0_13.851273_-4.616051.png,0,True
point_19957,unknown,-0.8482705,30.1725802,original,2.24,5.017600025960472,-0.8482705,30.1725802,0.4510063,0,point_19957_unknown_class_0_-0.848271_30.172580.png,0,True
point_9988,unknown,-2.4045278,28.8388889,original,2.24,5.017600025959112,-2.4045278,28.8388889,0.4949139,0,point_9988_unknown_class_0_-2.404528_28.838889.png,1,False
point_8065,unknown,10.8013244,-0.945663,original,2.24,5.017600025947308,10.8013244,-0.945663,0.8090722,1,point_8065_unknown_class_1_10.801324_-0.945663.png,0,False
point_17447_west,unknown,-4.031676749290922,39.60953925194972,west,2.24,5.017600025957916,-4.031676749290922,39.60953925194972,28.632708,3,point_17447_west_unknown_class_3_-4.031677_39.609539.png,3,True
point_16950_south,unknown,-0.0302417762587427,18.3269081,south,2.24,5.017600025959725,-0.0302417762587427,18.3269081,0.31003013,0,point_16950_south_unknown_class_0_-0.030242_18.326908.png,1,False
point_11514,unknown,6.5301352,-7.4833401,original,2.24,5.017600025955487,6.5301352,-7.4833401,8.2259,2,point_11514_unknown_class_2_6.530135_-7.483340.png,2,True
point_0_north,unknown,5.34959341478675,-4.102457999999999,north,2.24,5.017600025957494,5.34959341478675,-4.102457999999999,32.40259,3,point_0_north_unknown_class_3_5.349593_-4.102458.png,3,True
point_1397_south,unknown,6.465232410850853,2.5967324,south,2.24,5.01760002595616,6.465232410850853,2.5967324,1.9992645,1,point_1397_south_unknown_class_1_6.465232_2.596732.png,1,True
point_1742,unknown,7.311846,13.5506028,original,2.24,5.017600025956398,7.311846,13.5506028,2.9183517,2,point_1742_unknown_class_2_7.311846_13.550603.png,2,True
point_1027_north,unknown,9.424247834031238,-0.8854043,north,2.24,5.017600025951057,9.424247834031238,-0.8854043,13.933101,3,point_1027_north_unknown_class_3_9.424248_-0.885404.png,3,True
point_2755_west,unknown,12.557182408145716,-8.023520730711281,west,2.24,5.017600025944843,12.557182408145716,-8.023520730711281,12.710466,3,point_2755_west_unknown_class_3_12.557182_-8.023521.png,3,True
point_16118_west,unknown,11.894724451131626,3.438723215191028,west,2.24,5.017600025945392,11.894724451131626,3.438723215191028,1.0445278,1,point_16118_west_unknown_class_1_11.894724_3.438723.png,1,True
point_694_north,unknown,7.609928618385069,-5.1673545,north,2.24,5.017600025954653,7.609928618385069,-5.1673545,0.91849893,1,point_694_north_unknown_class_1_7.609929_-5.167355.png,1,True
point_22401_north,unknown,0.7300212441721777,34.0873679,north,2.24,5.017600025959246,0.7300212441721777,34.0873679,0.4120979,0,point_22401_north_unknown_class_0_0.730021_34.087368.png,1,False
point_19877_west,unknown,15.281103329002738,-9.650569221833925,west,2.24,5.017600025937325,15.281103329002738,-9.650569221833925,0.36061928,0,point_19877_west_unknown_class_0_15.281103_-9.650569.png,0,True
point_7557_north,unknown,13.60340814070876,-7.48448,north,2.24,5.017600025940896,13.60340814070876,-7.48448,0.35103616,0,point_7557_north_unknown_class_0_13.603408_-7.484480.png,0,True
point_8815_south,unknown,1.497512664530149,30.2742138,south,2.24,5.017600025959506,1.497512664530149,30.2742138,0.37049398,0,point_8815_south_unknown_class_0_1.497513_30.274214.png,1,False
point_20641_west,unknown,6.887237170408454,2.597915657170057,west,2.24,5.017600025955676,6.887237170408454,2.597915657170057,0.35318756,0,point_20641_west_unknown_class_0_6.887237_2.597916.png,1,False
point_7625_east,unknown,6.283589508366645,5.587976368901187,east,2.24,5.017600025955953,6.283589508366645,5.587976368901187,6.134172,2,point_7625_east_unknown_class_2_6.283590_5.587976.png,2,True
point_20817_east,unknown,4.82564359971186,7.102024064972591,east,2.24,5.017600025957656,4.82564359971186,7.102024064972591,23.658463,3,point_20817_east_unknown_class_3_4.825644_7.102024.png,3,True
point_15271_south,unknown,-11.003488479396191,26.7677504,south,2.24,5.017600025949358,-11.003488479396191,26.7677504,9.146488,2,point_15271_south_unknown_class_2_-11.003488_26.767750.png,2,True
point_10913_east,unknown,6.4329782989810695,7.542723612204533,east,2.24,5.017600025955307,6.4329782989810695,7.542723612204533,5.796109,2,point_10913_east_unknown_class_2_6.432978_7.542724.png,2,True
point_7559_north,unknown,13.63780498485793,-7.43475,north,2.24,5.017600025942068,13.63780498485793,-7.43475,0.34797925,0,point_7559_north_unknown_class_0_13.637805_-7.434750.png,0,True
point_15088,unknown,6.6234818,-1.6595215,original,2.24,5.017600025954839,6.6234818,-1.6595215,21.870596,3,point_15088_unknown_class_3_6.623482_-1.659522.png,3,True
point_22377_east,unknown,0.6731016582077918,34.19561754170276,east,2.24,5.017600025959355,0.6731016582077918,34.19561754170276,1.548379,1,point_22377_east_unknown_class_1_0.673102_34.195618.png,1,True
point_20020,unknown,-0.4872303,36.8575151,original,2.24,5.017600025959634,-0.4872303,36.8575151,0.72609955,1,point_20020_unknown_class_1_-0.487230_36.857515.png,0,False
point_92_east,unknown,5.26022147252871,-3.944497104607586,east,2.24,5.017600025957656,5.26022147252871,-3.944497104607586,22.269949,3,point_92_east_unknown_class_3_5.260221_-3.944497.png,3,True
point_21645_north,unknown,1.673817604820284,33.5186007,north,2.24,5.017600025961401,1.673817604820284,33.5186007,0.3472107,0,point_21645_north_unknown_class_0_1.673818_33.518601.png,0,True
point_11513_south,unknown,4.654377468947724,-7.3927391,south,2.24,5.017600025957374,4.654377468947724,-7.3927391,0.87452966,1,point_11513_south_unknown_class_1_4.654377_-7.392739.png,1,True
point_1319,unknown,8.0450803,-1.7293911,original,2.24,5.017600025953607,8.0450803,-1.7293911,12.895511,3,point_1319_unknown_class_3_8.045080_-1.729391.png,3,True
point_2654_north,unknown,-1.1763383109328296,36.9245699,north,2.24,5.017600025959975,-1.1763383109328296,36.9245699,16.966137,3,point_2654_north_unknown_class_3_-1.176338_36.924570.png,3,True
point_15738_east,unknown,-11.729756861804328,27.51460338729532,east,2.24,5.017600025945023,-11.729756861804328,27.51460338729532,1.660784,1,point_15738_east_unknown_class_1_-11.729757_27.514603.png,1,True
point_16017_north,unknown,11.848345115694434,13.1087693,north,2.24,5.017600025944723,11.848345115694434,13.1087693,6.6825123,2,point_16017_north_unknown_class_2_11.848345_13.108769.png,2,True
point_3862_north,unknown,14.748076912581784,-17.3155715,north,2.24,5.017600025938779,14.748076912581784,-17.3155715,13.45339,3,point_3862_north_unknown_class_3_14.748077_-17.315572.png,3,True
point_1511,unknown,6.628201,1.710937,original,2.24,5.017600025955864,6.628201,1.710937,4.349043,2,point_1511_unknown_class_2_6.628201_1.710937.png,1,False
point_6639_west,unknown,5.825582137109921,-0.6504201260002365,west,2.24,5.017600025956352,5.825582137109921,-0.6504201260002365,1.2163216,1,point_6639_west_unknown_class_1_5.825582_-0.650420.png,1,True
point_17423_east,unknown,-4.1281537432717705,39.65282115481634,east,2.24,5.017600025958691,-4.1281537432717705,39.65282115481634,1.3354654,1,point_17423_east_unknown_class_1_-4.128154_39.652821.png,1,True
point_1487_east,unknown,6.35892730363409,2.1073135982040783,east,2.24,5.017600025956817,6.35892730363409,2.1073135982040783,1.8842157,1,point_1487_east_unknown_class_1_6.358927_2.107314.png,1,True
point_19037,unknown,10.5244963,-0.3637632,original,2.24,5.017600025947473,10.5244963,-0.3637632,6.9862046,2,point_19037_unknown_class_2_10.524496_-0.363763.png,1,False
point_3825_west,unknown,14.851006057566758,-15.934411385899368,west,2.24,5.017600025938281,14.851006057566758,-15.934411385899368,13.973228,3,point_3825_west_unknown_class_3_14.851006_-15.934411.png,2,False
point_1124_east,unknown,5.696196545221492,0.0068704491049644,east,2.24,5.017600025958306,5.696196545221492,0.0068704491049644,30.236046,3,point_1124_east_unknown_class_3_5.696197_0.006870.png,3,True
point_1608_east,unknown,11.214853095038263,-4.289360915867049,east,2.24,5.017600025947422,11.214853095038263,-4.289360915867049,6.439241,2,point_1608_east_unknown_class_2_11.214853_-4.289361.png,3,False
point_1724_east,unknown,4.086826145850347,9.755832416808897,east,2.24,5.017600025958639,4.086826145850347,9.755832416808897,16.998852,3,point_1724_east_unknown_class_3_4.086826_9.755832.png,3,True
point_13617_north,unknown,0.9619726201478184,33.0617145,north,2.24,5.017600025958945,0.9619726201478184,33.0617145,0.34784007,0,point_13617_north_unknown_class_0_0.961973_33.061715.png,0,True
point_14182_south,unknown,10.15528035971986,14.5107044,south,2.24,5.017600025948748,10.15528035971986,14.5107044,0.43553582,0,point_14182_south_unknown_class_0_10.155280_14.510704.png,1,False
point_4104,unknown,7.5153658,1.1505747,original,2.24,5.017600025952622,7.5153658,1.1505747,4.075875,2,point_4104_unknown_class_2_7.515366_1.150575.png,3,False
point_20537_north,unknown,1.2440334819546546,33.6597497,north,2.24,5.017600025959827,1.2440334819546546,33.6597497,0.31249568,0,point_20537_north_unknown_class_0_1.244033_33.659750.png,0,True
point_10210_north,unknown,6.887129559853389,-6.4463407,north,2.24,5.017600025955801,6.887129559853389,-6.4463407,22.505993,3,point_10210_north_unknown_class_3_6.887130_-6.446341.png,2,False
point_2978_east,unknown,6.429915099173573,3.472760990980717,east,2.24,5.017600025955397,6.429915099173573,3.472760990980717,31.167007,3,point_2978_east_unknown_class_3_6.429915_3.472761.png,3,True
point_6726,unknown,5.7649933,0.0499,original,2.24,5.017600025955707,5.7649933,0.0499,21.711119,3,point_6726_unknown_class_3_5.764993_0.049900.png,2,False
point_17838_south,unknown,-1.394730957511486,36.7447695,south,2.24,5.017600025959758,-1.394730957511486,36.7447695,8.173858,2,point_17838_south_unknown_class_2_-1.394731_36.744769.png,3,False
point_16516_west,unknown,1.6343696985016762,31.63386860309726,west,2.24,5.017600025960066,1.6343696985016762,31.63386860309726,0.5277929,0,point_16516_west_unknown_class_0_1.634370_31.633869.png,0,True
point_4621_south,unknown,-5.858734264066704,13.4533972,south,2.24,5.01760002595698,-5.858734264066704,13.4533972,8.231189,2,point_4621_south_unknown_class_2_-5.858734_13.453397.png,1,False
point_14577_north,unknown,3.3746343756500248,30.9174627,north,2.24,5.0176000259596725,3.3746343756500248,30.9174627,0.309657,0,point_14577_north_unknown_class_0_3.374634_30.917463.png,1,False
point_7578_south,unknown,9.262713605271266,-0.8131768,south,2.24,5.01760002594869,9.262713605271266,-0.8131768,0.58159494,1,point_7578_south_unknown_class_1_9.262714_-0.813177.png,0,False
point_20293,unknown,12.4441859,-1.562205,original,2.24,5.017600025944129,12.4441859,-1.562205,3.5686617,2,point_20293_unknown_class_2_12.444186_-1.562205.png,2,True
point_16019_east,unknown,11.84568355430566,13.170859409814144,east,2.24,5.017600025943894,11.84568355430566,13.170859409814144,8.404782,2,point_16019_east_unknown_class_2_11.845684_13.170859.png,3,False
point_11256_east,unknown,9.36609961346629,13.458942636342002,east,2.24,5.017600025951434,9.36609961346629,13.458942636342002,1.1666095,1,point_11256_east_unknown_class_1_9.366100_13.458943.png,0,False
point_12816_north,unknown,0.2785022718208206,32.4870361,north,2.24,5.017600025960498,0.2785022718208206,32.4870361,8.316699,2,point_12816_north_unknown_class_2_0.278502_32.487036.png,1,False
point_16017,unknown,11.8280958,13.1087693,original,2.24,5.017600025946063,11.8280958,13.1087693,7.8344007,2,point_16017_unknown_class_2_11.828096_13.108769.png,3,False
point_1894_west,unknown,-0.7017543564286068,8.749228338358487,west,2.24,5.017600025960449,-0.7017543564286068,8.749228338358487,2.954062,2,point_1894_west_unknown_class_2_-0.701754_8.749228.png,1,False
point_3019,unknown,6.329308,5.6191046,original,2.24,5.01760002595715,6.329308,5.6191046,19.602379,3,point_3019_unknown_class_3_6.329308_5.619105.png,2,False
point_11756,unknown,7.0273498,38.4868104,original,2.24,5.017600025955718,7.0273498,38.4868104,14.54201,3,point_11756_unknown_class_3_7.027350_38.486810.png,2,False
point_3356,unknown,0.0454997,32.4431056,original,2.24,5.017600025960592,0.0454997,32.4431056,7.202377,2,point_3356_unknown_class_2_0.045500_32.443106.png,1,False
point_1253,unknown,5.3457456,-0.6265315,original,2.24,5.017600025956905,5.3457456,-0.6265315,14.870373,3,point_1253_unknown_class_3_5.345746_-0.626532.png,2,False
point_1020_south,unknown,9.343401896761277,-0.8322349,south,2.24,5.017600025951162,9.343401896761277,-0.8322349,3.5699842,2,point_1020_south_unknown_class_2_9.343402_-0.832235.png,1,False
point_2977_east,unknown,6.438532998631986,3.452269232177972,east,2.24,5.017600025954887,6.438532998631986,3.452269232177972,46.849594,3,point_2977_east_unknown_class_3_6.438533_3.452269.png,3,True
point_21098,unknown,-1.2240927,36.9657407,original,2.24,5.017600025960864,-1.2240927,36.9657407,7.063191,2,point_21098_unknown_class_2_-1.224093_36.965741.png,2,True
point_21475_south,unknown,0.0364758238507799,34.3342863,south,2.24,5.017600025960857,0.0364758238507799,34.3342863,1.4129703,1,point_21475_south_unknown_class_1_0.036476_34.334286.png,1,True
point_21168_north,unknown,-0.7945052638322736,29.9230066,north,2.24,5.017600025960321,-0.7945052638322736,29.9230066,2.4487374,2,point_21168_north_unknown_class_2_-0.794505_29.923007.png,1,False
point_21814_south,unknown,13.352551588216537,-6.1819234,south,2.24,5.017600025941876,13.352551588216537,-6.1819234,0.37543416,0,point_21814_south_unknown_class_0_13.352552_-6.181923.png,0,True
point_568,unknown,5.4433769,-4.070874799999999,original,2.24,5.01760002595773,5.4433769,-4.070874799999999,21.675137,3,point_568_unknown_class_3_5.443377_-4.070875.png,3,True
point_22523,unknown,14.391321,-4.8676714,original,2.24,5.017600025938044,14.391321,-4.8676714,0.34900498,0,point_22523_unknown_class_0_14.391321_-4.867671.png,0,True
point_1127_west,unknown,5.736409042700829,-0.0344918603892748,west,2.24,5.017600025956664,5.736409042700829,-0.0344918603892748,20.200417,3,point_1127_west_unknown_class_3_5.736409_-0.034492.png,1,False
point_18976_north,unknown,-1.1903728130080669,36.8644395,north,2.24,5.017600025960506,-1.1903728130080669,36.8644395,7.894646,2,point_18976_north_unknown_class_2_-1.190373_36.864440.png,1,False
point_22529,unknown,14.48,-4.964,original,2.24,5.017600025939081,14.48,-4.964,0.34509766,0,point_22529_unknown_class_0_14.480000_-4.964000.png,0,True
point_10443,unknown,13.8534,-4.48041,original,2.24,5.017600025939384,13.8534,-4.48041,0.3348819,0,point_10443_unknown_class_0_13.853400_-4.480410.png,0,True
point_11495,unknown,16.425555,-3.619166,original,2.24,5.017600025934092,16.425555,-3.619166,0.4005514,0,point_11495_unknown_class_0_16.425555_-3.619166.png,0,True
point_1643_east,unknown,3.844984960934664,11.54800545365564,east,2.24,5.01760002595956,3.844984960934664,11.54800545365564,11.789787,3,point_1643_east_unknown_class_3_3.844985_11.548005.png,3,True
point_1500,unknown,10.6233356,1.2702766,original,2.24,5.017600025947601,10.6233356,1.2702766,2.2041006,1,point_1500_unknown_class_1_10.623336_1.270277.png,2,False
point_19327_east,unknown,13.471546648459752,2.161764216873217,east,2.24,5.017600025941199,13.471546648459752,2.161764216873217,9.400912,2,point_19327_east_unknown_class_2_13.471547_2.161764.png,1,False
point_17305_north,unknown,0.3984008669423319,31.9831815,north,2.24,5.017600025960778,0.3984008669423319,31.9831815,0.45844704,0,point_17305_north_unknown_class_0_0.398401_31.983182.png,1,False
point_4314_north,unknown,9.035688170343914,38.7711602,north,2.24,5.0176000259533,9.035688170343914,38.7711602,24.71577,3,point_4314_north_unknown_class_3_9.035688_38.771160.png,3,True
point_6864_south,unknown,9.337076489561476,1.3173188,south,2.24,5.017600025950521,9.337076489561476,1.3173188,0.38298658,0,point_6864_south_unknown_class_0_9.337076_1.317319.png,0,True
point_11259_east,unknown,9.388053712067531,13.466156118319724,east,2.24,5.017600025950827,9.388053712067531,13.466156118319724,0.5553436,0,point_11259_east_unknown_class_0_9.388054_13.466156.png,1,False
point_1701_north,unknown,4.056379963468406,9.7627081,north,2.24,5.017600025958381,4.056379963468406,9.7627081,11.609035,2,point_1701_north_unknown_class_2_4.056380_9.762708.png,3,False
point_6199_north,unknown,5.519800801047056,-3.6616048,north,2.24,5.017600025956847,5.519800801047056,-3.6616048,0.61719304,1,point_6199_north_unknown_class_1_5.519801_-3.661605.png,0,False
point_20984_west,unknown,6.545652491898643,2.5489014878131178,west,2.24,5.017600025955151,6.545652491898643,2.5489014878131178,0.9320797,1,point_20984_west_unknown_class_1_6.545652_2.548901.png,1,True
point_11239_north,unknown,9.317781755346148,13.3548903,north,2.24,5.01760002595006,9.317781755346148,13.3548903,5.721533,2,point_11239_north_unknown_class_2_9.317782_13.354890.png,2,True
point_4217_north,unknown,7.896689046559664,-11.185883,north,2.24,5.01760002595418,7.896689046559664,-11.185883,1.3558403,1,point_4217_north_unknown_class_1_7.896689_-11.185883.png,1,True
point_20304_east,unknown,13.50455434629709,-2.3802900423784914,east,2.24,5.01760002594141,13.50455434629709,-2.3802900423784914,0.3940022,0,point_20304_east_unknown_class_0_13.504554_-2.380290.png,0,True
point_13611_north,unknown,0.954677121004962,33.1492137,north,2.24,5.0176000259589335,0.954677121004962,33.1492137,0.4843584,0,point_13611_north_unknown_class_0_0.954677_33.149214.png,0,True
point_13958_west,unknown,1.2930666197052472,35.027250946451595,west,2.24,5.017600025959767,1.2930666197052472,35.027250946451595,0.34738958,0,point_13958_west_unknown_class_0_1.293067_35.027251.png,0,True
point_8839_west,unknown,1.5643756028506002,30.197058985135683,west,2.24,5.0176000259603,1.5643756028506002,30.197058985135683,0.6304207,1,point_8839_west_unknown_class_1_1.564376_30.197059.png,1,True
point_19952_north,unknown,-0.8348841679592836,30.2310649,north,2.24,5.017600025960314,-0.8348841679592836,30.2310649,0.43495506,0,point_19952_north_unknown_class_0_-0.834884_30.231065.png,0,True
point_2245,unknown,9.7075652,-13.3920648,original,2.24,5.017600025949184,9.7075652,-13.3920648,6.247212,2,point_2245_unknown_class_2_9.707565_-13.392065.png,1,False
point_4363_north,unknown,9.094740305178547,38.7589114,north,2.24,5.017600025952907,9.094740305178547,38.7589114,1.8232349,1,point_4363_north_unknown_class_1_9.094740_38.758911.png,2,False
point_19973_north,unknown,-0.8032660647105321,30.2356774,north,2.24,5.017600025960978,-0.8032660647105321,30.2356774,0.39329964,0,point_19973_north_unknown_class_0_-0.803266_30.235677.png,1,False
point_16445_north,unknown,-0.3129587301844344,31.7865418,north,2.24,5.017600025960357,-0.3129587301844344,31.7865418,1.6798667,1,point_16445_north_unknown_class_1_-0.312959_31.786542.png,1,True
point_4106_west,unknown,7.517001430708791,1.1294815723315903,west,2.24,5.017600025954934,7.517001430708791,1.1294815723315903,1.9465592,1,point_4106_west_unknown_class_1_7.517001_1.129482.png,1,True
point_3468,unknown,-0.3724603,31.7153151,original,2.24,5.017600025959863,-0.3724603,31.7153151,1.3846382,1,point_3468_unknown_class_1_-0.372460_31.715315.png,1,True
point_18961_east,unknown,-1.222653724078944,36.7824351140697,east,2.24,5.017600025960433,-1.222653724078944,36.7824351140697,11.155926,2,point_18961_east_unknown_class_2_-1.222654_36.782435.png,3,False
point_4471,unknown,-4.8416827,11.897251,original,2.24,5.017600025957871,-4.8416827,11.897251,16.654707,3,point_4471_unknown_class_3_-4.841683_11.897251.png,3,True
point_13_east,unknown,5.309188069463584,-4.066976517773547,east,2.24,5.017600025957711,5.309188069463584,-4.066976517773547,21.847088,3,point_13_east_unknown_class_3_5.309188_-4.066977.png,3,True
point_22927_north,unknown,3.918070631419224,11.5060477,north,2.24,5.017600025959228,3.918070631419224,11.5060477,10.858896,2,point_22927_north_unknown_class_2_3.918071_11.506048.png,1,False
point_1060_north,unknown,4.955292464715979,-1.7138103,north,2.24,5.017600025957667,4.955292464715979,-1.7138103,12.9911585,3,point_1060_north_unknown_class_3_4.955292_-1.713810.png,2,False
point_21646,unknown,1.6418111,33.6051884,original,2.24,5.017600025960375,1.6418111,33.6051884,0.44057846,0,point_21646_unknown_class_0_1.641811_33.605188.png,0,True
point_2766_north,unknown,12.59311442266524,-7.9972727,north,2.24,5.017600025944527,12.59311442266524,-7.9972727,19.137814,3,point_2766_north_unknown_class_3_12.593114_-7.997273.png,3,True
point_1846_west,unknown,0.4044859748865791,9.41656093955418,west,2.24,5.017600025960003,0.4044859748865791,9.41656093955418,2.7684958,2,point_1846_west_unknown_class_2_0.404486_9.416561.png,1,False
point_14411_north,unknown,0.5362838591298144,25.1426049,north,2.24,5.0176000259604985,0.5362838591298144,25.1426049,0.38579014,0,point_14411_north_unknown_class_0_0.536284_25.142605.png,0,True
point_16741,unknown,1.0701841,34.086368,original,2.24,5.017600025959553,1.0701841,34.086368,0.7442589,1,point_16741_unknown_class_1_1.070184_34.086368.png,0,False
point_11751_north,unknown,4.395199987093723,-7.7185136,north,2.24,5.01760002595799,4.395199987093723,-7.7185136,0.47066316,0,point_11751_north_unknown_class_0_4.395200_-7.718514.png,0,True
point_20536_east,unknown,1.2166513244517727,33.677344569479416,east,2.24,5.017600025961112,1.2166513244517727,33.677344569479416,0.3145012,0,point_20536_east_unknown_class_0_1.216651_33.677345.png,0,True
point_4609,unknown,-11.6303342,27.4837242,original,2.24,5.017600025946801,-11.6303342,27.4837242,24.476982,3,point_4609_unknown_class_3_-11.630334_27.483724.png,2,False
point_987_east,unknown,6.671771383967468,-1.5849247561457125,east,2.24,5.017600025955777,6.671771383967468,-1.5849247561457125,26.184198,3,point_987_east_unknown_class_3_6.671771_-1.584925.png,3,True
point_3852_north,unknown,15.642225508014446,-16.223237,north,2.24,5.017600025936841,15.642225508014446,-16.223237,4.917415,2,point_3852_north_unknown_class_2_15.642226_-16.223237.png,1,False
point_20035_north,unknown,-0.4539692370624764,37.0207153,north,2.24,5.017600025961039,-0.4539692370624764,37.0207153,1.419271,1,point_20035_north_unknown_class_1_-0.453969_37.020715.png,1,True
point_8904,unknown,0.7610718,33.5799157,original,2.24,5.017600025960871,0.7610718,33.5799157,0.38959503,0,point_8904_unknown_class_0_0.761072_33.579916.png,0,True
point_4800_south,unknown,13.29712729990926,12.613447,south,2.24,5.017600025943135,13.29712729990926,12.613447,1.2175834,1,point_4800_south_unknown_class_1_13.297127_12.613447.png,1,True
point_21639_east,unknown,6.128411618110448,0.0214300474323568,east,2.24,5.0176000259557965,6.128411618110448,0.0214300474323568,3.2755384,2,point_21639_east_unknown_class_2_6.128412_0.021430.png,1,False
point_13648,unknown,0.9885329,33.0893194,original,2.24,5.017600025959865,0.9885329,33.0893194,0.3545996,0,point_13648_unknown_class_0_0.988533_33.089319.png,0,True
point_10333,unknown,10.8296333,0.1339133,original,2.24,5.017600025947258,10.8296333,0.1339133,0.51984984,0,point_10333_unknown_class_0_10.829633_0.133913.png,1,False
point_14778_east,unknown,9.475558106490706,-5.570043640800435,east,2.24,5.017600025950427,9.475558106490706,-5.570043640800435,10.92072,2,point_14778_east_unknown_class_2_9.475558_-5.570044.png,2,True
point_13762_north,unknown,-1.0034105873643844,29.8429034,north,2.24,5.017600025959887,-1.0034105873643844,29.8429034,0.33479568,0,point_13762_north_unknown_class_0_-1.003411_29.842903.png,0,True
point_14406_north,unknown,8.096352851502633,-1.8235736,north,2.24,5.017600025952929,8.096352851502633,-1.8235736,0.41629058,0,point_14406_north_unknown_class_0_8.096353_-1.823574.png,0,True
point_13775,unknown,-0.909685,29.7405718,original,2.24,5.017600025960076,-0.909685,29.7405718,0.31419846,0,point_13775_unknown_class_0_-0.909685_29.740572.png,0,True
point_4475_north,unknown,-4.777395040671058,11.8483322,north,2.24,5.01760002595829,-4.777395040671058,11.8483322,27.682615,3,point_4475_north_unknown_class_3_-4.777395_11.848332.png,3,True
point_17122_east,unknown,-0.6455650599176532,30.69666413114788,east,2.24,5.017600025960055,-0.6455650599176532,30.69666413114788,0.99446326,1,point_17122_east_unknown_class_1_-0.645565_30.696664.png,1,True
point_1760_west,unknown,2.9229007183767672,11.129838700953089,west,2.24,5.017600025958909,2.9229007183767672,11.129838700953089,0.8104951,1,point_1760_west_unknown_class_1_2.922901_11.129839.png,1,True
point_9134_north,unknown,-0.4422781363985467,30.2584088,north,2.24,5.017600025960495,-0.4422781363985467,30.2584088,0.3425856,0,point_9134_north_unknown_class_0_-0.442278_30.258409.png,1,False
point_21809_north,unknown,12.69342977067291,-15.5519515,north,2.24,5.017600025942084,12.69342977067291,-15.5519515,1.1775562,1,point_21809_north_unknown_class_1_12.693430_-15.551951.png,2,False
point_4850_east,unknown,9.470417106818424,-5.614136044213406,east,2.24,5.017600025950993,9.470417106818424,-5.614136044213406,33.024323,3,point_4850_east_unknown_class_3_9.470417_-5.614136.png,3,True
point_2805_north,unknown,12.601526009963772,-7.9458853,north,2.24,5.017600025943494,12.601526009963772,-7.9458853,23.069374,3,point_2805_north_unknown_class_3_12.601526_-7.945885.png,3,True
point_21990_north,unknown,6.626519675736676,1.4055463,north,2.24,5.017600025955828,6.626519675736676,1.4055463,0.5750893,1,point_21990_north_unknown_class_1_6.626520_1.405546.png,1,True
point_3519_north,unknown,0.4465183644835849,33.464952,north,2.24,5.017600025958944,0.4465183644835849,33.464952,0.52123076,0,point_3519_north_unknown_class_0_0.446518_33.464952.png,1,False
point_14194_east,unknown,-0.3688570770987407,35.2916705765625,east,2.24,5.0176000259606885,-0.3688570770987407,35.2916705765625,6.7474146,2,point_14194_east_unknown_class_2_-0.368857_35.291671.png,2,True
point_5445_south,unknown,5.3809434193261145,-3.207016,south,2.24,5.017600025957248,5.3809434193261145,-3.207016,0.95410675,1,point_5445_south_unknown_class_1_5.380943_-3.207016.png,1,True
point_22202_north,unknown,-1.016782089054686,37.0299828,north,2.24,5.017600025958985,-1.016782089054686,37.0299828,1.6871626,1,point_22202_north_unknown_class_1_-1.016782_37.029983.png,1,True
point_3269_east,unknown,0.3449073785857433,32.68028512452055,east,2.24,5.017600025958979,0.3449073785857433,32.68028512452055,13.502444,3,point_3269_east_unknown_class_3_0.344907_32.680285.png,3,True
point_16117_east,unknown,11.853780253781697,3.4110466154366086,east,2.24,5.017600025944953,11.853780253781697,3.4110466154366086,0.7674457,1,point_16117_east_unknown_class_1_11.853780_3.411047.png,1,True
point_16538_north,unknown,1.69342950075514,31.7404144,north,2.24,5.01760002596004,1.69342950075514,31.7404144,1.2872826,1,point_16538_north_unknown_class_1_1.693430_31.740414.png,1,True
point_1259,unknown,6.6228188,-1.2169826,original,2.24,5.017600025956164,6.6228188,-1.2169826,12.293562,3,point_1259_unknown_class_3_6.622819_-1.216983.png,3,True
point_11932_south,unknown,6.552387480654184,0.3833269,south,2.24,5.017600025956032,6.552387480654184,0.3833269,0.9794063,1,point_11932_south_unknown_class_1_6.552387_0.383327.png,1,True
point_14581_north,unknown,3.395439666968299,30.9268892,north,2.24,5.017600025958405,3.395439666968299,30.9268892,0.31368953,0,point_14581_north_unknown_class_0_3.395440_30.926889.png,1,False
point_4156_north,unknown,8.508956833398054,-13.2248676,north,2.24,5.017600025952632,8.508956833398054,-13.2248676,1.6374869,1,point_4156_north_unknown_class_1_8.508957_-13.224868.png,1,True
point_16576_north,unknown,-5.804584411606906,13.4840786,north,2.24,5.017600025956413,-5.804584411606906,13.4840786,2.5998516,2,point_16576_north_unknown_class_2_-5.804584_13.484079.png,2,True
point_1588_north,unknown,12.421385780239248,-1.4721023,north,2.24,5.017600025944621,12.421385780239248,-1.4721023,13.007163,3,point_1588_north_unknown_class_3_12.421386_-1.472102.png,2,False
point_1906_south,unknown,9.529229510370344,-13.6752249,south,2.24,5.017600025951043,9.529229510370344,-13.6752249,15.189291,3,point_1906_south_unknown_class_3_9.529230_-13.675225.png,3,True
point_4131,unknown,9.7652487,1.1088954,original,2.24,5.017600025950505,9.7652487,1.1088954,1.4413424,1,point_4131_unknown_class_1_9.765249_1.108895.png,2,False
point_15176,unknown,5.7885352,-5.7341954,original,2.24,5.017600025956292,5.7885352,-5.7341954,1.4524055,1,point_15176_unknown_class_1_5.788535_-5.734195.png,1,True
point_16200,unknown,7.3917028,-7.547289,original,2.24,5.017600025954608,7.3917028,-7.547289,13.754502,3,point_16200_unknown_class_3_7.391703_-7.547289.png,3,True
point_57,unknown,5.423786499999999,-4.0153816,original,2.24,5.017600025956603,5.423786499999999,-4.0153816,27.732552,3,point_57_unknown_class_3_5.423786_-4.015382.png,2,False
point_4434_north,unknown,-4.291299968057273,15.3182349,north,2.24,5.017600025957704,-4.291299968057273,15.3182349,13.3688965,3,point_4434_north_unknown_class_3_-4.291300_15.318235.png,3,True
point_4217_east,unknown,7.8764345080014415,-11.165570371330562,east,2.24,5.017600025954516,7.8764345080014415,-11.165570371330562,1.0569866,1,point_4217_east_unknown_class_1_7.876435_-11.165570.png,1,True
point_1318_south,unknown,6.21908531866516,0.0922965,south,2.24,5.0176000259557565,6.21908531866516,0.0922965,5.4234924,2,point_1318_south_unknown_class_2_6.219085_0.092297.png,1,False
point_14065_east,unknown,0.1712904893651841,30.03531825168507,east,2.24,5.017600025960658,0.1712904893651841,30.03531825168507,0.35084203,0,point_14065_east_unknown_class_0_0.171290_30.035318.png,0,True
point_17517,unknown,2.5816913,34.594762,original,2.24,5.017600025960354,2.5816913,34.594762,0.3275214,0,point_17517_unknown_class_0_2.581691_34.594762.png,0,True
point_1222_south,unknown,10.037241014938814,-2.5072258,south,2.24,5.017600025951015,10.037241014938814,-2.5072258,14.443567,3,point_1222_south_unknown_class_3_10.037241_-2.507226.png,3,True
point_3088,unknown,5.5532605,5.7830406,original,2.24,5.017600025957266,5.5532605,5.7830406,6.7837925,2,point_3088_unknown_class_2_5.553261_5.783041.png,3,False
point_14247,unknown,0.6638635,34.7527792,original,2.24,5.017600025959239,0.6638635,34.7527792,1.3544065,1,point_14247_unknown_class_1_0.663864_34.752779.png,1,True
point_1791,unknown,4.0699974,9.3695028,original,2.24,5.017600025958056,4.0699974,9.3695028,1.4287204,1,point_1791_unknown_class_1_4.069997_9.369503.png,2,False
point_16120_south,unknown,-3.217428739527124,40.0869645,south,2.24,5.017600025959277,-3.217428739527124,40.0869645,1.650383,1,point_16120_south_unknown_class_1_-3.217429_40.086965.png,1,True
point_21422_north,unknown,4.992783141768169,-1.649341,north,2.24,5.017600025958081,4.992783141768169,-1.649341,7.2851686,2,point_21422_north_unknown_class_2_4.992783_-1.649341.png,2,True
point_15127_west,unknown,6.711024181498199,-1.742169061453578,west,2.24,5.017600025956411,6.711024181498199,-1.742169061453578,10.67242,2,point_15127_west_unknown_class_2_6.711024_-1.742169.png,3,False
point_4659,unknown,1.5269849,30.2554418,original,2.24,5.017600025959986,1.5269849,30.2554418,1.9024142,1,point_4659_unknown_class_1_1.526985_30.255442.png,1,True
point_2219_north,unknown,10.393946868116416,-12.0865731,north,2.24,5.017600025949775,10.393946868116416,-12.0865731,2.9087284,2,point_2219_north_unknown_class_2_10.393947_-12.086573.png,1,False
point_17089_east,unknown,-0.690290057140483,30.619130713052435,east,2.24,5.017600025959841,-0.690290057140483,30.619130713052435,0.3916072,0,point_17089_east_unknown_class_0_-0.690290_30.619131.png,1,False
point_15437_south,unknown,6.543434073441055,1.7305564,south,2.24,5.017600025956153,6.543434073441055,1.7305564,0.3903975,0,point_15437_south_unknown_class_0_6.543434_1.730556.png,1,False
point_22200_north,unknown,-1.0362397915539057,37.0540048,north,2.24,5.017600025960821,-1.0362397915539057,37.0540048,11.661003,3,point_22200_north_unknown_class_3_-1.036240_37.054005.png,2,False
point_17286,unknown,0.1167097,37.5748278,original,2.24,5.017600025959955,0.1167097,37.5748278,1.2793056,1,point_17286_unknown_class_1_0.116710_37.574828.png,2,False
point_1027_south,unknown,9.38374294278929,-0.8854043,south,2.24,5.017600025949754,9.38374294278929,-0.8854043,12.444469,3,point_1027_south_unknown_class_3_9.383743_-0.885404.png,3,True
point_1838,unknown,0.3667379,9.4661513,original,2.24,5.017600025960453,0.3667379,9.4661513,13.747536,3,point_1838_unknown_class_3_0.366738_9.466151.png,3,True
point_1759_north,unknown,2.939340645067307,11.1516224,north,2.24,5.01760002595949,2.939340645067307,11.1516224,2.475511,2,point_1759_north_unknown_class_2_2.939341_11.151622.png,1,False
point_463_north,unknown,5.396458883821071,-4.084776,north,2.24,5.017600025957691,5.396458883821071,-4.084776,21.246355,3,point_463_north_unknown_class_3_5.396459_-4.084776.png,3,True
point_10330,unknown,10.8098405,0.2458363,original,2.24,5.017600025948231,10.8098405,0.2458363,0.6132428,1,point_10330_unknown_class_1_10.809840_0.245836.png,1,True
point_20475_south,unknown,1.1085624012543198,33.7804339,south,2.24,5.01760002596012,1.1085624012543198,33.7804339,0.33148775,0,point_20475_south_unknown_class_0_1.108562_33.780434.png,0,True
point_22201_south,unknown,-1.0778636056477526,37.1360649,south,2.24,5.017600025959484,-1.0778636056477526,37.1360649,3.0806518,2,point_22201_south_unknown_class_2_-1.077864_37.136065.png,2,True
point_2997_north,unknown,7.395705815035766,3.8869162,north,2.24,5.017600025954831,7.395705815035766,3.8869162,9.914492,2,point_2997_north_unknown_class_2_7.395706_3.886916.png,3,False
point_8121,unknown,0.6223585,32.5344002,original,2.24,5.017600025960098,0.6223585,32.5344002,1.2613045,1,point_8121_unknown_class_1_0.622359_32.534400.png,1,True
point_7609_north,unknown,11.077426780813395,-0.2536898,north,2.24,5.017600025946755,11.077426780813395,-0.2536898,3.1437836,2,point_7609_north_unknown_class_2_11.077427_-0.253690.png,2,True
point_4382,unknown,8.5407055,39.2648444,original,2.24,5.017600025953783,8.5407055,39.2648444,13.720935,3,point_4382_unknown_class_3_8.540705_39.264844.png,3,True
point_2209_east,unknown,11.316922688459522,-12.258206682674148,east,2.24,5.0176000259473685,11.316922688459522,-12.258206682674148,1.4806876,1,point_2209_east_unknown_class_1_11.316923_-12.258207.png,1,True
point_15087_south,unknown,6.575960899691888,-1.6232945,south,2.24,5.017600025956639,6.575960899691888,-1.6232945,10.049998,2,point_15087_south_unknown_class_2_6.575961_-1.623295.png,1,False
point_14207,unknown,-2.0610036,30.0338507,original,2.24,5.017600025960093,-2.0610036,30.0338507,0.6520192,1,point_14207_unknown_class_1_-2.061004_30.033851.png,1,True
point_1213,unknown,6.5962567,0.4438654,original,2.24,5.017600025956081,6.5962567,0.4438654,10.720323,2,point_1213_unknown_class_2_6.596257_0.443865.png,2,True
point_14153_north,unknown,12.79893310960484,-8.1558198,north,2.24,5.01760002594539,12.79893310960484,-8.1558198,1.9263285,1,point_14153_north_unknown_class_1_12.798933_-8.155820.png,1,True
point_19988_north,unknown,-0.7858724629761478,30.2850553,north,2.24,5.017600025961006,-0.7858724629761478,30.2850553,0.59505534,1,point_19988_north_unknown_class_1_-0.785872_30.285055.png,1,True
point_1573_east,unknown,12.379545619692768,-1.4485127046360964,east,2.24,5.01760002594424,12.379545619692768,-1.4485127046360964,9.766772,2,point_1573_east_unknown_class_2_12.379546_-1.448513.png,3,False
point_12262_north,unknown,0.3986825669287722,33.2437698,north,2.24,5.017600025959749,0.3986825669287722,33.2437698,0.7920769,1,point_12262_north_unknown_class_1_0.398683_33.243770.png,1,True
point_13869_east,unknown,1.3784419144018474,34.522786148206265,east,2.24,5.017600025959542,1.3784419144018474,34.522786148206265,0.3778567,0,point_13869_east_unknown_class_0_1.378442_34.522786.png,1,False
point_20348_north,unknown,13.566099401140322,-2.3684791,north,2.24,5.017600025941776,13.566099401140322,-2.3684791,0.8817234,1,point_20348_north_unknown_class_1_13.566099_-2.368479.png,0,False
point_696_south,unknown,7.500102098721988,-5.070132399999999,south,2.24,5.017600025953792,7.500102098721988,-5.070132399999999,0.94313073,1,point_696_south_unknown_class_1_7.500102_-5.070132.png,1,True
point_12786_north,unknown,1.060707607899175,33.4950954,north,2.24,5.017600025960232,1.060707607899175,33.4950954,0.31177643,0,point_12786_north_unknown_class_0_1.060708_33.495095.png,0,True
point_8382_north,unknown,12.613705491558742,-1.8486643,north,2.24,5.017600025943265,12.613705491558742,-1.8486643,0.394095,0,point_8382_north_unknown_class_0_12.613705_-1.848664.png,0,True
point_12805_north,unknown,9.146268147981008,-12.9363106,north,2.24,5.017600025950525,9.146268147981008,-12.9363106,0.35065228,0,point_12805_north_unknown_class_0_9.146268_-12.936311.png,1,False
point_11283,unknown,5.5852969,-0.4012511,original,2.24,5.017600025956862,5.5852969,-0.4012511,15.025731,3,point_11283_unknown_class_3_5.585297_-0.401251.png,2,False
point_22101_north,unknown,9.485969063092975,-0.8713031,north,2.24,5.0176000259515945,9.485969063092975,-0.8713031,7.9458675,2,point_22101_north_unknown_class_2_9.485969_-0.871303.png,1,False
point_10873_west,unknown,-0.5343883668209026,37.4328278682465,west,2.24,5.017600025959622,-0.5343883668209026,37.4328278682465,1.186801,1,point_10873_west_unknown_class_1_-0.534388_37.432828.png,3,False
point_2480_north,unknown,-1.2695260251688465,36.8115114,north,2.24,5.01760002595977,-1.2695260251688465,36.8115114,37.01089,3,point_2480_north_unknown_class_3_-1.269526_36.811511.png,3,True
point_17235,unknown,-0.5717293,30.566675,original,2.24,5.017600025960885,-0.5717293,30.566675,0.40522373,0,point_17235_unknown_class_0_-0.571729_30.566675.png,0,True
point_7583_south,unknown,4.411059032536182,14.3643974,south,2.24,5.017600025958549,4.411059032536182,14.3643974,0.606688,1,point_7583_south_unknown_class_1_4.411059_14.364397.png,1,True
point_22622_east,unknown,6.378055702432274,1.62600214763141,east,2.24,5.017600025955537,6.378055702432274,1.62600214763141,0.48824537,0,point_22622_east_unknown_class_0_6.378056_1.626002.png,0,True
point_3475_north,unknown,-0.2975010295803171,31.7593676,north,2.24,5.017600025960018,-0.2975010295803171,31.7593676,5.624291,2,point_3475_north_unknown_class_2_-0.297501_31.759368.png,1,False
point_11638_east,unknown,2.828237024268317,32.267777538169305,east,2.24,5.017600025959571,2.828237024268317,32.267777538169305,0.48716336,0,point_11638_east_unknown_class_0_2.828237_32.267778.png,1,False
point_2273_west,unknown,-1.3144837183748783,36.76253977636661,west,2.24,5.017600025959739,-1.3144837183748783,36.76253977636661,10.274674,2,point_2273_west_unknown_class_2_-1.314484_36.762540.png,1,False
point_19222_south,unknown,7.291017008965999,13.5526034,south,2.24,5.017600025954907,7.291017008965999,13.5526034,1.5774182,1,point_19222_south_unknown_class_1_7.291017_13.552603.png,1,True
point_1416_north,unknown,9.344153225420582,2.6136267,north,2.24,5.017600025951152,9.344153225420582,2.6136267,7.6667843,2,point_1416_north_unknown_class_2_9.344153_2.613627.png,2,True
point_12229_east,unknown,6.488185995511228,-6.547133992883569,east,2.24,5.017600025955935,6.488185995511228,-6.547133992883569,1.0515013,1,point_12229_east_unknown_class_1_6.488186_-6.547134.png,1,True
point_13765_north,unknown,-0.97161208343366,29.704783,north,2.24,5.017600025959809,-0.97161208343366,29.704783,0.31050983,0,point_13765_north_unknown_class_0_-0.971612_29.704783.png,1,False
point_2971,unknown,13.3019728,-4.8951529,original,2.24,5.017600025940916,13.3019728,-4.8951529,15.446203,3,point_2971_unknown_class_3_13.301973_-4.895153.png,2,False
point_6158,unknown,6.2746219,0.060908,original,2.24,5.017600025956049,6.2746219,0.060908,5.547392,2,point_6158_unknown_class_2_6.274622_0.060908.png,1,False
point_3402_south,unknown,2.215006730366739,32.8816313,south,2.24,5.01760002596027,2.215006730366739,32.8816313,1.0126978,1,point_3402_south_unknown_class_1_2.215007_32.881631.png,1,True
point_8550_north,unknown,-4.224901033064941,15.2397186,north,2.24,5.017600025958059,-4.224901033064941,15.2397186,13.035053,3,point_8550_north_unknown_class_3_-4.224901_15.239719.png,2,False
point_1222_west,unknown,10.057492069331962,-2.5276600205283213,west,2.24,5.017600025948829,10.057492069331962,-2.5276600205283213,11.985898,3,point_1222_west_unknown_class_3_10.057492_-2.527660.png,3,True
point_3090,unknown,10.5077373,7.4335195,original,2.24,5.017600025949995,10.5077373,7.4335195,11.78919,3,point_3090_unknown_class_3_10.507737_7.433520.png,3,True
point_20396_north,unknown,1.6304962136312642,16.0520643,north,2.24,5.01760002596037,1.6304962136312642,16.0520643,4.5694327,2,point_20396_north_unknown_class_2_1.630496_16.052064.png,0,False
point_569_east,unknown,5.429440661934227,-4.043358557505514,east,2.24,5.017600025956623,5.429440661934227,-4.043358557505514,16.307478,3,point_569_east_unknown_class_3_5.429441_-4.043359.png,3,True
point_12817_north,unknown,0.2747583719444716,32.5143654,north,2.24,5.017600025960915,0.2747583719444716,32.5143654,8.500415,2,point_12817_north_unknown_class_2_0.274758_32.514365.png,1,False
point_11905_north,unknown,-0.5642828441609639,34.5010693,north,2.24,5.017600025960314,-0.5642828441609639,34.5010693,0.6513475,1,point_11905_north_unknown_class_1_-0.564283_34.501069.png,1,True
point_4_east,unknown,5.33638736776081,-4.080861329897142,east,2.24,5.017600025957818,5.33638736776081,-4.080861329897142,34.459194,3,point_4_east_unknown_class_3_5.336387_-4.080861.png,3,True
point_2632_north,unknown,0.5842677558584605,34.5608238,north,2.24,5.017600025960709,0.5842677558584605,34.5608238,5.1652794,2,point_2632_north_unknown_class_2_0.584268_34.560824.png,2,True
point_11493,unknown,16.4120515,-3.6640145,original,2.24,5.017600025933407,16.4120515,-3.6640145,1.5832977,1,point_11493_unknown_class_1_16.412052_-3.664014.png,0,False
point_22941_east,unknown,3.898863857574816,11.581417528687258,east,2.24,5.017600025958975,3.898863857574816,11.581417528687258,6.6205845,2,point_22941_east_unknown_class_2_3.898864_11.581418.png,2,True
point_4708_north,unknown,13.538806145251916,2.1258088,north,2.24,5.01760002594159,13.538806145251916,2.1258088,22.52193,3,point_4708_north_unknown_class_3_13.538806_2.125809.png,3,True
point_10938_north,unknown,10.05035609376265,-10.7610234,north,2.24,5.017600025949859,10.05035609376265,-10.7610234,0.35759994,0,point_10938_north_unknown_class_0_10.050356_-10.761023.png,1,False
point_15987_west,unknown,-1.5339351047418632,37.30273287242989,west,2.24,5.0176000259605225,-1.5339351047418632,37.30273287242989,1.8311294,1,point_15987_west_unknown_class_1_-1.533935_37.302733.png,1,True
point_18498_north,unknown,-1.249901822081544,36.770708,north,2.24,5.017600025961482,-1.249901822081544,36.770708,12.807058,3,point_18498_north_unknown_class_3_-1.249902_36.770708.png,1,False
point_11238,unknown,-0.38165,39.7129389,original,2.24,5.017600025960456,-0.38165,39.7129389,0.61960214,1,point_11238_unknown_class_1_-0.381650_39.712939.png,1,True
point_18344,unknown,-1.2849152,36.8979673,original,2.24,5.017600025961312,-1.2849152,36.8979673,47.579643,3,point_18344_unknown_class_3_-1.284915_36.897967.png,3,True
point_767_east,unknown,5.558055953878066,-0.1337360221685208,east,2.24,5.01760002595683,5.558055953878066,-0.1337360221685208,11.759006,3,point_767_east_unknown_class_3_5.558056_-0.133736.png,2,False
point_1121_east,unknown,5.683488146018027,-0.0155378948058735,east,2.24,5.017600025955821,5.683488146018027,-0.0155378948058735,37.68194,3,point_1121_east_unknown_class_3_5.683488_-0.015538.png,3,True
point_2996,unknown,7.3593327,3.8898038,original,2.24,5.017600025954952,7.3593327,3.8898038,6.87725,2,point_2996_unknown_class_2_7.359333_3.889804.png,2,True
point_19872_south,unknown,15.14600602720271,-9.5958167,south,2.24,5.0176000259360425,15.14600602720271,-9.5958167,0.37259036,0,point_19872_south_unknown_class_0_15.146006_-9.595817.png,0,True
point_3554_south,unknown,-1.937798446112719,30.0720782,south,2.24,5.017600025959785,-1.937798446112719,30.0720782,29.75647,3,point_3554_south_unknown_class_3_-1.937798_30.072078.png,3,True
point_2417_north,unknown,-1.267414024834295,36.7265531,north,2.24,5.017600025960613,-1.267414024834295,36.7265531,16.764801,3,point_2417_north_unknown_class_3_-1.267414_36.726553.png,3,True
point_17838,unknown,-1.3744732,36.7447695,original,2.24,5.0176000259607205,-1.3744732,36.7447695,4.521099,2,point_17838_unknown_class_2_-1.374473_36.744769.png,1,False
point_12207_north,unknown,0.3643675685081621,37.582625,north,2.24,5.017600025960258,0.3643675685081621,37.582625,5.6850863,2,point_12207_north_unknown_class_2_0.364368_37.582625.png,3,False
point_22824_north,unknown,7.83898790204452,-2.0366903,north,2.24,5.017600025954361,7.83898790204452,-2.0366903,0.39235494,0,point_22824_north_unknown_class_0_7.838988_-2.036690.png,0,True
point_1505_west,unknown,6.404731300756132,1.8619005034142784,west,2.24,5.017600025956076,6.404731300756132,1.8619005034142784,0.90314764,1,point_1505_west_unknown_class_1_6.404731_1.861901.png,1,True
point_12796_north,unknown,1.094421503440253,33.4545334,north,2.24,5.017600025959639,1.094421503440253,33.4545334,0.2988381,0,point_12796_north_unknown_class_0_1.094422_33.454533.png,0,True
point_7576,unknown,9.2550514,-0.8510737,original,2.24,5.017600025952835,9.2550514,-0.8510737,0.58386755,1,point_7576_unknown_class_1_9.255051_-0.851074.png,1,True
point_2630_south,unknown,-0.7752322400123952,36.4718172,south,2.24,5.017600025959945,-0.7752322400123952,36.4718172,1.9628273,1,point_2630_south_unknown_class_1_-0.775232_36.471817.png,1,True
point_21702_north,unknown,1.745274689779534,33.6504725,north,2.24,5.017600025959015,1.745274689779534,33.6504725,0.46841416,0,point_21702_north_unknown_class_0_1.745275_33.650472.png,0,True
point_1254_west,unknown,5.374502065374445,-0.659903222039745,west,2.24,5.017600025957353,5.374502065374445,-0.659903222039745,5.3097286,2,point_1254_west_unknown_class_2_5.374502_-0.659903.png,1,False
point_3848,unknown,12.8920579,-14.9406559,original,2.24,5.017600025942973,12.8920579,-14.9406559,4.740854,2,point_3848_unknown_class_2_12.892058_-14.940656.png,2,True
point_21704_north,unknown,1.734516292084424,33.6903756,north,2.24,5.017600025960696,1.734516292084424,33.6903756,0.37686706,0,point_21704_north_unknown_class_0_1.734516_33.690376.png,0,True
point_16200_north,unknown,7.411957300309951,-7.547289,north,2.24,5.017600025954444,7.411957300309951,-7.547289,17.303692,3,point_16200_north_unknown_class_3_7.411957_-7.547289.png,1,False
point_17482_south,unknown,14.423647061125394,-4.2611436,south,2.24,5.017600025939325,14.423647061125394,-4.2611436,0.33237636,0,point_17482_south_unknown_class_0_14.423647_-4.261144.png,0,True
point_17088,unknown,-0.7055663,30.5977458,original,2.24,5.017600025960203,-0.7055663,30.5977458,0.35970145,0,point_17088_unknown_class_0_-0.705566_30.597746.png,1,False
point_17769_east,unknown,-1.5203302055871168,29.571832600996043,east,2.24,5.017600025959828,-1.5203302055871168,29.571832600996043,0.61287,1,point_17769_east_unknown_class_1_-1.520330_29.571833.png,0,False
point_2552_east,unknown,-1.2468188225779546,36.911547795807806,east,2.24,5.017600025960696,-1.2468188225779546,36.911547795807806,41.470844,3,point_2552_east_unknown_class_3_-1.246819_36.911548.png,3,True
point_3864_east,unknown,14.713978966643928,-17.25266746289796,east,2.24,5.01760002593665,14.713978966643928,-17.25266746289796,21.086594,3,point_3864_east_unknown_class_3_14.713979_-17.252667.png,3,True
point_20077,unknown,9.564288,-7.5403455,original,2.24,5.017600025950545,9.564288,-7.5403455,0.613626,1,point_20077_unknown_class_1_9.564288_-7.540345.png,1,True
point_9119,unknown,-0.4771501,30.2329331,original,2.24,5.017600025960541,-0.4771501,30.2329331,0.36533234,0,point_9119_unknown_class_0_-0.477150_30.232933.png,0,True
point_13660_north,unknown,1.040949410446926,33.1799205,north,2.24,5.017600025960366,1.040949410446926,33.1799205,0.33225834,0,point_13660_north_unknown_class_0_1.040949_33.179921.png,0,True
point_21472_east,unknown,7.2016044506043295,38.620867998359785,east,2.24,5.017600025953924,7.2016044506043295,38.620867998359785,5.3594418,2,point_21472_east_unknown_class_2_7.201604_38.620868.png,2,True
point_20509,unknown,1.1813689,33.6261084,original,2.24,5.01760002595876,1.1813689,33.6261084,0.3091326,0,point_20509_unknown_class_0_1.181369_33.626108.png,0,True
point_17247_east,unknown,-0.5445947661871717,30.730258165281214,east,2.24,5.017600025960139,-0.5445947661871717,30.730258165281214,0.61208767,1,point_17247_east_unknown_class_1_-0.544595_30.730258.png,0,False
point_2974_north,unknown,11.432911298094808,-7.4873845,north,2.24,5.017600025946371,11.432911298094808,-7.4873845,7.1696,2,point_2974_north_unknown_class_2_11.432911_-7.487385.png,3,False
point_12199_north,unknown,5.191467617291983,7.7284867,north,2.24,5.017600025957467,5.191467617291983,7.7284867,1.1604793,1,point_12199_north_unknown_class_1_5.191468_7.728487.png,2,False
point_15182_north,unknown,5.887214943517816,-5.7316392,north,2.24,5.017600025956892,5.887214943517816,-5.7316392,0.46078858,0,point_15182_north_unknown_class_0_5.887215_-5.731639.png,0,True
point_3892,unknown,14.7695599,-17.2790591,original,2.24,5.017600025939809,14.7695599,-17.2790591,15.023177,3,point_3892_unknown_class_3_14.769560_-17.279059.png,2,False
point_1153,unknown,5.1135097,-1.2483685,original,2.24,5.017600025958527,5.1135097,-1.2483685,20.842718,3,point_1153_unknown_class_3_5.113510_-1.248368.png,1,False
point_3245_north,unknown,0.3567493688390056,32.5876425,north,2.24,5.017600025961241,0.3567493688390056,32.5876425,13.828036,3,point_3245_north_unknown_class_3_0.356749_32.587643.png,3,True
point_3498_east,unknown,0.6216543614023534,33.511598038896466,east,2.24,5.017600025959947,0.6216543614023534,33.511598038896466,1.5061988,1,point_3498_east_unknown_class_1_0.621654_33.511598.png,1,True
point_10418_west,unknown,16.277307762399783,-3.430339003043461,west,2.24,5.017600025935201,16.277307762399783,-3.430339003043461,0.3804542,0,point_10418_west_unknown_class_0_16.277308_-3.430339.png,0,True
point_6418_north,unknown,6.305269630577406,1.6399851,north,2.24,5.017600025956118,6.305269630577406,1.6399851,0.8856575,1,point_6418_north_unknown_class_1_6.305270_1.639985.png,1,True
point_6149_east,unknown,5.906396932041582,-0.9777731621886993,east,2.24,5.017600025956124,5.906396932041582,-0.9777731621886993,7.339426,2,point_6149_east_unknown_class_2_5.906397_-0.977773.png,1,False
point_15191,unknown,-1.576484,14.253189,original,2.24,5.01760002596038,-1.576484,14.253189,0.84126174,1,point_15191_unknown_class_1_-1.576484_14.253189.png,1,True
point_16317,unknown,13.74,-6.076,original,2.24,5.017600025940311,13.74,-6.076,0.45446092,0,point_16317_unknown_class_0_13.740000_-6.076000.png,1,False
point_3507_north,unknown,-0.8544804700349606,30.2669938,north,2.24,5.01760002596061,-0.8544804700349606,30.2669938,1.2690622,1,point_3507_north_unknown_class_1_-0.854480_30.266994.png,1,True
point_17447_north,unknown,-4.011420124222921,39.6297111,north,2.24,5.0176000259577735,-4.011420124222921,39.6297111,16.46306,3,point_17447_north_unknown_class_3_-4.011420_39.629711.png,3,True
point_21492_east,unknown,11.482068977805673,-9.126971831442646,east,2.24,5.017600025947502,11.482068977805673,-9.126971831442646,0.47811377,0,point_21492_east_unknown_class_0_11.482069_-9.126972.png,1,False
point_6681_north,unknown,5.680888890155507,0.0293784,north,2.24,5.017600025957898,5.680888890155507,0.0293784,29.288322,3,point_6681_north_unknown_class_3_5.680889_0.029378.png,3,True
point_1503,unknown,7.7796597,2.1829766,original,2.24,5.017600025951933,7.7796597,2.1829766,1.7324108,1,point_1503_unknown_class_1_7.779660_2.182977.png,1,True
point_2662,unknown,6.2900009,-10.7740666,original,2.24,5.017600025955503,6.2900009,-10.7740666,12.320257,3,point_2662_unknown_class_3_6.290001_-10.774067.png,3,True
point_15190,unknown,9.3918649,16.315638,original,2.24,5.01760002595007,9.3918649,16.315638,0.34894544,0,point_15190_unknown_class_0_9.391865_16.315638.png,1,False
point_19880,unknown,4.9615496,9.9375388,original,2.24,5.017600025958613,4.9615496,9.9375388,5.7528477,2,point_19880_unknown_class_2_4.961550_9.937539.png,1,False
point_1690_east,unknown,3.8813211586688094,11.559014411580437,east,2.24,5.017600025958672,3.8813211586688094,11.559014411580437,12.792641,3,point_1690_east_unknown_class_3_3.881321_11.559014.png,2,False
point_6482_east,unknown,2.9476645168353963,30.978260542589982,east,2.24,5.01760002595959,2.9476645168353963,30.978260542589982,0.6074823,1,point_6482_east_unknown_class_1_2.947665_30.978261.png,0,False
point_19115_east,unknown,6.000317326149531,10.466370373135316,east,2.24,5.017600025956432,6.000317326149531,10.466370373135316,0.27854317,0,point_19115_east_unknown_class_0_6.000317_10.466370.png,0,True
point_22004_east,unknown,14.87567205593162,5.309410149114157,east,2.24,5.017600025938414,14.87567205593162,5.309410149114157,2.770851,2,point_22004_east_unknown_class_2_14.875672_5.309410.png,1,False
point_16511_north,unknown,1.6244326148459918,31.6616185,north,2.24,5.017600025960117,1.6244326148459918,31.6616185,0.4382756,0,point_16511_north_unknown_class_0_1.624433_31.661618.png,0,True
point_942_west,unknown,5.658978147554168,-0.2927350518936765,west,2.24,5.017600025956909,5.658978147554168,-0.2927350518936765,34.193977,3,point_942_west_unknown_class_3_5.658978_-0.292735.png,3,True
point_2956_north,unknown,16.788898026667667,-3.0048741,north,2.24,5.0176000259311,16.788898026667667,-3.0048741,3.943113,2,point_2956_north_unknown_class_2_16.788898_-3.004874.png,1,False
point_19182_south,unknown,7.630092319333212,-8.5053212,south,2.24,5.017600025952524,7.630092319333212,-8.5053212,0.32784688,0,point_19182_south_unknown_class_0_7.630092_-8.505321.png,0,True
point_8371_north,unknown,11.458459062846496,-7.4146833,north,2.24,5.017600025945125,11.458459062846496,-7.4146833,0.3871283,0,point_8371_north_unknown_class_0_11.458459_-7.414683.png,0,True
point_1892_east,unknown,-0.7197714553098274,8.805914139620935,east,2.24,5.017600025960227,-0.7197714553098274,8.805914139620935,3.9373865,2,point_1892_east_unknown_class_2_-0.719771_8.805914.png,0,False
point_5706_east,unknown,9.018864735567178,7.443683076595837,east,2.24,5.017600025951677,9.018864735567178,7.443683076595837,14.449747,3,point_5706_east_unknown_class_3_9.018865_7.443683.png,3,True
point_11265_south,unknown,5.493263294692734,-0.3906829,south,2.24,5.017600025956492,5.493263294692734,-0.3906829,11.893633,3,point_11265_south_unknown_class_3_5.493263_-0.390683.png,1,False
point_1020_north,unknown,9.383906880155047,-0.8322349,north,2.24,5.017600025951684,9.383906880155047,-0.8322349,15.45013,3,point_1020_north_unknown_class_3_9.383907_-0.832235.png,2,False
point_16515_north,unknown,1.6431344110848165,31.7793864,north,2.24,5.017600025960054,1.6431344110848165,31.7793864,0.34957004,0,point_16515_north_unknown_class_0_1.643134_31.779386.png,0,True
point_14678_north,unknown,12.022801465277787,-1.3344754,north,2.24,5.017600025945149,12.022801465277787,-1.3344754,0.37295872,0,point_14678_north_unknown_class_0_12.022801_-1.334475.png,1,False
point_8141_east,unknown,0.6519145595233881,32.466824756230395,east,2.24,5.0176000259604105,0.6519145595233881,32.466824756230395,0.47829017,0,point_8141_east_unknown_class_0_0.651915_32.466825.png,1,False
point_22539_south,unknown,-3.504400620630668,29.0936151,south,2.24,5.01760002595871,-3.504400620630668,29.0936151,0.91587967,1,point_22539_south_unknown_class_1_-3.504401_29.093615.png,0,False
point_21386_west,unknown,7.92129730516459,1.9585867790463347,west,2.24,5.017600025953598,7.92129730516459,1.9585867790463347,0.75497526,1,point_21386_west_unknown_class_1_7.921297_1.958587.png,1,True
point_1418_south,unknown,9.31021175903544,2.6386427,south,2.24,5.017600025951587,9.31021175903544,2.6386427,2.1497047,1,point_1418_south_unknown_class_1_9.310212_2.638643.png,2,False
point_11177,unknown,16.2363228,-0.0884853,original,2.24,5.017600025934715,16.2363228,-0.0884853,0.38050118,0,point_11177_unknown_class_0_16.236323_-0.088485.png,0,True
point_22025_west,unknown,9.356255514093425,-0.9360690625287884,west,2.24,5.017600025951034,9.356255514093425,-0.9360690625287884,1.4187397,1,point_22025_west_unknown_class_1_9.356256_-0.936069.png,1,True
point_16576_east,unknown,-5.824839837156467,13.50430459944385,east,2.24,5.017600025956336,-5.824839837156467,13.50430459944385,3.0183403,2,point_16576_east_unknown_class_2_-5.824840_13.504305.png,1,False
point_1578_west,unknown,12.386725719226328,-1.5830219584855345,west,2.24,5.017600025944062,12.386725719226328,-1.5830219584855345,12.773262,3,point_1578_west_unknown_class_3_12.386726_-1.583022.png,2,False
point_21506_north,unknown,11.338650027502446,-5.75383,north,2.24,5.017600025946362,11.338650027502446,-5.75383,0.41356042,0,point_21506_north_unknown_class_0_11.338650_-5.753830.png,0,True
point_3822_north,unknown,14.816243193271736,-15.9052114,north,2.24,5.017600025937399,14.816243193271736,-15.9052114,19.227303,3,point_3822_north_unknown_class_3_14.816243_-15.905211.png,3,True
point_7528,unknown,5.9672959,10.1471373,original,2.24,5.017600025957314,5.9672959,10.1471373,4.20217,2,point_7528_unknown_class_2_5.967296_10.147137.png,3,False
point_6828_south,unknown,7.699554084611353,-0.8793105,south,2.24,5.01760002595281,7.699554084611353,-0.8793105,0.3701567,0,point_6828_south_unknown_class_0_7.699554_-0.879310.png,0,True
point_11911_west,unknown,-0.5341768668340349,34.43826616893456,west,2.24,5.017600025959775,-0.5341768668340349,34.43826616893456,0.63529724,1,point_11911_west_unknown_class_1_-0.534177_34.438266.png,1,True
point_16078_east,unknown,-1.810502387556756,37.66368894543411,east,2.24,5.017600025960096,-1.810502387556756,37.66368894543411,0.5740286,1,point_16078_east_unknown_class_1_-1.810502_37.663689.png,1,True
point_10769_north,unknown,4.112521235216645,9.801065,north,2.24,5.017600025958521,4.112521235216645,9.801065,2.6359534,2,point_10769_north_unknown_class_2_4.112521_9.801065.png,1,False
point_16667_south,unknown,0.46817103789177,33.3906314,south,2.24,5.0176000259596565,0.46817103789177,33.3906314,0.43868488,0,point_16667_south_unknown_class_0_0.468171_33.390631.png,0,True
point_2074_east,unknown,9.629758496656526,-13.555137160020848,east,2.24,5.017600025951201,9.629758496656526,-13.555137160020848,8.366587,2,point_2074_east_unknown_class_2_9.629758_-13.555137.png,2,True
point_10343_north,unknown,10.887010233423805,0.1414986,north,2.24,5.017600025948447,10.887010233423805,0.1414986,0.63036686,1,point_10343_north_unknown_class_1_10.887010_0.141499.png,0,False
point_15044,unknown,7.0378347,0.301665,original,2.24,5.0176000259552325,7.0378347,0.301665,2.2048562,1,point_15044_unknown_class_1_7.037835_0.301665.png,1,True
point_3527_east,unknown,-1.9828722768436824,30.123879137807336,east,2.24,5.017600025960521,-1.9828722768436824,30.123879137807336,15.631952,3,point_3527_east_unknown_class_3_-1.982872_30.123879.png,2,False
point_1632_east,unknown,3.837294961414174,11.505133573131442,east,2.24,5.01760002595883,3.837294961414174,11.505133573131442,16.714672,3,point_1632_east_unknown_class_3_3.837295_11.505134.png,3,True
point_14517_east,unknown,1.0179269367943429,35.03657301718744,east,2.24,5.017600025960935,1.0179269367943429,35.03657301718744,1.7297735,1,point_14517_east_unknown_class_1_1.017927_35.036573.png,1,True
point_17406_south,unknown,10.757003722866742,13.8181237,south,2.24,5.017600025946117,10.757003722866742,13.8181237,0.58994603,1,point_17406_south_unknown_class_1_10.757004_13.818124.png,0,False
point_10209_east,unknown,6.861262372043638,-6.422627257535633,east,2.24,5.017600025955749,6.861262372043638,-6.422627257535633,7.4535937,2,point_10209_east_unknown_class_2_6.861262_-6.422627.png,2,True
point_14051,unknown,0.087287,30.0461286,original,2.24,5.017600025959597,0.087287,30.0461286,0.41039371,0,point_14051_unknown_class_0_0.087287_30.046129.png,0,True
point_11515_west,unknown,6.546352191854651,-7.516485040380922,west,2.24,5.017600025955685,6.546352191854651,-7.516485040380922,3.7156112,2,point_11515_west_unknown_class_2_6.546352_-7.516485.png,1,False
point_4621,unknown,-5.8384785,13.4533972,original,2.24,5.01760002595671,-5.8384785,13.4533972,20.662176,3,point_4621_unknown_class_3_-5.838478_13.453397.png,3,True
point_1261_south,unknown,5.708929443705787,-0.3127303,south,2.24,5.017600025957035,5.708929443705787,-0.3127303,28.480227,3,point_1261_south_unknown_class_3_5.708929_-0.312730.png,3,True
point_2988,unknown,6.5969362,3.3542673,original,2.24,5.017600025954823,6.5969362,3.3542673,27.29573,3,point_2988_unknown_class_3_6.596936_3.354267.png,3,True
point_3777_north,unknown,14.816929792067452,-16.9256482,north,2.24,5.01760002593816,14.816929792067452,-16.9256482,11.789621,3,point_3777_north_unknown_class_3_14.816930_-16.925648.png,2,False
point_3416_north,unknown,1.7354327918886296,33.616799,north,2.24,5.017600025960053,1.7354327918886296,33.616799,1.2675173,1,point_3416_north_unknown_class_1_1.735433_33.616799.png,2,False
point_13973,unknown,9.479573,1.1350416,original,2.24,5.01760002595147,9.479573,1.1350416,0.50783867,0,point_13973_unknown_class_0_9.479573_1.135042.png,1,False
point_2272_east,unknown,-1.3149999183428136,36.806115627767326,east,2.24,5.017600025958815,-1.3149999183428136,36.806115627767326,25.9901,3,point_2272_east_unknown_class_3_-1.315000_36.806116.png,3,True
point_15275_north,unknown,-10.94027726361225,26.7325833,north,2.24,5.017600025948186,-10.94027726361225,26.7325833,0.7100016,1,point_15275_north_unknown_class_1_-10.940277_26.732583.png,1,True
point_3760_north,unknown,14.790178038952162,-17.4138464,north,2.24,5.017600025937507,14.790178038952162,-17.4138464,1.9492761,1,point_3760_north_unknown_class_1_14.790178_-17.413846.png,1,True
point_19992,unknown,-2.3623889,28.9327778,original,2.24,5.017600025959891,-2.3623889,28.9327778,0.31603432,0,point_19992_unknown_class_0_-2.362389_28.932778.png,1,False
point_2836_east,unknown,12.60253390519524,-7.903515151341955,east,2.24,5.0176000259446365,12.60253390519524,-7.903515151341955,13.829154,3,point_2836_east_unknown_class_3_12.602534_-7.903515.png,3,True
point_8075_north,unknown,-5.830218729992265,13.0625759,north,2.24,5.017600025956692,-5.830218729992265,13.0625759,9.434818,2,point_8075_north_unknown_class_2_-5.830219_13.062576.png,2,True
point_3975_north,unknown,6.121026771103735,1.148001,north,2.24,5.017600025956365,6.121026771103735,1.148001,3.378214,2,point_3975_north_unknown_class_2_6.121027_1.148001.png,1,False
point_2667_west,unknown,6.313112406512238,-10.821582612572934,west,2.24,5.017600025956409,6.313112406512238,-10.821582612572934,3.9849687,2,point_2667_west_unknown_class_2_6.313112_-10.821583.png,2,True
point_2917_east,unknown,13.420482451804345,-6.264301462887977,east,2.24,5.017600025943813,13.420482451804345,-6.264301462887977,7.6188445,2,point_2917_east_unknown_class_2_13.420482_-6.264301.png,2,True
point_10429_north,unknown,5.805579902154433,-5.3351808,north,2.24,5.017600025957209,5.805579902154433,-5.3351808,1.4674312,1,point_10429_north_unknown_class_1_5.805580_-5.335181.png,1,True
point_1264_west,unknown,10.890393815921296,-1.1082033540939429,west,2.24,5.017600025947737,10.890393815921296,-1.1082033540939429,2.6994152,2,point_1264_west_unknown_class_2_10.890394_-1.108203.png,1,False
point_15093,unknown,6.66791,-1.6703904,original,2.24,5.017600025955226,6.66791,-1.6703904,22.887432,3,point_15093_unknown_class_3_6.667910_-1.670390.png,2,False
point_2194_east,unknown,10.370086249318827,-9.284990512926534,east,2.24,5.017600025950659,10.370086249318827,-9.284990512926534,2.8072958,2,point_2194_east_unknown_class_2_10.370086_-9.284991.png,1,False
point_2651,unknown,-1.2522784,36.9496534,original,2.24,5.017600025961111,-1.2522784,36.9496534,29.842701,3,point_2651_unknown_class_3_-1.252278_36.949653.png,3,True
point_1320,unknown,6.3561527,2.418456,original,2.24,5.017600025955423,6.3561527,2.418456,41.1288,3,point_1320_unknown_class_3_6.356153_2.418456.png,3,True
point_4528,unknown,-4.4173353,15.3166503,original,2.24,5.0176000259584415,-4.4173353,15.3166503,11.766433,3,point_4528_unknown_class_3_-4.417335_15.316650.png,3,True
point_3476_north,unknown,-1.2388602203654269,29.9921018,north,2.24,5.017600025960271,-1.2388602203654269,29.9921018,1.2350602,1,point_3476_north_unknown_class_1_-1.238860_29.992102.png,1,True
point_1898_east,unknown,-0.7015977564383311,10.253179960972403,east,2.24,5.0176000259601405,-0.7015977564383311,10.253179960972403,2.4681559,2,point_1898_east_unknown_class_2_-0.701598_10.253180.png,2,True
point_22819,unknown,7.7209305,-2.0558427,original,2.24,5.017600025954385,7.7209305,-2.0558427,0.9639731,1,point_22819_unknown_class_1_7.720930_-2.055843.png,1,True
point_6822,unknown,7.5830961,1.2094391,original,2.24,5.017600025954915,7.5830961,1.2094391,0.3376015,0,point_6822_unknown_class_0_7.583096_1.209439.png,1,False
point_22494_north,unknown,6.457745711175556,1.1798662,north,2.24,5.0176000259562725,6.457745711175556,1.1798662,0.55598515,0,point_22494_north_unknown_class_0_6.457746_1.179866.png,1,False
point_20425,unknown,1.618219,11.6086382,original,2.24,5.017600025960153,1.618219,11.6086382,0.88788676,1,point_20425_unknown_class_1_1.618219_11.608638.png,2,False
point_6834_north,unknown,6.652619254485235,1.7124371,north,2.24,5.017600025954342,6.652619254485235,1.7124371,1.7213398,1,point_6834_north_unknown_class_1_6.652619_1.712437.png,2,False
point_15990_west,unknown,-1.5229876054220175,37.24458207436939,west,2.24,5.017600025961243,-1.5229876054220175,37.24458207436939,4.230455,2,point_15990_west_unknown_class_2_-1.522988_37.244582.png,2,True
point_4581_east,unknown,-4.378212127664126,15.350847760247436,east,2.24,5.017600025958575,-4.378212127664126,15.350847760247436,26.467205,3,point_4581_east_unknown_class_3_-4.378212_15.350848.png,3,True
point_12238_west,unknown,7.683207620213235,36.81442636689682,west,2.24,5.017600025955927,7.683207620213235,36.81442636689682,1.3839868,1,point_12238_west_unknown_class_1_7.683208_36.814426.png,2,False
point_4452_east,unknown,-4.268028334542559,15.285300846172198,east,2.24,5.017600025959011,-4.268028334542559,15.285300846172198,31.130316,3,point_4452_east_unknown_class_3_-4.268028_15.285301.png,3,True
point_1225,unknown,10.7836187,-0.8495675,original,2.24,5.01760002594761,10.7836187,-0.8495675,19.829607,3,point_1225_unknown_class_3_10.783619_-0.849568.png,2,False
point_17584_west,unknown,0.3461917785059969,32.70466317277712,west,2.24,5.017600025958869,0.3461917785059969,32.70466317277712,12.389041,3,point_17584_west_unknown_class_3_0.346192_32.704663.png,2,False
point_1249_west,unknown,7.5851611264056,-1.9612939073505744,west,2.24,5.017600025953303,7.5851611264056,-1.9612939073505744,6.203005,2,point_1249_west_unknown_class_2_7.585161_-1.961294.png,3,False
point_12675_south,unknown,10.428231300702445,7.4364298,south,2.24,5.017600025949863,10.428231300702445,7.4364298,3.5200229,2,point_12675_south_unknown_class_2_10.428231_7.436430.png,2,True
point_429_north,unknown,5.411250273992359,-3.9758838,north,2.24,5.01760002595709,5.411250273992359,-3.9758838,43.270145,3,point_429_north_unknown_class_3_5.411250_-3.975884.png,3,True
point_19121_north,unknown,8.430811714136105,20.64147,north,2.24,5.017600025954606,8.430811714136105,20.64147,2.1165016,1,point_19121_north_unknown_class_1_8.430812_20.641470.png,1,True
point_8076_west,unknown,-5.828305236939162,13.035746076549168,west,2.24,5.017600025956243,-5.828305236939162,13.035746076549168,2.912552,2,point_8076_west_unknown_class_2_-5.828305_13.035746.png,0,False
point_14671,unknown,-10.7745,25.54625,original,2.24,5.017600025948193,-10.7745,25.54625,4.590026,2,point_14671_unknown_class_2_-10.774500_25.546250.png,3,False
point_2663,unknown,6.3266086,-10.7989349,original,2.24,5.017600025956053,6.3266086,-10.7989349,7.18194,2,point_2663_unknown_class_2_6.326609_-10.798935.png,3,False
point_57_south,unknown,5.4035304343586725,-4.0153816,south,2.24,5.017600025957683,5.4035304343586725,-4.0153816,23.713472,3,point_57_south_unknown_class_3_5.403530_-4.015382.png,2,False
point_1612_north,unknown,10.660507028473676,-4.7459128,north,2.24,5.017600025948547,10.660507028473676,-4.7459128,3.3894796,2,point_1612_north_unknown_class_2_10.660507_-4.745913.png,2,True
point_4849_south,unknown,9.275089919254755,-5.5884851,south,2.24,5.017600025952312,9.275089919254755,-5.5884851,3.0910583,2,point_4849_south_unknown_class_2_9.275090_-5.588485.png,2,True
point_6428_north,unknown,1.9821724353981585,32.4451577,north,2.24,5.017600025960154,1.9821724353981585,32.4451577,0.3386108,0,point_6428_north_unknown_class_0_1.982172_32.445158.png,0,True
point_3879_north,unknown,14.782387452591324,-17.3464152,north,2.24,5.0176000259393305,14.782387452591324,-17.3464152,12.776553,3,point_3879_north_unknown_class_3_14.782387_-17.346415.png,3,True
point_3567_north,unknown,14.700023396387852,-17.4617456,north,2.24,5.017600025937666,14.700023396387852,-17.4617456,37.056015,3,point_3567_north_unknown_class_3_14.700023_-17.461746.png,3,True
point_1228_north,unknown,10.811766032094868,-0.791633,north,2.24,5.017600025948497,10.811766032094868,-0.791633,2.3482904,2,point_1228_north_unknown_class_2_10.811766_-0.791633.png,0,False
point_13712_south,unknown,-5.932032310982703,22.3985894,south,2.24,5.01760002595647,-5.932032310982703,22.3985894,0.28616586,0,point_13712_south_unknown_class_0_-5.932032_22.398589.png,1,False
point_11992_north,unknown,0.5623197573901916,33.4401212,north,2.24,5.017600025959979,0.5623197573901916,33.4401212,0.54459554,0,point_11992_north_unknown_class_0_0.562320_33.440121.png,0,True
point_21493,unknown,11.2321231,-5.7267403,original,2.24,5.017600025945502,11.2321231,-5.7267403,0.37575257,0,point_21493_unknown_class_0_11.232123_-5.726740.png,0,True
point_1636_east,unknown,3.824583562206775,11.556607375527324,east,2.24,5.017600025958791,3.824583562206775,11.556607375527324,9.189114,2,point_1636_east_unknown_class_2_3.824584_11.556607.png,2,True
point_12200,unknown,0.2766929,37.5454542,original,2.24,5.017600025960494,0.2766929,37.5454542,0.6721988,1,point_12200_unknown_class_1_0.276693_37.545454.png,1,True
point_7620,unknown,7.1658151,-2.0976722,original,2.24,5.017600025955415,7.1658151,-2.0976722,5.628581,2,point_7620_unknown_class_2_7.165815_-2.097672.png,2,True
point_11431_north,unknown,-1.586955581729246,29.1263867,north,2.24,5.017600025959767,-1.586955581729246,29.1263867,0.3682748,0,point_11431_north_unknown_class_0_-1.586956_29.126387.png,1,False
point_13564_north,unknown,0.8829771290781627,33.0276628,north,2.24,5.017600025958902,0.8829771290781627,33.0276628,0.34486458,0,point_13564_north_unknown_class_0_0.882977_33.027663.png,0,True
point_9950_south,unknown,9.671394676519768,-13.3823952,south,2.24,5.017600025951287,9.671394676519768,-13.3823952,2.2468596,2,point_9950_south_unknown_class_2_9.671395_-13.382395.png,1,False
point_17542_south,unknown,0.2391997275682406,32.795597,south,2.24,5.017600025960758,0.2391997275682406,32.795597,0.6399037,1,point_17542_south_unknown_class_1_0.239200_32.795597.png,0,False
point_1166_east,unknown,5.13447238039802,-1.2574036113932756,east,2.24,5.017600025958206,5.13447238039802,-1.2574036113932756,15.667011,3,point_1166_east_unknown_class_3_5.134472_-1.257404.png,3,True
point_8688_east,unknown,4.166278140892822,9.328883421712428,east,2.24,5.017600025958836,4.166278140892822,9.328883421712428,0.86415213,1,point_8688_east_unknown_class_1_4.166278_9.328883.png,1,True
point_6836_south,unknown,7.4692907704301215,0.6740425,south,2.24,5.017600025954756,7.4692907704301215,0.6740425,0.41437522,0,point_6836_south_unknown_class_0_7.469291_0.674042.png,0,True
point_19006,unknown,1.3599277,32.5309375,original,2.24,5.017600025960878,1.3599277,32.5309375,0.32583168,0,point_19006_unknown_class_0_1.359928_32.530938.png,0,True
point_1216_north,unknown,6.635995468030562,0.4680192,north,2.24,5.017600025955979,6.635995468030562,0.4680192,3.815624,2,point_1216_north_unknown_class_2_6.635995_0.468019.png,0,False
point_2833_east,unknown,12.60335750514165,-7.924192785508191,east,2.24,5.017600025943354,12.60335750514165,-7.924192785508191,21.145697,3,point_2833_east_unknown_class_3_12.603358_-7.924193.png,3,True
point_4800,unknown,13.3173744,12.613447,original,2.24,5.017600025941974,13.3173744,12.613447,9.274845,2,point_4800_unknown_class_2_13.317374_12.613447.png,1,False
point_1060,unknown,4.9350361,-1.7138103,original,2.24,5.017600025957352,4.9350361,-1.7138103,13.665862,3,point_1060_unknown_class_3_4.935036_-1.713810.png,3,True
point_12198_west,unknown,6.849599572777787,3.890934050219446,west,2.24,5.017600025955383,6.849599572777787,3.890934050219446,1.6576239,1,point_12198_west_unknown_class_1_6.849600_3.890934.png,1,True
point_4690_east,unknown,13.51498974561324,2.136142757309081,east,2.24,5.017600025941542,13.51498974561324,2.136142757309081,29.684128,3,point_4690_east_unknown_class_3_13.514990_2.136143.png,3,True
point_21426_south,unknown,6.733894928966849,3.5506,south,2.24,5.017600025954752,6.733894928966849,3.5506,2.8247497,2,point_21426_south_unknown_class_2_6.733895_3.550600.png,1,False
point_3906_north,unknown,14.971517219632071,-16.8208888,north,2.24,5.01760002593651,14.971517219632071,-16.8208888,3.7388659,2,point_3906_north_unknown_class_2_14.971517_-16.820889.png,1,False
point_7561_south,unknown,10.612520735804036,-4.7513,south,2.24,5.01760002594658,10.612520735804036,-4.7513,0.7947319,1,point_7561_south_unknown_class_1_10.612521_-4.751300.png,1,True
point_20396,unknown,1.6102385,16.0520643,original,2.24,5.017600025960848,1.6102385,16.0520643,8.415208,2,point_20396_unknown_class_2_1.610238_16.052064.png,1,False
point_4911_north,unknown,6.83835020088348,-5.2580842,north,2.24,5.017600025954874,6.83835020088348,-5.2580842,23.556961,3,point_4911_north_unknown_class_3_6.838350_-5.258084.png,3,True
point_11618_north,unknown,2.8142137894461854,32.2936346,north,2.24,5.017600025961189,2.8142137894461854,32.2936346,0.67675346,1,point_11618_north_unknown_class_1_2.814214_32.293635.png,1,True
point_3506,unknown,-0.8786351,30.264719,original,2.24,5.017600025959904,-0.8786351,30.264719,2.4829361,2,point_3506_unknown_class_2_-0.878635_30.264719.png,1,False
point_17783,unknown,-1.428403,29.5973934,original,2.24,5.01760002596031,-1.428403,29.5973934,0.7206399,1,point_17783_unknown_class_1_-1.428403_29.597393.png,1,True
point_7563_south,unknown,10.634952864689057,-4.8316694,south,2.24,5.017600025948963,10.634952864689057,-4.8316694,0.3518609,0,point_7563_south_unknown_class_0_10.634953_-4.831669.png,1,False
point_16331_east,unknown,-0.4271955734765538,31.77069911794612,east,2.24,5.017600025960611,-0.4271955734765538,31.77069911794612,0.35718024,0,point_16331_east_unknown_class_0_-0.427196_31.770699.png,0,True
point_21659_west,unknown,1.710308593783056,33.574582729325535,west,2.24,5.017600025959299,1.710308593783056,33.574582729325535,0.42691123,0,point_21659_west_unknown_class_0_1.710309_33.574583.png,0,True
point_10774_north,unknown,14.934074385854728,-2.96142,north,2.24,5.017600025937402,14.934074385854728,-2.96142,0.3384278,0,point_10774_north_unknown_class_0_14.934074_-2.961420.png,0,True
point_17259,unknown,-6.115636,23.5570415,original,2.24,5.017600025956572,-6.115636,23.5570415,0.4056676,0,point_17259_unknown_class_0_-6.115636_23.557042.png,1,False
point_18986_north,unknown,1.3291559684932868,32.402145,north,2.24,5.017600025960606,1.3291559684932868,32.402145,0.3376894,0,point_18986_north_unknown_class_0_1.329156_32.402145.png,0,True
point_1305_north,unknown,5.317248736002042,-2.0001702,north,2.24,5.017600025957392,5.317248736002042,-2.0001702,12.665625,3,point_1305_north_unknown_class_3_5.317249_-2.000170.png,2,False
point_9124_north,unknown,-0.4514954369205785,30.1276379,north,2.24,5.01760002595985,-0.4514954369205785,30.1276379,0.524675,0,point_9124_north_unknown_class_0_-0.451495_30.127638.png,1,False
point_7584_north,unknown,10.279570511329371,9.7736349,north,2.24,5.0176000259502,10.279570511329371,9.7736349,1.3158562,1,point_7584_north_unknown_class_1_10.279571_9.773635.png,1,True
point_21444_north,unknown,6.871592872952948,3.6301685,north,2.24,5.017600025955419,6.871592872952948,3.6301685,2.486744,2,point_21444_north_unknown_class_2_6.871593_3.630168.png,1,False
point_3896_north,unknown,14.807510208584857,-17.3466356,north,2.24,5.017600025938203,14.807510208584857,-17.3466356,3.4018667,2,point_3896_north_unknown_class_2_14.807510_-17.346636.png,2,True
point_20818_north,unknown,4.876008512680016,6.9723644,north,2.24,5.017600025958338,4.876008512680016,6.9723644,8.323345,2,point_20818_north_unknown_class_2_4.876009_6.972364.png,1,False
point_20023_east,unknown,-0.4970469691394708,36.943597014494415,east,2.24,5.01760002596092,-0.4970469691394708,36.943597014494415,1.4681184,1,point_20023_east_unknown_class_1_-0.497047_36.943597.png,1,True
point_1233_west,unknown,6.095385120183512,-0.2766439066462425,west,2.24,5.017600025956727,6.095385120183512,-0.2766439066462425,16.627687,3,point_1233_west_unknown_class_3_6.095385_-0.276644.png,2,False
point_10784,unknown,15.0215818,-2.8960688,original,2.24,5.0176000259367735,15.0215818,-2.8960688,0.34512383,0,point_10784_unknown_class_0_15.021582_-2.896069.png,0,True
point_17500,unknown,2.4751976,34.7232815,original,2.24,5.017600025957799,2.4751976,34.7232815,0.32717007,0,point_17500_unknown_class_0_2.475198_34.723281.png,0,True
point_6145,unknown,5.8396901,-0.9963169,original,2.24,5.017600025956678,5.8396901,-0.9963169,4.886161,2,point_6145_unknown_class_2_5.839690_-0.996317.png,2,True
point_568_south,unknown,5.423120847447156,-4.070874799999999,south,2.24,5.017600025957263,5.423120847447156,-4.070874799999999,10.233521,2,point_568_south_unknown_class_2_5.423121_-4.070875.png,2,True
point_7815_south,unknown,0.4844299388718701,29.4000549,south,2.24,5.017600025959745,0.4844299388718701,29.4000549,0.47505483,0,point_7815_south_unknown_class_0_0.484430_29.400055.png,1,False
point_12344_north,unknown,0.4670229633486443,33.2167661,north,2.24,5.017600025960307,0.4670229633486443,33.2167661,4.0566287,2,point_12344_north_unknown_class_2_0.467023_33.216766.png,2,True
point_8960_north,unknown,0.8675843307283143,33.5818577,north,2.24,5.017600025958723,0.8675843307283143,33.5818577,0.34102288,0,point_8960_north_unknown_class_0_0.867584_33.581858.png,0,True
point_3440,unknown,2.9919691,30.9137563,original,2.24,5.017600025958968,2.9919691,30.9137563,2.5617385,2,point_3440_unknown_class_2_2.991969_30.913756.png,1,False
point_2624_north,unknown,-0.4693122379594939,39.6256945,north,2.24,5.01760002596106,-0.4693122379594939,39.6256945,1.9277852,1,point_2624_north_unknown_class_1_-0.469312_39.625695.png,1,True
point_6829_north,unknown,6.528189655063293,1.6450105,north,2.24,5.017600025955118,6.528189655063293,1.6450105,0.39169556,0,point_6829_north_unknown_class_0_6.528190_1.645010.png,1,False
point_2533,unknown,-1.2598489,36.890421,original,2.24,5.017600025959974,-1.2598489,36.890421,44.71364,3,point_2533_unknown_class_3_-1.259849_36.890421.png,3,True
point_5711_west,unknown,9.077920031811342,7.381945101013329,west,2.24,5.0176000259513005,9.077920031811342,7.381945101013329,10.727789,2,point_5711_west_unknown_class_2_9.077920_7.381945.png,2,True
point_22201,unknown,-1.0576058,37.1360649,original,2.24,5.017600025959977,-1.0576058,37.1360649,6.1864457,2,point_22201_unknown_class_2_-1.057606_37.136065.png,3,False
point_3014_south,unknown,4.804870356942757,7.0505573,south,2.24,5.017600025958195,4.804870356942757,7.0505573,14.297914,3,point_3014_south_unknown_class_3_4.804870_7.050557.png,3,True
point_220_north,unknown,5.3531194124663015,-3.9421422,north,2.24,5.01760002595766,5.3531194124663015,-3.9421422,34.22118,3,point_220_north_unknown_class_3_5.353119_-3.942142.png,3,True
point_22326_north,unknown,13.803647813748874,-2.0762993,north,2.24,5.017600025941224,13.803647813748874,-2.0762993,0.35435852,0,point_22326_north_unknown_class_0_13.803648_-2.076299.png,1,False
point_20295_south,unknown,13.458568158078736,-2.5156224,south,2.24,5.0176000259427775,13.458568158078736,-2.5156224,0.3511573,0,point_20295_south_unknown_class_0_13.458568_-2.515622.png,0,True
point_12173,unknown,6.8094,3.9189,original,2.24,5.017600025955074,6.8094,3.9189,2.3001153,2,point_12173_unknown_class_2_6.809400_3.918900.png,2,True
point_20824,unknown,8.7699768,-12.7762999,original,2.24,5.017600025951128,8.7699768,-12.7762999,0.6789291,1,point_20824_unknown_class_1_8.769977_-12.776300.png,0,False
point_2655_north,unknown,-1.16324950901941,36.9018753,north,2.24,5.01760002596038,-1.16324950901941,36.9018753,6.1054583,2,point_2655_north_unknown_class_2_-1.163250_36.901875.png,1,False
point_1422_north,unknown,9.372462093205677,2.6161985,north,2.24,5.017600025949916,9.372462093205677,2.6161985,5.091652,2,point_1422_north_unknown_class_2_9.372462_2.616198.png,2,True
point_3850,unknown,12.5584367,-12.1878792,original,2.24,5.017600025943354,12.5584367,-12.1878792,4.18758,2,point_3850_unknown_class_2_12.558437_-12.187879.png,2,True
point_1134_north,unknown,5.793056911077859,-0.0012935,north,2.24,5.017600025956454,5.793056911077859,-0.0012935,20.55928,3,point_1134_north_unknown_class_3_5.793057_-0.001293.png,3,True
point_4598_north,unknown,-4.394874823719863,15.3040815,north,2.24,5.017600025957736,-4.394874823719863,15.3040815,14.394479,3,point_4598_north_unknown_class_3_-4.394875_15.304082.png,3,True
point_11549_north,unknown,2.795449995934683,32.2225791,north,2.24,5.017600025958886,2.795449995934683,32.2225791,0.4579954,0,point_11549_north_unknown_class_0_2.795450_32.222579.png,0,True
point_693_north,unknown,7.68838124499432,-5.013582599999999,north,2.24,5.01760002595371,7.68838124499432,-5.013582599999999,25.109364,3,point_693_north_unknown_class_3_7.688381_-5.013583.png,3,True
point_14533_north,unknown,3.305590304079276,32.8739386,north,2.24,5.017600025959305,3.305590304079276,32.8739386,1.3547847,1,point_14533_north_unknown_class_1_3.305590_32.873939.png,1,True
point_17839_north,unknown,-1.3390966364979,36.7246035,north,2.24,5.017600025960475,-1.3390966364979,36.7246035,8.489571,2,point_17839_north_unknown_class_2_-1.339097_36.724604.png,2,True
point_21471_north,unknown,5.052011105165532,-1.6628839,north,2.24,5.017600025957451,5.052011105165532,-1.6628839,3.3802042,2,point_21471_north_unknown_class_2_5.052011_-1.662884.png,1,False
point_92_south,unknown,5.239965626903662,-3.9647039,south,2.24,5.0176000259573055,5.239965626903662,-3.9647039,6.207037,2,point_92_south_unknown_class_2_5.239966_-3.964704.png,1,False
point_1801_north,unknown,12.121770321685297,15.1093613,north,2.24,5.017600025947152,12.121770321685297,15.1093613,15.603071,3,point_1801_north_unknown_class_3_12.121770_15.109361.png,2,False
point_21980_south,unknown,13.42887211037381,-6.1418434,south,2.24,5.017600025942266,13.42887211037381,-6.1418434,0.50582445,0,point_21980_south_unknown_class_0_13.428872_-6.141843.png,0,True
point_1008,unknown,6.700006,-1.7110899,original,2.24,5.017600025955413,6.700006,-1.7110899,22.801058,3,point_1008_unknown_class_3_6.700006_-1.711090.png,3,True
point_2957_west,unknown,16.768083329349622,-3.028261793199277,west,2.24,5.017600025931533,16.768083329349622,-3.028261793199277,0.94932246,1,point_2957_west_unknown_class_1_16.768083_-3.028262.png,0,False
point_22646_north,unknown,1.6992661995361236,40.1319631,north,2.24,5.017600025960972,1.6992661995361236,40.1319631,0.3703525,0,point_22646_north_unknown_class_0_1.699266_40.131963.png,0,True
point_981_east,unknown,5.683315146028871,-0.1120220008418974,east,2.24,5.01760002595705,5.683315146028871,-0.1120220008418974,39.089005,3,point_981_east_unknown_class_3_5.683315_-0.112022.png,3,True
point_1618,unknown,11.4857152,-3.523925,original,2.24,5.017600025945967,11.4857152,-3.523925,2.9779665,2,point_1618_unknown_class_2_11.485715_-3.523925.png,2,True
point_1253_north,unknown,5.366001703975636,-0.6265315,north,2.24,5.017600025957456,5.366001703975636,-0.6265315,10.642405,2,point_1253_north_unknown_class_2_5.366002_-0.626532.png,2,True
point_1843_north,unknown,0.4073685665058461,9.4719218,north,2.24,5.01760002596041,0.4073685665058461,9.4719218,12.818155,3,point_1843_north_unknown_class_3_0.407369_9.471922.png,1,False
point_22967_east,unknown,12.35472732130484,-4.7585782483737935,east,2.24,5.017600025945471,12.35472732130484,-4.7585782483737935,0.33617488,0,point_22967_east_unknown_class_0_12.354727_-4.758578.png,1,False
point_2234_north,unknown,10.95391384514297,-14.2898734,north,2.24,5.017600025946472,10.95391384514297,-14.2898734,1.2686814,1,point_2234_north_unknown_class_1_10.953914_-14.289873.png,1,True
point_21275_south,unknown,6.708104907651314,2.6551433,south,2.24,5.017600025956339,6.708104907651314,2.6551433,0.56599045,1,point_21275_south_unknown_class_1_6.708105_2.655143.png,1,True
point_10390,unknown,9.6618392,39.5179296,original,2.24,5.017600025949557,9.6618392,39.5179296,5.231027,2,point_10390_unknown_class_2_9.661839_39.517930.png,3,False
point_4921_north,unknown,7.1464015369667,3.3268505,north,2.24,5.01760002595491,7.1464015369667,3.3268505,3.349469,2,point_4921_north_unknown_class_2_7.146402_3.326850.png,2,True
point_22021_north,unknown,9.334045136900592,-0.9481226,north,2.24,5.017600025950929,9.334045136900592,-0.9481226,2.0407012,1,point_22021_north_unknown_class_1_9.334045_-0.948123.png,1,True
point_8596_north,unknown,-4.170409404751491,15.2952289,north,2.24,5.017600025958028,-4.170409404751491,15.2952289,7.415504,2,point_8596_north_unknown_class_2_-4.170409_15.295229.png,2,True
point_4397,unknown,14.2777979,39.460877,original,2.24,5.017600025939373,14.2777979,39.460877,5.330443,2,point_4397_unknown_class_2_14.277798_39.460877.png,3,False
point_1512_north,unknown,12.339254602255467,-1.5379561,north,2.24,5.017600025945817,12.339254602255467,-1.5379561,24.87562,3,point_1512_north_unknown_class_3_12.339255_-1.537956.png,3,True
point_20400_south,unknown,6.350295720199584,2.0370597,south,2.24,5.017600025956329,6.350295720199584,2.0370597,0.4824283,0,point_20400_south_unknown_class_0_6.350296_2.037060.png,1,False
point_15036_south,unknown,6.915826081609351,0.290945,south,2.24,5.017600025955481,6.915826081609351,0.290945,1.3924717,1,point_15036_south_unknown_class_1_6.915826_0.290945.png,0,False
point_4889_east,unknown,6.81741307480368,-5.243688005454668,east,2.24,5.017600025954306,6.81741307480368,-5.243688005454668,18.464125,3,point_4889_east_unknown_class_3_6.817413_-5.243688.png,2,False
point_3011_west,unknown,7.442526535409199,3.886574912861243,west,2.24,5.017600025955029,7.442526535409199,3.886574912861243,3.116875,2,point_3011_west_unknown_class_2_7.442527_3.886575.png,2,True
point_19874_south,unknown,15.18368939478838,-9.5254167,south,2.24,5.017600025938268,15.18368939478838,-9.5254167,0.38391042,0,point_19874_south_unknown_class_0_15.183689_-9.525417.png,0,True
point_22613,unknown,6.3552033,1.586937,original,2.24,5.0176000259565,6.3552033,1.586937,0.6618701,1,point_22613_unknown_class_1_6.355203_1.586937.png,0,False
point_12148_north,unknown,0.6641191497821042,33.4640666,north,2.24,5.017600025960268,0.6641191497821042,33.4640666,0.44574234,0,point_12148_north_unknown_class_0_0.664119_33.464067.png,0,True
point_14558,unknown,3.3083014,32.8534267,original,2.24,5.017600025959651,3.3083014,32.8534267,0.3690378,0,point_14558_unknown_class_0_3.308301_32.853427.png,0,True
point_2414_east,unknown,-1.2900230198943052,36.74881362960444,east,2.24,5.017600025959966,-1.2900230198943052,36.74881362960444,27.464659,3,point_2414_east_unknown_class_3_-1.290023_36.748814.png,3,True
point_19615_east,unknown,13.521041345216643,2.216582379396169,east,2.24,5.017600025942037,13.521041345216643,2.216582379396169,2.4626548,2,point_19615_east_unknown_class_2_13.521041_2.216582.png,1,False
point_14780,unknown,9.4977804,-5.6591117,original,2.24,5.017600025951924,9.4977804,-5.6591117,16.114117,3,point_14780_unknown_class_3_9.497780_-5.659112.png,2,False
point_14664_north,unknown,13.595813353023004,-8.0305833,north,2.24,5.017600025941457,13.595813353023004,-8.0305833,0.68277586,1,point_14664_north_unknown_class_1_13.595813_-8.030583.png,1,True
point_1506,unknown,10.2415479,2.6774953,original,2.24,5.017600025947728,10.2415479,2.6774953,0.9847361,1,point_1506_unknown_class_1_10.241548_2.677495.png,1,True
point_2631_south,unknown,-2.2913158539978213,40.9025632,south,2.24,5.017600025959344,-2.2913158539978213,40.9025632,1.6836444,1,point_2631_south_unknown_class_1_-2.291316_40.902563.png,0,False
point_4835_east,unknown,5.271110771847121,-3.574970353013356,east,2.24,5.017600025957038,5.271110771847121,-3.574970353013356,7.7601757,2,point_4835_east_unknown_class_2_5.271111_-3.574970.png,3,False
point_9086_west,unknown,-0.5161213679551238,30.094236426669287,west,2.24,5.017600025960004,-0.5161213679551238,30.094236426669287,0.4140621,0,point_9086_west_unknown_class_0_-0.516121_30.094236.png,1,False
point_19011_south,unknown,-0.3968276670178771,36.0188337,south,2.24,5.017600025960308,-0.3968276670178771,36.0188337,0.8069704,1,point_19011_south_unknown_class_1_-0.396828_36.018834.png,1,True
point_22134,unknown,-3.3342798,37.6148027,original,2.24,5.017600025959967,-3.3342798,37.6148027,0.41634122,0,point_22134_unknown_class_0_-3.334280_37.614803.png,1,False
point_17496_south,unknown,14.519754926326929,-4.115,south,2.24,5.0176000259382585,14.519754926326929,-4.115,2.783068,2,point_17496_south_unknown_class_2_14.519755_-4.115000.png,1,False
point_4069_north,unknown,6.199965211398568,1.2387931,north,2.24,5.017600025957013,6.199965211398568,1.2387931,14.972874,3,point_4069_north_unknown_class_3_6.199965_1.238793.png,3,True
point_4004_east,unknown,6.136468317604693,1.276730951154657,east,2.24,5.017600025956435,6.136468317604693,1.276730951154657,50.321205,3,point_4004_east_unknown_class_3_6.136468_1.276731.png,3,True
point_8342,unknown,11.3791188,-7.5556614,original,2.24,5.017600025945213,11.3791188,-7.5556614,0.38460732,0,point_8342_unknown_class_0_11.379119_-7.555661.png,0,True
point_3889_east,unknown,14.779333062316018,-17.300778956178533,east,2.24,5.017600025938315,14.779333062316018,-17.300778956178533,15.192685,3,point_3889_east_unknown_class_3_14.779333_-17.300779.png,3,True
point_17133_north,unknown,-0.6030086470104796,30.6432293,north,2.24,5.017600025959916,-0.6030086470104796,30.6432293,5.289405,2,point_17133_north_unknown_class_2_-0.603009_30.643229.png,3,False
point_1739,unknown,5.4808768,10.4130095,original,2.24,5.017600025956151,5.4808768,10.4130095,11.94155,3,point_1739_unknown_class_3_5.480877_10.413009.png,3,True
point_10440_east,unknown,6.908297369082531,1.742919538125741,east,2.24,5.017600025955704,6.908297369082531,1.742919538125741,0.6213765,1,point_10440_east_unknown_class_1_6.908297_1.742920.png,1,True
point_19150_north,unknown,2.505401290707564,31.0252264,north,2.24,5.01760002595943,2.505401290707564,31.0252264,0.3097822,0,point_19150_north_unknown_class_0_2.505401_31.025226.png,0,True
point_22354_north,unknown,0.6367432519542918,34.1461808,north,2.24,5.017600025960149,0.6367432519542918,34.1461808,0.47709665,0,point_22354_north_unknown_class_0_0.636743_34.146181.png,1,False
point_20298_east,unknown,13.501851146474223,-2.468859575310673,east,2.24,5.017600025941694,13.501851146474223,-2.468859575310673,0.43166625,0,point_20298_east_unknown_class_0_13.501851_-2.468860.png,0,True
point_6729_east,unknown,7.48659143262827,1.2107399185554046,east,2.24,5.017600025953814,7.48659143262827,1.2107399185554046,0.40100276,0,point_6729_east_unknown_class_0_7.486591_1.210740.png,1,False
point_15993_south,unknown,-1.4582869463598482,37.2492387,south,2.24,5.017600025959356,-1.4582869463598482,37.2492387,1.8369727,1,point_15993_south_unknown_class_1_-1.458287_37.249239.png,2,False
point_10785_south,unknown,5.402908833944141,10.0425835,south,2.24,5.0176000259567415,5.402908833944141,10.0425835,0.40006587,0,point_10785_south_unknown_class_0_5.402909_10.042583.png,1,False
point_22613_north,unknown,6.375458675962401,1.586937,north,2.24,5.017600025955502,6.375458675962401,1.586937,0.56631327,1,point_22613_north_unknown_class_1_6.375459_1.586937.png,1,True
point_4464_north,unknown,-4.207202823829168,15.2627486,north,2.24,5.017600025958293,-4.207202823829168,15.2627486,19.095087,3,point_4464_north_unknown_class_3_-4.207203_15.262749.png,3,True
point_22199,unknown,-1.0580354,37.0330355,original,2.24,5.017600025959808,-1.0580354,37.0330355,3.502833,2,point_22199_unknown_class_2_-1.058035_37.033035.png,1,False
point_3614_north,unknown,14.71290947393878,-17.4324948,north,2.24,5.017600025937832,14.71290947393878,-17.4324948,27.802391,3,point_3614_north_unknown_class_3_14.712909_-17.432495.png,3,True
point_3861_north,unknown,15.680112738144894,-13.260998,north,2.24,5.017600025934225,15.680112738144894,-13.260998,0.65534014,1,point_3861_north_unknown_class_1_15.680113_-13.260998.png,1,True
point_3329_north,unknown,0.405149166614799,32.6259091,north,2.24,5.01760002596076,0.405149166614799,32.6259091,9.568565,2,point_3329_north_unknown_class_2_0.405149_32.625909.png,1,False
point_15872_south,unknown,0.7455730591017504,32.5154769,south,2.24,5.017600025960487,0.7455730591017504,32.5154769,0.8293179,1,point_15872_south_unknown_class_1_0.745573_32.515477.png,1,True
point_1594_east,unknown,11.159427398608768,-4.260282214385878,east,2.24,5.01760002594719,11.159427398608768,-4.260282214385878,8.042942,2,point_1594_east_unknown_class_2_11.159427_-4.260282.png,3,False
point_5944_north,unknown,5.699879476874743,-0.2726065,north,2.24,5.017600025957671,5.699879476874743,-0.2726065,33.58247,3,point_5944_north_unknown_class_3_5.699879_-0.272606.png,2,False
point_2206,unknown,11.3181354,-12.2926479,original,2.24,5.017600025948152,11.3181354,-12.2926479,2.6417375,2,point_2206_unknown_class_2_11.318135_-12.292648.png,2,True
point_21439_south,unknown,6.815444996895544,3.6589,south,2.24,5.017600025955365,6.815444996895544,3.6589,2.0262237,1,point_21439_south_unknown_class_1_6.815445_3.658900.png,1,True
point_11931,unknown,6.5135884,0.4989295,original,2.24,5.017600025955799,6.5135884,0.4989295,1.2331275,1,point_11931_unknown_class_1_6.513588_0.498930.png,1,True
point_3826_north,unknown,14.861412613936976,-15.8685134,north,2.24,5.017600025938393,14.861412613936976,-15.8685134,38.58729,3,point_3826_north_unknown_class_3_14.861413_-15.868513.png,3,True
point_3147,unknown,0.274224,32.5655841,original,2.24,5.017600025959392,0.274224,32.5655841,15.118287,3,point_3147_unknown_class_3_0.274224_32.565584.png,3,True
point_4627_east,unknown,0.4930210693894415,29.49459060235942,east,2.24,5.017600025960257,0.4930210693894415,29.49459060235942,0.9378983,1,point_4627_east_unknown_class_1_0.493021_29.494591.png,1,True
point_3094_north,unknown,6.47879929446807,7.49453,north,2.24,5.017600025955914,6.47879929446807,7.49453,7.6493907,2,point_3094_north_unknown_class_2_6.478799_7.494530.png,3,False
point_16527_north,unknown,1.6970732999946132,31.625592,north,2.24,5.01760002595963,1.6970732999946132,31.625592,0.31249437,0,point_16527_north_unknown_class_0_1.697073_31.625592.png,0,True
point_6832,unknown,6.6040083,1.6290285,original,2.24,5.01760002595611,6.6040083,1.6290285,0.4427936,0,point_6832_unknown_class_0_6.604008_1.629028.png,1,False
point_15891_north,unknown,0.8110667365354298,32.5321352,north,2.24,5.017600025959157,0.8110667365354298,32.5321352,0.6562456,1,point_15891_north_unknown_class_1_0.811067_32.532135.png,0,False
point_4457_north,unknown,-4.222903632020679,15.2853897,north,2.24,5.017600025958294,-4.222903632020679,15.2853897,24.5988,3,point_4457_north_unknown_class_3_-4.222904_15.285390.png,3,True
point_1022_north,unknown,9.415822443680174,-0.8479453,north,2.24,5.017600025951666,9.415822443680174,-0.8479453,21.983295,3,point_1022_north_unknown_class_3_9.415822_-0.847945.png,3,True
point_20908_west,unknown,6.507090094322924,2.5753829369029844,west,2.24,5.017600025955932,6.507090094322924,2.5753829369029844,2.2114935,1,point_20908_west_unknown_class_1_6.507090_2.575383.png,1,True
point_1617_east,unknown,12.061518840328045,0.3834368060110601,east,2.24,5.0176000259438185,12.061518840328045,0.3834368060110601,4.1022058,2,point_1617_east_unknown_class_2_12.061519_0.383437.png,2,True
point_6716_north,unknown,5.763040732388783,-0.0493791,north,2.24,5.017600025956553,5.763040732388783,-0.0493791,21.01928,3,point_6716_north_unknown_class_3_5.763041_-0.049379.png,3,True
point_1839,unknown,0.3865423,9.4445137,original,2.24,5.017600025960164,0.3865423,9.4445137,16.974787,3,point_1839_unknown_class_3_0.386542_9.444514.png,2,False
point_6635_east,unknown,3.0982659074600827,30.99016312095468,east,2.24,5.017600025959101,3.0982659074600827,30.99016312095468,0.34812433,0,point_6635_east_unknown_class_0_3.098266_30.990163.png,0,True
point_19867_west,unknown,9.79043358640022,1.081193328486218,west,2.24,5.017600025950501,9.79043358640022,1.081193328486218,0.41373494,0,point_19867_west_unknown_class_0_9.790434_1.081193.png,1,False
point_17293,unknown,0.3455649,32.0010369,original,2.24,5.017600025959964,0.3455649,32.0010369,0.36969125,0,point_17293_unknown_class_0_0.345565_32.001037.png,0,True
point_3615_west,unknown,14.708260767022484,-17.502099495498125,west,2.24,5.017600025938445,14.708260767022484,-17.502099495498125,3.3047922,2,point_3615_west_unknown_class_2_14.708261_-17.502099.png,2,True
point_2990_west,unknown,9.014785035826597,7.400116552089568,west,2.24,5.017600025952626,9.014785035826597,7.400116552089568,8.401346,2,point_2990_west_unknown_class_2_9.014785_7.400117.png,2,True
point_3697_east,unknown,14.736049365182652,-17.431151370284077,east,2.24,5.017600025935512,14.736049365182652,-17.431151370284077,22.15306,3,point_3697_east_unknown_class_3_14.736049_-17.431151.png,3,True
point_3382_east,unknown,0.6537430594098492,30.29568546349908,east,2.24,5.017600025960291,0.6537430594098492,30.29568546349908,2.4355128,2,point_3382_east_unknown_class_2_0.653743_30.295685.png,1,False
point_16017_south,unknown,11.80784645546294,13.1087693,south,2.24,5.017600025946403,11.80784645546294,13.1087693,4.7912145,2,point_16017_south_unknown_class_2_11.807846_13.108769.png,2,True
point_2805_east,unknown,12.581277006578295,-7.925271248883089,east,2.24,5.017600025944048,12.581277006578295,-7.925271248883089,19.718567,3,point_2805_east_unknown_class_3_12.581277_-7.925271.png,3,True
point_1001_north,unknown,6.705548411135744,-1.5845007,north,2.24,5.017600025955805,6.705548411135744,-1.5845007,26.087925,3,point_1001_north_unknown_class_3_6.705548_-1.584501.png,3,True
point_8807_south,unknown,0.5728026447719232,34.4686564,south,2.24,5.017600025959102,0.5728026447719232,34.4686564,0.46131653,0,point_8807_south_unknown_class_0_0.572803_34.468656.png,1,False
point_4427_east,unknown,-4.314546431638813,15.323865967309708,east,2.24,5.017600025958393,-4.314546431638813,15.323865967309708,24.602318,3,point_4427_east_unknown_class_3_-4.314546_15.323866.png,3,True
point_2989_north,unknown,9.036900469010249,7.4224001,north,2.24,5.017600025952318,9.036900469010249,7.4224001,8.430863,2,point_2989_north_unknown_class_2_9.036900_7.422400.png,2,True
point_6475_east,unknown,2.925819518195096,30.977788651129995,east,2.24,5.017600025958956,2.925819518195096,30.977788651129995,0.64281964,1,point_6475_east_unknown_class_1_2.925820_30.977789.png,1,True
point_14177,unknown,10.1064093,14.4378849,original,2.24,5.017600025949228,10.1064093,14.4378849,1.5519923,1,point_14177_unknown_class_1_10.106409_14.437885.png,2,False
point_10812_north,unknown,9.82008717133948,-13.4330714,north,2.24,5.017600025950753,9.82008717133948,-13.4330714,0.5647878,1,point_10812_north_unknown_class_1_9.820087_-13.433071.png,1,True
point_14675_north,unknown,11.989801412910806,-1.3012815,north,2.24,5.017600025945111,11.989801412910806,-1.3012815,0.37893754,0,point_14675_north_unknown_class_0_11.989801_-1.301281.png,0,True
point_20021,unknown,-0.4917373,36.8847979,original,2.24,5.017600025959951,-0.4917373,36.8847979,1.0637043,1,point_20021_unknown_class_1_-0.491737_36.884798.png,0,False
point_2730_west,unknown,6.062941022219782,-8.168056794392852,west,2.24,5.0176000259566775,6.062941022219782,-8.168056794392852,0.36767828,0,point_2730_west_unknown_class_0_6.062941_-8.168057.png,0,True
point_13874_north,unknown,1.4280768517229074,34.3507043,north,2.24,5.017600025959832,1.4280768517229074,34.3507043,0.3444693,0,point_13874_north_unknown_class_0_1.428077_34.350704.png,0,True
point_13717,unknown,-5.8910786,22.4171816,original,2.24,5.017600025956838,-5.8910786,22.4171816,0.8093994,1,point_13717_unknown_class_1_-5.891079_22.417182.png,1,True
point_6200_south,unknown,11.015749863874872,20.2875476,south,2.24,5.017600025948331,11.015749863874872,20.2875476,0.37750378,0,point_6200_south_unknown_class_0_11.015750_20.287548.png,1,False
point_8945_north,unknown,0.8410286335061632,33.5887279,north,2.24,5.017600025960209,0.8410286335061632,33.5887279,0.3350034,0,point_8945_north_unknown_class_0_0.841029_33.588728.png,0,True
point_22644_north,unknown,-3.361997327523553,38.5754761,north,2.24,5.01760002595946,-3.361997327523553,38.5754761,0.985833,1,point_22644_north_unknown_class_1_-3.361997_38.575476.png,1,True
point_2897_south,unknown,12.659277308192667,-8.0613501,south,2.24,5.017600025945161,12.659277308192667,-8.0613501,2.0844123,1,point_2897_south_unknown_class_1_12.659277_-8.061350.png,1,True
point_17782_north,unknown,-1.4115019489248457,29.5397354,north,2.24,5.017600025959623,-1.4115019489248457,29.5397354,0.3096839,0,point_17782_north_unknown_class_0_-1.411502_29.539735.png,0,True
point_1143_east,unknown,7.334834342203375,-2.299604625647989,east,2.24,5.017600025953658,7.334834342203375,-2.299604625647989,14.544801,3,point_1143_east_unknown_class_3_7.334834_-2.299605.png,2,False
point_10364_south,unknown,10.858189855305438,0.282442,south,2.24,5.017600025947921,10.858189855305438,0.282442,0.5979535,1,point_10364_south_unknown_class_1_10.858190_0.282442.png,0,False
point_14946_north,unknown,6.82168221483786,0.5820057,north,2.24,5.017600025954558,6.82168221483786,0.5820057,0.60548216,1,point_14946_north_unknown_class_1_6.821682_0.582006.png,1,True
point_19881_north,unknown,6.881333164743943,1.184438,north,2.24,5.017600025954175,6.881333164743943,1.184438,0.39674747,0,point_19881_north_unknown_class_0_6.881333_1.184438.png,0,True
point_4525_north,unknown,-4.702892397012618,11.8653148,north,2.24,5.0176000259578535,-4.702892397012618,11.8653148,5.4161263,2,point_4525_north_unknown_class_2_-4.702892_11.865315.png,2,True
point_21558_south,unknown,6.845293121958331,37.7551656,south,2.24,5.01760002595567,6.845293121958331,37.7551656,4.324047,2,point_21558_south_unknown_class_2_6.845293_37.755166.png,2,True
